version,level,scale,gender,age_group,raw,T,T_int_lo,T_int_hi,pctl_med,extrapolation
sf,domain,antagonism,all,all,0,37.9,37.8,44.1,0.1133,0
sf,domain,antagonism,all,all,0.0833,40.9,38.3,48.3,0.1819,0
sf,domain,antagonism,all,all,0.1667,43.6,39.5,50.6,0.2598,0
sf,domain,antagonism,all,all,0.25,45.9,41,52.5,0.3406,0
sf,domain,antagonism,all,all,0.3333,48,42.6,54.4,0.4204,0
sf,domain,antagonism,all,all,0.4167,49.9,44.1,56,0.4964,0
sf,domain,antagonism,all,all,0.5,51.7,45.6,57.7,0.568,0
sf,domain,antagonism,all,all,0.5833,53.4,47.1,59.2,0.6338,0
sf,domain,antagonism,all,all,0.6667,55,48.5,60.8,0.6929,0
sf,domain,antagonism,all,all,0.75,56.7,49.9,62.3,0.7473,0
sf,domain,antagonism,all,all,0.8333,58.2,51.2,63.8,0.7951,0
sf,domain,antagonism,all,all,0.9167,59.9,52.7,65.4,0.8378,0
sf,domain,antagonism,all,all,1,61.5,54,66.8,0.874,0
sf,domain,antagonism,all,all,1.0833,63.1,55.3,68.2,0.9047,0
sf,domain,antagonism,all,all,1.1667,64.7,56.7,69.6,0.9293,0
sf,domain,antagonism,all,all,1.25,66.3,58,71,0.9487,0
sf,domain,antagonism,all,all,1.3333,67.9,59.4,72.2,0.9634,0
sf,domain,antagonism,all,all,1.4167,69.4,60.8,73.5,0.9741,0
sf,domain,antagonism,all,all,1.5,70.9,62.2,74.6,0.9817,0
sf,domain,antagonism,all,all,1.5833,72.3,63.6,75.8,0.9872,0
sf,domain,antagonism,all,all,1.6667,73.6,65.1,76.9,0.9909,0
sf,domain,antagonism,all,all,1.75,75,66.5,77.9,0.9937,0
sf,domain,antagonism,all,all,1.8333,76.2,67.9,78.9,0.9956,1
sf,domain,antagonism,all,all,1.9167,77.3,69.3,79.8,0.9969,1
sf,domain,antagonism,all,all,2,78.4,70.7,80.7,0.9978,1
sf,domain,antagonism,all,all,2.0833,79.6,72.1,81.3,0.9984,1
sf,domain,antagonism,all,all,2.1667,80.5,73.4,81.9,0.9989,1
sf,domain,antagonism,all,all,2.25,81.1,74.7,82.4,0.9991,1
sf,domain,antagonism,all,all,2.3333,82.4,76,82.9,0.9994,1
sf,domain,antagonism,all,all,2.4167,82.4,77.2,83.5,0.9994,1
sf,domain,antagonism,all,all,2.5,82.4,78.5,84.4,0.9994,1
sf,domain,antagonism,all,all,2.5833,82.4,79.6,85.5,0.9994,1
sf,domain,antagonism,all,all,2.6667,82.4,80.8,86.8,0.9994,1
sf,domain,antagonism,all,all,2.75,87.2,81.7,87.2,1,1
sf,domain,antagonism,all,all,2.8333,87.2,82.5,87.2,1,1
sf,domain,antagonism,all,all,2.9167,87.2,83.5,87.2,1,1
sf,domain,antagonism,all,all,3,87.2,84.8,87.2,1,1
sf,domain,antagonism,f,"[18,35)",0,36.1,35.6,42.2,0.0827,0
sf,domain,antagonism,f,"[18,35)",0.0833,38.9,36.5,46.3,0.1344,0
sf,domain,antagonism,f,"[18,35)",0.1667,41.5,37.7,48.6,0.1964,0
sf,domain,antagonism,f,"[18,35)",0.25,43.7,39.2,50.7,0.2645,0
sf,domain,antagonism,f,"[18,35)",0.3333,45.7,40.7,52.5,0.3353,0
sf,domain,antagonism,f,"[18,35)",0.4167,47.6,42.2,54.3,0.4061,0
sf,domain,antagonism,f,"[18,35)",0.5,49.4,43.6,55.9,0.478,0
sf,domain,antagonism,f,"[18,35)",0.5833,51.2,45.1,57.6,0.5482,0
sf,domain,antagonism,f,"[18,35)",0.6667,53,46.5,59,0.6172,0
sf,domain,antagonism,f,"[18,35)",0.75,54.8,47.9,60.5,0.6827,0
sf,domain,antagonism,f,"[18,35)",0.8333,56.4,49.2,61.9,0.7395,0
sf,domain,antagonism,f,"[18,35)",0.9167,58,50.5,63.3,0.7894,0
sf,domain,antagonism,f,"[18,35)",1,59.5,52,64.8,0.8299,0
sf,domain,antagonism,f,"[18,35)",1.0833,61,53.3,66.2,0.8647,0
sf,domain,antagonism,f,"[18,35)",1.1667,62.5,54.9,67.7,0.8952,0
sf,domain,antagonism,f,"[18,35)",1.25,64.1,56.3,69.1,0.9205,0
sf,domain,antagonism,f,"[18,35)",1.3333,65.7,57.7,70.4,0.9421,0
sf,domain,antagonism,f,"[18,35)",1.4167,67.3,59,71.5,0.9583,0
sf,domain,antagonism,f,"[18,35)",1.5,68.9,60.4,72.5,0.9705,0
sf,domain,antagonism,f,"[18,35)",1.5833,70.4,61.7,73.5,0.9793,0
sf,domain,antagonism,f,"[18,35)",1.6667,71.3,63.1,74.3,0.9836,0
sf,domain,antagonism,f,"[18,35)",1.75,72.2,64.5,75.2,0.9869,0
sf,domain,antagonism,f,"[18,35)",1.8333,73.3,65.8,76.4,0.9902,0
sf,domain,antagonism,f,"[18,35)",1.9167,74.8,67.4,77.9,0.9934,0
sf,domain,antagonism,f,"[18,35)",2,74.8,68.8,79.5,0.9934,0
sf,domain,antagonism,f,"[18,35)",2.0833,77.2,70.2,81.4,0.9967,1
sf,domain,antagonism,f,"[18,35)",2.1667,77.2,71.6,83.8,0.9967,1
sf,domain,antagonism,f,"[18,35)",2.25,87.2,72.7,85.7,1,1
sf,domain,antagonism,f,"[18,35)",2.3333,87.2,73.8,87.2,1,1
sf,domain,antagonism,f,"[18,35)",2.4167,87.2,74.9,87.2,1,1
sf,domain,antagonism,f,"[18,35)",2.5,87.2,75.9,87.2,1,1
sf,domain,antagonism,f,"[18,35)",2.5833,87.2,77.1,87.2,1,1
sf,domain,antagonism,f,"[18,35)",2.6667,87.2,78.4,87.2,1,1
sf,domain,antagonism,f,"[18,35)",2.75,87.2,80.3,87.2,1,1
sf,domain,antagonism,f,"[18,35)",2.8333,87.2,82.2,87.2,1,1
sf,domain,antagonism,f,"[18,35)",2.9167,87.2,84.1,87.2,1,1
sf,domain,antagonism,f,"[18,35)",3,87.2,86.3,87.2,1,1
sf,domain,antagonism,f,"[35,50)",0,38.9,38.7,45.1,0.1339,0
sf,domain,antagonism,f,"[35,50)",0.0833,42,39.3,49.4,0.2111,0
sf,domain,antagonism,f,"[35,50)",0.1667,44.7,40.5,51.7,0.2972,0
sf,domain,antagonism,f,"[35,50)",0.25,47.1,42,53.8,0.3841,0
sf,domain,antagonism,f,"[35,50)",0.3333,49.2,43.6,55.6,0.4696,0
sf,domain,antagonism,f,"[35,50)",0.4167,51.2,45.1,57.2,0.5478,0
sf,domain,antagonism,f,"[35,50)",0.5,53,46.7,58.8,0.6183,0
sf,domain,antagonism,f,"[35,50)",0.5833,54.7,48.2,60.4,0.6821,0
sf,domain,antagonism,f,"[35,50)",0.6667,56.4,49.6,62,0.7381,0
sf,domain,antagonism,f,"[35,50)",0.75,57.9,51,63.7,0.7861,0
sf,domain,antagonism,f,"[35,50)",0.8333,59.5,52.4,65.3,0.8296,0
sf,domain,antagonism,f,"[35,50)",0.9167,61.2,53.8,66.9,0.8683,0
sf,domain,antagonism,f,"[35,50)",1,62.9,55.2,68.6,0.9012,0
sf,domain,antagonism,f,"[35,50)",1.0833,64.6,56.5,70.1,0.9275,0
sf,domain,antagonism,f,"[35,50)",1.1667,66.3,57.9,71.7,0.9489,0
sf,domain,antagonism,f,"[35,50)",1.25,68.2,59.2,73.1,0.9657,0
sf,domain,antagonism,f,"[35,50)",1.3333,69.9,60.5,74.4,0.9769,0
sf,domain,antagonism,f,"[35,50)",1.4167,71.7,61.9,75.4,0.9848,0
sf,domain,antagonism,f,"[35,50)",1.5,73.3,63.4,76.4,0.9901,0
sf,domain,antagonism,f,"[35,50)",1.5833,75.2,64.9,77.3,0.9941,0
sf,domain,antagonism,f,"[35,50)",1.6667,76.3,66.3,78.3,0.9957,1
sf,domain,antagonism,f,"[35,50)",1.75,76.6,67.9,79.6,0.996,1
sf,domain,antagonism,f,"[35,50)",1.8333,78.8,69.6,81.4,0.998,1
sf,domain,antagonism,f,"[35,50)",1.9167,78.8,71.1,83.4,0.998,1
sf,domain,antagonism,f,"[35,50)",2,78.8,72.7,85.5,0.998,1
sf,domain,antagonism,f,"[35,50)",2.0833,87.2,74.2,87.1,1,1
sf,domain,antagonism,f,"[35,50)",2.1667,87.2,75.5,87.2,1,1
sf,domain,antagonism,f,"[35,50)",2.25,87.2,76.6,87.2,1,1
sf,domain,antagonism,f,"[35,50)",2.3333,87.2,77.6,87.2,1,1
sf,domain,antagonism,f,"[35,50)",2.4167,87.2,78.7,87.2,1,1
sf,domain,antagonism,f,"[35,50)",2.5,87.2,80.1,87.2,1,1
sf,domain,antagonism,f,"[35,50)",2.5833,87.2,81.7,87.2,1,1
sf,domain,antagonism,f,"[35,50)",2.6667,87.2,83.3,87.2,1,1
sf,domain,antagonism,f,"[35,50)",2.75,87.2,85.2,87.2,1,1
sf,domain,antagonism,f,"[35,50)",2.8333,87.2,85.9,87.2,1,1
sf,domain,antagonism,f,"[35,50)",2.9167,87.2,87.2,87.2,1,1
sf,domain,antagonism,f,"[35,50)",3,87.2,87.2,87.2,1,1
sf,domain,antagonism,f,"[50,65)",0,40.7,40.5,47.1,0.1767,0
sf,domain,antagonism,f,"[50,65)",0.0833,44,41.1,51.7,0.2756,0
sf,domain,antagonism,f,"[50,65)",0.1667,47,42.3,54.3,0.3808,0
sf,domain,antagonism,f,"[50,65)",0.25,49.5,44,56.4,0.4804,0
sf,domain,antagonism,f,"[50,65)",0.3333,51.8,45.6,58.4,0.5724,0
sf,domain,antagonism,f,"[50,65)",0.4167,53.9,47.3,60.2,0.6531,0
sf,domain,antagonism,f,"[50,65)",0.5,55.9,48.8,62.1,0.7225,0
sf,domain,antagonism,f,"[50,65)",0.5833,57.8,50.5,63.8,0.7814,0
sf,domain,antagonism,f,"[50,65)",0.6667,59.6,52,65.4,0.8318,0
sf,domain,antagonism,f,"[50,65)",0.75,61.4,53.5,67.1,0.8731,0
sf,domain,antagonism,f,"[50,65)",0.8333,63.2,54.9,68.7,0.9072,0
sf,domain,antagonism,f,"[50,65)",0.9167,65,56.4,70.2,0.9335,0
sf,domain,antagonism,f,"[50,65)",1,66.7,57.9,71.7,0.953,0
sf,domain,antagonism,f,"[50,65)",1.0833,68.5,59.3,73.2,0.9676,0
sf,domain,antagonism,f,"[50,65)",1.1667,70.2,60.8,74.8,0.9781,0
sf,domain,antagonism,f,"[50,65)",1.25,71.8,62.3,76.3,0.9854,0
sf,domain,antagonism,f,"[50,65)",1.3333,73.5,63.8,78.1,0.9906,0
sf,domain,antagonism,f,"[50,65)",1.4167,75.1,65.3,80,0.9939,0
sf,domain,antagonism,f,"[50,65)",1.5,76.8,66.8,82,0.9963,1
sf,domain,antagonism,f,"[50,65)",1.5833,78.8,68.3,84.2,0.998,1
sf,domain,antagonism,f,"[50,65)",1.6667,80.3,69.9,86.2,0.9988,1
sf,domain,antagonism,f,"[50,65)",1.75,87.2,71.2,87.1,1,1
sf,domain,antagonism,f,"[50,65)",1.8333,87.2,72.8,87.2,1,1
sf,domain,antagonism,f,"[50,65)",1.9167,87.2,74.2,87.2,1,1
sf,domain,antagonism,f,"[50,65)",2,87.2,75.7,87.2,1,1
sf,domain,antagonism,f,"[50,65)",2.0833,87.2,77.2,87.2,1,1
sf,domain,antagonism,f,"[50,65)",2.1667,87.2,79,87.2,1,1
sf,domain,antagonism,f,"[50,65)",2.25,87.2,80.8,87.2,1,1
sf,domain,antagonism,f,"[50,65)",2.3333,87.2,82.6,87.2,1,1
sf,domain,antagonism,f,"[50,65)",2.4167,87.2,84.4,87.2,1,1
sf,domain,antagonism,f,"[50,65)",2.5,87.2,86.1,87.2,1,1
sf,domain,antagonism,f,"[50,65)",2.5833,87.2,87,87.2,1,1
sf,domain,antagonism,f,"[50,65)",2.6667,87.2,87.2,87.2,1,1
sf,domain,antagonism,f,"[50,65)",2.75,87.2,87.2,87.2,1,1
sf,domain,antagonism,f,"[50,65)",2.8333,87.2,87.2,87.2,1,1
sf,domain,antagonism,f,"[50,65)",2.9167,87.2,87.2,87.2,1,1
sf,domain,antagonism,f,"[50,65)",3,87.2,87.2,87.2,1,1
sf,domain,antagonism,f,"[65,Inf)",0,41.1,40.9,47.7,0.1875,0
sf,domain,antagonism,f,"[65,Inf)",0.0833,44.5,41.5,52.6,0.2912,0
sf,domain,antagonism,f,"[65,Inf)",0.1667,47.6,42.8,55.3,0.4037,0
sf,domain,antagonism,f,"[65,Inf)",0.25,50.3,44.5,57.5,0.5127,0
sf,domain,antagonism,f,"[65,Inf)",0.3333,52.8,46.1,59.6,0.6087,0
sf,domain,antagonism,f,"[65,Inf)",0.4167,55,47.8,61.4,0.6932,0
sf,domain,antagonism,f,"[65,Inf)",0.5,57.1,49.5,63.3,0.7623,0
sf,domain,antagonism,f,"[65,Inf)",0.5833,59.1,51.1,64.9,0.8179,0
sf,domain,antagonism,f,"[65,Inf)",0.6667,61,52.8,66.7,0.8637,0
sf,domain,antagonism,f,"[65,Inf)",0.75,62.8,54.3,68.3,0.8996,0
sf,domain,antagonism,f,"[65,Inf)",0.8333,64.6,56,69.9,0.9281,0
sf,domain,antagonism,f,"[65,Inf)",0.9167,66.4,57.4,71.5,0.9491,0
sf,domain,antagonism,f,"[65,Inf)",1,68.1,58.9,73.2,0.9652,0
sf,domain,antagonism,f,"[65,Inf)",1.0833,69.9,60.5,74.7,0.9768,0
sf,domain,antagonism,f,"[65,Inf)",1.1667,71.8,62,76.1,0.9852,0
sf,domain,antagonism,f,"[65,Inf)",1.25,73.6,63.4,77.5,0.9909,0
sf,domain,antagonism,f,"[65,Inf)",1.3333,75.5,64.9,78.7,0.9947,0
sf,domain,antagonism,f,"[65,Inf)",1.4167,77.2,66.5,80.3,0.9968,1
sf,domain,antagonism,f,"[65,Inf)",1.5,77.9,67.9,82.1,0.9973,1
sf,domain,antagonism,f,"[65,Inf)",1.5833,79.5,69.4,84.1,0.9984,1
sf,domain,antagonism,f,"[65,Inf)",1.6667,87.2,71,86.1,1,1
sf,domain,antagonism,f,"[65,Inf)",1.75,87.2,72.7,87.2,1,1
sf,domain,antagonism,f,"[65,Inf)",1.8333,87.2,74.2,87.2,1,1
sf,domain,antagonism,f,"[65,Inf)",1.9167,87.2,75.6,87.2,1,1
sf,domain,antagonism,f,"[65,Inf)",2,87.2,77,87.2,1,1
sf,domain,antagonism,f,"[65,Inf)",2.0833,87.2,78.4,87.2,1,1
sf,domain,antagonism,f,"[65,Inf)",2.1667,87.2,79.7,87.2,1,1
sf,domain,antagonism,f,"[65,Inf)",2.25,87.2,81.3,87.2,1,1
sf,domain,antagonism,f,"[65,Inf)",2.3333,87.2,83,87.2,1,1
sf,domain,antagonism,f,"[65,Inf)",2.4167,87.2,84.6,87.2,1,1
sf,domain,antagonism,f,"[65,Inf)",2.5,87.2,86,87.2,1,1
sf,domain,antagonism,f,"[65,Inf)",2.5833,87.2,86.9,87.2,1,1
sf,domain,antagonism,f,"[65,Inf)",2.6667,87.2,87.2,87.2,1,1
sf,domain,antagonism,f,"[65,Inf)",2.75,87.2,87.2,87.2,1,1
sf,domain,antagonism,f,"[65,Inf)",2.8333,87.2,87.2,87.2,1,1
sf,domain,antagonism,f,"[65,Inf)",2.9167,87.2,87.2,87.2,1,1
sf,domain,antagonism,f,"[65,Inf)",3,87.2,87.2,87.2,1,1
sf,domain,antagonism,m,"[18,35)",0,31.4,30.8,38.4,0.0316,0
sf,domain,antagonism,m,"[18,35)",0.0833,34.2,32,42.4,0.0572,0
sf,domain,antagonism,m,"[18,35)",0.1667,36.7,33.3,44.8,0.0925,0
sf,domain,antagonism,m,"[18,35)",0.25,39.1,34.8,46.8,0.1377,0
sf,domain,antagonism,m,"[18,35)",0.3333,41.3,36.3,48.6,0.1909,0
sf,domain,antagonism,m,"[18,35)",0.4167,43.3,37.8,50.3,0.2518,0
sf,domain,antagonism,m,"[18,35)",0.5,45.1,39.4,52.1,0.3129,0
sf,domain,antagonism,m,"[18,35)",0.5833,46.9,40.9,53.8,0.3787,0
sf,domain,antagonism,m,"[18,35)",0.6667,48.6,42.4,55.5,0.4433,0
sf,domain,antagonism,m,"[18,35)",0.75,50.3,43.9,57.1,0.5101,0
sf,domain,antagonism,m,"[18,35)",0.8333,52,45.3,58.7,0.5785,0
sf,domain,antagonism,m,"[18,35)",0.9167,53.7,46.7,60.3,0.6454,0
sf,domain,antagonism,m,"[18,35)",1,55.5,48,61.7,0.7098,0
sf,domain,antagonism,m,"[18,35)",1.0833,57.3,49.4,63.2,0.7679,0
sf,domain,antagonism,m,"[18,35)",1.1667,59.1,50.9,64.5,0.8173,0
sf,domain,antagonism,m,"[18,35)",1.25,60.8,52.3,65.8,0.8594,0
sf,domain,antagonism,m,"[18,35)",1.3333,62.4,53.7,67,0.8922,0
sf,domain,antagonism,m,"[18,35)",1.4167,63.9,55.3,68.2,0.9181,0
sf,domain,antagonism,m,"[18,35)",1.5,65.4,56.8,69.5,0.9384,0
sf,domain,antagonism,m,"[18,35)",1.5833,66.6,58.4,70.8,0.952,0
sf,domain,antagonism,m,"[18,35)",1.6667,68,59.8,72,0.9643,0
sf,domain,antagonism,m,"[18,35)",1.75,69.4,61.4,73,0.974,0
sf,domain,antagonism,m,"[18,35)",1.8333,70.8,62.9,74,0.9813,0
sf,domain,antagonism,m,"[18,35)",1.9167,72.1,64.2,74.7,0.9863,0
sf,domain,antagonism,m,"[18,35)",2,73.2,65.6,75.2,0.9899,0
sf,domain,antagonism,m,"[18,35)",2.0833,73.8,66.8,75.6,0.9913,0
sf,domain,antagonism,m,"[18,35)",2.1667,75.7,68.1,75.8,0.995,0
sf,domain,antagonism,m,"[18,35)",2.25,75.7,69.5,76.2,0.995,0
sf,domain,antagonism,m,"[18,35)",2.3333,75.7,70.9,76.6,0.995,0
sf,domain,antagonism,m,"[18,35)",2.4167,75.7,72.2,77.6,0.995,0
sf,domain,antagonism,m,"[18,35)",2.5,75.7,73.4,78.7,0.995,0
sf,domain,antagonism,m,"[18,35)",2.5833,75.7,74.5,79.9,0.995,0
sf,domain,antagonism,m,"[18,35)",2.6667,75.7,75.2,81.7,0.995,0
sf,domain,antagonism,m,"[18,35)",2.75,87.2,75.8,82.9,1,1
sf,domain,antagonism,m,"[18,35)",2.8333,87.2,76.4,85.1,1,1
sf,domain,antagonism,m,"[18,35)",2.9167,87.2,77.3,87.2,1,1
sf,domain,antagonism,m,"[18,35)",3,87.2,78.8,87.2,1,1
sf,domain,antagonism,m,"[35,50)",0,34.2,33.8,40.9,0.0571,0
sf,domain,antagonism,m,"[35,50)",0.0833,37.1,34.7,45,0.0978,0
sf,domain,antagonism,m,"[35,50)",0.1667,39.7,35.9,47.6,0.1508,0
sf,domain,antagonism,m,"[35,50)",0.25,42,37.5,49.7,0.2108,0
sf,domain,antagonism,m,"[35,50)",0.3333,44.2,39,51.6,0.2802,0
sf,domain,antagonism,m,"[35,50)",0.4167,46.3,40.6,53.5,0.3542,0
sf,domain,antagonism,m,"[35,50)",0.5,48.2,42.1,55.1,0.4297,0
sf,domain,antagonism,m,"[35,50)",0.5833,50.1,43.5,56.8,0.5055,0
sf,domain,antagonism,m,"[35,50)",0.6667,52,45,58.4,0.5778,0
sf,domain,antagonism,m,"[35,50)",0.75,53.8,46.6,60,0.6469,0
sf,domain,antagonism,m,"[35,50)",0.8333,55.5,48,61.6,0.7097,0
sf,domain,antagonism,m,"[35,50)",0.9167,57.2,49.5,63.2,0.764,0
sf,domain,antagonism,m,"[35,50)",1,58.9,50.9,64.9,0.8128,0
sf,domain,antagonism,m,"[35,50)",1.0833,60.6,52.5,66.5,0.8559,0
sf,domain,antagonism,m,"[35,50)",1.1667,62.3,54,68.2,0.8913,0
sf,domain,antagonism,m,"[35,50)",1.25,64.1,55.5,69.9,0.9213,0
sf,domain,antagonism,m,"[35,50)",1.3333,66,56.9,71.6,0.945,0
sf,domain,antagonism,m,"[35,50)",1.4167,67.8,58.3,73.2,0.9628,0
sf,domain,antagonism,m,"[35,50)",1.5,69.7,59.8,74.9,0.9757,0
sf,domain,antagonism,m,"[35,50)",1.5833,71.7,61.3,76.5,0.9849,0
sf,domain,antagonism,m,"[35,50)",1.6667,73.5,62.8,78.2,0.9907,0
sf,domain,antagonism,m,"[35,50)",1.75,75.3,64.3,80.1,0.9943,0
sf,domain,antagonism,m,"[35,50)",1.8333,78.5,65.9,82,0.9978,1
sf,domain,antagonism,m,"[35,50)",1.9167,78.5,67.5,84.6,0.9978,1
sf,domain,antagonism,m,"[35,50)",2,87.2,69.1,86.2,1,1
sf,domain,antagonism,m,"[35,50)",2.0833,87.2,70.8,87.2,1,1
sf,domain,antagonism,m,"[35,50)",2.1667,87.2,72.5,87.2,1,1
sf,domain,antagonism,m,"[35,50)",2.25,87.2,74.2,87.2,1,1
sf,domain,antagonism,m,"[35,50)",2.3333,87.2,75.9,87.2,1,1
sf,domain,antagonism,m,"[35,50)",2.4167,87.2,77.7,87.2,1,1
sf,domain,antagonism,m,"[35,50)",2.5,87.2,79.5,87.2,1,1
sf,domain,antagonism,m,"[35,50)",2.5833,87.2,81.3,87.2,1,1
sf,domain,antagonism,m,"[35,50)",2.6667,87.2,83.3,87.2,1,1
sf,domain,antagonism,m,"[35,50)",2.75,87.2,85.3,87.2,1,1
sf,domain,antagonism,m,"[35,50)",2.8333,87.2,86.9,87.2,1,1
sf,domain,antagonism,m,"[35,50)",2.9167,87.2,87.2,87.2,1,1
sf,domain,antagonism,m,"[35,50)",3,87.2,87.2,87.2,1,1
sf,domain,antagonism,m,"[50,65)",0,36.7,36.5,43.5,0.092,0
sf,domain,antagonism,m,"[50,65)",0.0833,39.9,37.2,47.7,0.1562,0
sf,domain,antagonism,m,"[50,65)",0.1667,42.7,38.4,50.1,0.2323,0
sf,domain,antagonism,m,"[50,65)",0.25,45.1,40.1,52.1,0.3138,0
sf,domain,antagonism,m,"[50,65)",0.3333,47.3,41.7,54,0.3944,0
sf,domain,antagonism,m,"[50,65)",0.4167,49.3,43.3,55.7,0.4729,0
sf,domain,antagonism,m,"[50,65)",0.5,51.2,44.9,57.4,0.5482,0
sf,domain,antagonism,m,"[50,65)",0.5833,53,46.4,59,0.6162,0
sf,domain,antagonism,m,"[50,65)",0.6667,54.7,47.9,60.7,0.6796,0
sf,domain,antagonism,m,"[50,65)",0.75,56.3,49.3,62.3,0.7354,0
sf,domain,antagonism,m,"[50,65)",0.8333,57.9,50.8,64.1,0.7863,0
sf,domain,antagonism,m,"[50,65)",0.9167,59.6,52.2,65.8,0.8316,0
sf,domain,antagonism,m,"[50,65)",1,61.4,53.6,67.4,0.872,0
sf,domain,antagonism,m,"[50,65)",1.0833,63.2,55,68.9,0.9071,0
sf,domain,antagonism,m,"[50,65)",1.1667,65.1,56.4,70.4,0.9343,0
sf,domain,antagonism,m,"[50,65)",1.25,66.9,57.7,71.8,0.9546,0
sf,domain,antagonism,m,"[50,65)",1.3333,68.7,59.1,73.2,0.9691,0
sf,domain,antagonism,m,"[50,65)",1.4167,70.4,60.6,74.5,0.9792,0
sf,domain,antagonism,m,"[50,65)",1.5,72,62.1,75.9,0.9862,0
sf,domain,antagonism,m,"[50,65)",1.5833,73.4,63.6,77.2,0.9904,0
sf,domain,antagonism,m,"[50,65)",1.6667,75,65.2,78.3,0.9937,0
sf,domain,antagonism,m,"[50,65)",1.75,76.7,66.7,79.5,0.9962,1
sf,domain,antagonism,m,"[50,65)",1.8333,78.1,68.3,80.4,0.9975,1
sf,domain,antagonism,m,"[50,65)",1.9167,80.2,69.8,81.3,0.9987,1
sf,domain,antagonism,m,"[50,65)",2,80.2,71.4,82.3,0.9987,1
sf,domain,antagonism,m,"[50,65)",2.0833,80.2,72.8,83.6,0.9987,1
sf,domain,antagonism,m,"[50,65)",2.1667,80.2,74.3,85.6,0.9987,1
sf,domain,antagonism,m,"[50,65)",2.25,87.2,75.9,86.9,1,1
sf,domain,antagonism,m,"[50,65)",2.3333,87.2,77.4,87.2,1,1
sf,domain,antagonism,m,"[50,65)",2.4167,87.2,78.8,87.2,1,1
sf,domain,antagonism,m,"[50,65)",2.5,87.2,80,87.2,1,1
sf,domain,antagonism,m,"[50,65)",2.5833,87.2,81,87.2,1,1
sf,domain,antagonism,m,"[50,65)",2.6667,87.2,82.2,87.2,1,1
sf,domain,antagonism,m,"[50,65)",2.75,87.2,83.5,87.2,1,1
sf,domain,antagonism,m,"[50,65)",2.8333,87.2,85.1,87.2,1,1
sf,domain,antagonism,m,"[50,65)",2.9167,87.2,86.7,87.2,1,1
sf,domain,antagonism,m,"[50,65)",3,87.2,87.2,87.2,1,1
sf,domain,antagonism,m,"[65,Inf)",0,37.9,37.5,44.2,0.1124,0
sf,domain,antagonism,m,"[65,Inf)",0.0833,41,38.3,48.5,0.1836,0
sf,domain,antagonism,m,"[65,Inf)",0.1667,43.6,39.5,51,0.2617,0
sf,domain,antagonism,m,"[65,Inf)",0.25,46,41.1,53.1,0.3442,0
sf,domain,antagonism,m,"[65,Inf)",0.3333,48.2,42.7,55.1,0.4271,0
sf,domain,antagonism,m,"[65,Inf)",0.4167,50.2,44.2,56.8,0.5075,0
sf,domain,antagonism,m,"[65,Inf)",0.5,52.2,45.7,58.6,0.5862,0
sf,domain,antagonism,m,"[65,Inf)",0.5833,54,47.2,60.4,0.6556,0
sf,domain,antagonism,m,"[65,Inf)",0.6667,55.8,48.7,62.3,0.7191,0
sf,domain,antagonism,m,"[65,Inf)",0.75,57.6,50.2,64.1,0.7753,0
sf,domain,antagonism,m,"[65,Inf)",0.8333,59.4,51.7,65.9,0.8252,0
sf,domain,antagonism,m,"[65,Inf)",0.9167,61.2,53.1,67.6,0.8692,0
sf,domain,antagonism,m,"[65,Inf)",1,63.2,54.6,69.2,0.9067,0
sf,domain,antagonism,m,"[65,Inf)",1.0833,65.2,55.9,70.7,0.9359,0
sf,domain,antagonism,m,"[65,Inf)",1.1667,67.2,57.4,72.3,0.9571,0
sf,domain,antagonism,m,"[65,Inf)",1.25,69.1,58.8,73.7,0.9719,0
sf,domain,antagonism,m,"[65,Inf)",1.3333,70.8,60.3,75.3,0.9814,0
sf,domain,antagonism,m,"[65,Inf)",1.4167,72.6,61.9,76.8,0.9882,0
sf,domain,antagonism,m,"[65,Inf)",1.5,74.2,63.5,78.3,0.9923,0
sf,domain,antagonism,m,"[65,Inf)",1.5833,76.1,65.2,79.7,0.9955,1
sf,domain,antagonism,m,"[65,Inf)",1.6667,77.9,66.9,81.2,0.9973,1
sf,domain,antagonism,m,"[65,Inf)",1.75,79.1,68.5,82.8,0.9982,1
sf,domain,antagonism,m,"[65,Inf)",1.8333,81.2,70.1,84.4,0.9991,1
sf,domain,antagonism,m,"[65,Inf)",1.9167,81.2,71.7,86.2,0.9991,1
sf,domain,antagonism,m,"[65,Inf)",2,87.2,73.2,87.2,1,1
sf,domain,antagonism,m,"[65,Inf)",2.0833,87.2,74.8,87.2,1,1
sf,domain,antagonism,m,"[65,Inf)",2.1667,87.2,76.5,87.2,1,1
sf,domain,antagonism,m,"[65,Inf)",2.25,87.2,78,87.2,1,1
sf,domain,antagonism,m,"[65,Inf)",2.3333,87.2,79.5,87.2,1,1
sf,domain,antagonism,m,"[65,Inf)",2.4167,87.2,81.1,87.2,1,1
sf,domain,antagonism,m,"[65,Inf)",2.5,87.2,82.7,87.2,1,1
sf,domain,antagonism,m,"[65,Inf)",2.5833,87.2,84.3,87.2,1,1
sf,domain,antagonism,m,"[65,Inf)",2.6667,87.2,85.8,87.2,1,1
sf,domain,antagonism,m,"[65,Inf)",2.75,87.2,87.2,87.2,1,1
sf,domain,antagonism,m,"[65,Inf)",2.8333,87.2,87.2,87.2,1,1
sf,domain,antagonism,m,"[65,Inf)",2.9167,87.2,87.2,87.2,1,1
sf,domain,antagonism,m,"[65,Inf)",3,87.2,87.2,87.2,1,1
sf,domain,detachment,all,all,0,34.1,33.9,39.5,0.0554,0
sf,domain,detachment,all,all,0.0833,36.3,34.4,43.1,0.0856,0
sf,domain,detachment,all,all,0.1667,38.5,35.2,45.4,0.124,0
sf,domain,detachment,all,all,0.25,40.4,36.3,47.4,0.1695,0
sf,domain,detachment,all,all,0.3333,42.3,37.5,49.2,0.221,0
sf,domain,detachment,all,all,0.4167,44.1,38.8,50.8,0.2785,0
sf,domain,detachment,all,all,0.5,45.9,40.2,52.5,0.3392,0
sf,domain,detachment,all,all,0.5833,47.5,41.6,54.2,0.4031,0
sf,domain,detachment,all,all,0.6667,49.2,43,55.9,0.4684,0
sf,domain,detachment,all,all,0.75,50.8,44.4,57.4,0.5327,0
sf,domain,detachment,all,all,0.8333,52.5,45.8,59,0.5971,0
sf,domain,detachment,all,all,0.9167,54.1,47,60.5,0.6592,0
sf,domain,detachment,all,all,1,55.7,48.4,62.1,0.717,0
sf,domain,detachment,all,all,1.0833,57.4,49.7,63.5,0.7699,0
sf,domain,detachment,all,all,1.1667,59,51.2,65,0.8168,0
sf,domain,detachment,all,all,1.25,60.7,52.5,66.4,0.8569,0
sf,domain,detachment,all,all,1.3333,62.3,53.9,67.8,0.8898,0
sf,domain,detachment,all,all,1.4167,63.8,55.4,69.1,0.9167,0
sf,domain,detachment,all,all,1.5,65.3,56.8,70.4,0.9374,0
sf,domain,detachment,all,all,1.5833,66.9,58.3,71.7,0.9542,0
sf,domain,detachment,all,all,1.6667,68.3,59.8,72.9,0.9666,0
sf,domain,detachment,all,all,1.75,69.7,61.3,74.2,0.9758,0
sf,domain,detachment,all,all,1.8333,71.2,62.7,75.5,0.9831,0
sf,domain,detachment,all,all,1.9167,72.6,64.2,76.7,0.9882,0
sf,domain,detachment,all,all,2,74.1,65.6,77.8,0.992,0
sf,domain,detachment,all,all,2.0833,75.5,67.1,79,0.9946,0
sf,domain,detachment,all,all,2.1667,76.8,68.4,80.1,0.9963,1
sf,domain,detachment,all,all,2.25,78.1,69.9,81.2,0.9975,1
sf,domain,detachment,all,all,2.3333,79.5,71.3,82.3,0.9984,1
sf,domain,detachment,all,all,2.4167,80.6,72.7,83.7,0.9989,1
sf,domain,detachment,all,all,2.5,82,74.2,85,0.9993,1
sf,domain,detachment,all,all,2.5833,83.3,75.8,86.4,0.9996,1
sf,domain,detachment,all,all,2.6667,86,77.2,87.2,0.9998,1
sf,domain,detachment,all,all,2.75,87.2,78.7,87.2,1,1
sf,domain,detachment,all,all,2.8333,87.2,80.3,87.2,1,1
sf,domain,detachment,all,all,2.9167,87.2,82,87.2,1,1
sf,domain,detachment,all,all,3,87.2,84.5,87.2,1,1
sf,domain,detachment,f,"[18,35)",0,34.8,34.4,39.7,0.0641,0
sf,domain,detachment,f,"[18,35)",0.0833,36.9,35.1,43.1,0.0948,0
sf,domain,detachment,f,"[18,35)",0.1667,38.9,35.8,45.2,0.1328,0
sf,domain,detachment,f,"[18,35)",0.25,40.7,36.8,47,0.1752,0
sf,domain,detachment,f,"[18,35)",0.3333,42.4,37.9,48.8,0.2227,0
sf,domain,detachment,f,"[18,35)",0.4167,44,39.2,50.4,0.2754,0
sf,domain,detachment,f,"[18,35)",0.5,45.6,40.4,52,0.3311,0
sf,domain,detachment,f,"[18,35)",0.5833,47.2,41.7,53.6,0.3911,0
sf,domain,detachment,f,"[18,35)",0.6667,48.8,43,55.1,0.4519,0
sf,domain,detachment,f,"[18,35)",0.75,50.4,44.3,56.6,0.5144,0
sf,domain,detachment,f,"[18,35)",0.8333,51.9,45.5,58,0.5762,0
sf,domain,detachment,f,"[18,35)",0.9167,53.5,46.7,59.6,0.6372,0
sf,domain,detachment,f,"[18,35)",1,55,48.1,60.9,0.6917,0
sf,domain,detachment,f,"[18,35)",1.0833,56.5,49.4,62.3,0.7429,0
sf,domain,detachment,f,"[18,35)",1.1667,58.1,50.7,63.6,0.7918,0
sf,domain,detachment,f,"[18,35)",1.25,59.6,52.1,64.8,0.8312,0
sf,domain,detachment,f,"[18,35)",1.3333,61.1,53.4,65.9,0.8658,0
sf,domain,detachment,f,"[18,35)",1.4167,62.4,54.8,66.9,0.8934,0
sf,domain,detachment,f,"[18,35)",1.5,63.8,56.1,67.8,0.9162,0
sf,domain,detachment,f,"[18,35)",1.5833,65,57.5,68.7,0.9336,0
sf,domain,detachment,f,"[18,35)",1.6667,66.2,58.8,69.7,0.9477,0
sf,domain,detachment,f,"[18,35)",1.75,67.4,60.2,70.6,0.9586,0
sf,domain,detachment,f,"[18,35)",1.8333,68.3,61.6,71.6,0.9662,0
sf,domain,detachment,f,"[18,35)",1.9167,69.2,62.9,72.5,0.9728,0
sf,domain,detachment,f,"[18,35)",2,70.4,64.2,73.5,0.9793,0
sf,domain,detachment,f,"[18,35)",2.0833,71.1,65.4,74.7,0.9826,0
sf,domain,detachment,f,"[18,35)",2.1667,72.2,66.5,76,0.9869,0
sf,domain,detachment,f,"[18,35)",2.25,73.8,67.6,77.3,0.9913,0
sf,domain,detachment,f,"[18,35)",2.3333,74.3,68.6,78.9,0.9924,0
sf,domain,detachment,f,"[18,35)",2.4167,75.5,69.7,80.7,0.9946,0
sf,domain,detachment,f,"[18,35)",2.5,77.2,70.8,82.7,0.9967,1
sf,domain,detachment,f,"[18,35)",2.5833,87.2,71.9,86.4,1,1
sf,domain,detachment,f,"[18,35)",2.6667,87.2,73.1,87.2,1,1
sf,domain,detachment,f,"[18,35)",2.75,87.2,74.5,87.2,1,1
sf,domain,detachment,f,"[18,35)",2.8333,87.2,76.1,87.2,1,1
sf,domain,detachment,f,"[18,35)",2.9167,87.2,78,87.2,1,1
sf,domain,detachment,f,"[18,35)",3,87.2,80.5,87.2,1,1
sf,domain,detachment,f,"[35,50)",0,35.3,34.9,40.7,0.0704,0
sf,domain,detachment,f,"[35,50)",0.0833,37.7,35.6,44.4,0.1085,0
sf,domain,detachment,f,"[35,50)",0.1667,39.8,36.4,46.6,0.1539,0
sf,domain,detachment,f,"[35,50)",0.25,41.8,37.4,48.5,0.206,0
sf,domain,detachment,f,"[35,50)",0.3333,43.7,38.7,50.3,0.2638,0
sf,domain,detachment,f,"[35,50)",0.4167,45.4,40.1,52,0.3242,0
sf,domain,detachment,f,"[35,50)",0.5,47.1,41.5,53.8,0.3874,0
sf,domain,detachment,f,"[35,50)",0.5833,48.8,42.8,55.4,0.4527,0
sf,domain,detachment,f,"[35,50)",0.6667,50.5,44.2,57.1,0.519,0
sf,domain,detachment,f,"[35,50)",0.75,52.1,45.5,58.6,0.5842,0
sf,domain,detachment,f,"[35,50)",0.8333,53.8,46.9,60.2,0.6473,0
sf,domain,detachment,f,"[35,50)",0.9167,55.5,48.2,61.6,0.7072,0
sf,domain,detachment,f,"[35,50)",1,57.1,49.6,63,0.7621,0
sf,domain,detachment,f,"[35,50)",1.0833,58.7,51,64.4,0.8085,0
sf,domain,detachment,f,"[35,50)",1.1667,60.3,52.4,65.7,0.8485,0
sf,domain,detachment,f,"[35,50)",1.25,61.8,53.8,67,0.8803,0
sf,domain,detachment,f,"[35,50)",1.3333,63.2,55.2,68.3,0.9072,0
sf,domain,detachment,f,"[35,50)",1.4167,64.7,56.6,69.6,0.9285,0
sf,domain,detachment,f,"[35,50)",1.5,66.1,58.1,70.9,0.946,0
sf,domain,detachment,f,"[35,50)",1.5833,67.5,59.5,72.2,0.9599,0
sf,domain,detachment,f,"[35,50)",1.6667,68.9,60.9,73.6,0.9704,0
sf,domain,detachment,f,"[35,50)",1.75,70.3,62.2,75.1,0.9789,0
sf,domain,detachment,f,"[35,50)",1.8333,71.7,63.6,76.5,0.9848,0
sf,domain,detachment,f,"[35,50)",1.9167,73.3,65,78.3,0.9901,0
sf,domain,detachment,f,"[35,50)",2,74.8,66.3,79.9,0.9935,0
sf,domain,detachment,f,"[35,50)",2.0833,76.6,67.6,81.8,0.996,1
sf,domain,detachment,f,"[35,50)",2.1667,78.8,69,83.6,0.998,1
sf,domain,detachment,f,"[35,50)",2.25,80.1,70.4,85.6,0.9987,1
sf,domain,detachment,f,"[35,50)",2.3333,87.2,71.8,87.2,1,1
sf,domain,detachment,f,"[35,50)",2.4167,87.2,73.3,87.2,1,1
sf,domain,detachment,f,"[35,50)",2.5,87.2,74.9,87.2,1,1
sf,domain,detachment,f,"[35,50)",2.5833,87.2,76.6,87.2,1,1
sf,domain,detachment,f,"[35,50)",2.6667,87.2,78.6,87.2,1,1
sf,domain,detachment,f,"[35,50)",2.75,87.2,80.6,87.2,1,1
sf,domain,detachment,f,"[35,50)",2.8333,87.2,82.4,87.2,1,1
sf,domain,detachment,f,"[35,50)",2.9167,87.2,84.4,87.2,1,1
sf,domain,detachment,f,"[35,50)",3,87.2,86.5,87.2,1,1
sf,domain,detachment,f,"[50,65)",0,33.5,33.3,39.7,0.0493,0
sf,domain,detachment,f,"[50,65)",0.0833,36,34,43.6,0.0803,0
sf,domain,detachment,f,"[50,65)",0.1667,38.4,34.8,46,0.1225,0
sf,domain,detachment,f,"[50,65)",0.25,40.6,35.9,48,0.1728,0
sf,domain,detachment,f,"[50,65)",0.3333,42.7,37.3,49.9,0.2313,0
sf,domain,detachment,f,"[50,65)",0.4167,44.7,38.7,51.6,0.2967,0
sf,domain,detachment,f,"[50,65)",0.5,46.5,40.2,53.4,0.364,0
sf,domain,detachment,f,"[50,65)",0.5833,48.3,41.8,55.1,0.4332,0
sf,domain,detachment,f,"[50,65)",0.6667,50.1,43.2,56.7,0.5022,0
sf,domain,detachment,f,"[50,65)",0.75,51.7,44.8,58.2,0.5691,0
sf,domain,detachment,f,"[50,65)",0.8333,53.4,46.3,59.9,0.633,0
sf,domain,detachment,f,"[50,65)",0.9167,55,47.8,61.4,0.693,0
sf,domain,detachment,f,"[50,65)",1,56.7,49.1,63,0.7484,0
sf,domain,detachment,f,"[50,65)",1.0833,58.3,50.6,64.6,0.7981,0
sf,domain,detachment,f,"[50,65)",1.1667,60,52,66.2,0.841,0
sf,domain,detachment,f,"[50,65)",1.25,61.7,53.4,67.8,0.8783,0
sf,domain,detachment,f,"[50,65)",1.3333,63.3,54.8,69.3,0.9081,0
sf,domain,detachment,f,"[50,65)",1.4167,65,56.2,70.8,0.9331,0
sf,domain,detachment,f,"[50,65)",1.5,66.6,57.7,72.4,0.9518,0
sf,domain,detachment,f,"[50,65)",1.5833,68.4,59.1,73.9,0.967,0
sf,domain,detachment,f,"[50,65)",1.6667,70.1,60.7,75.4,0.9777,0
sf,domain,detachment,f,"[50,65)",1.75,71.8,62.1,76.8,0.9854,0
sf,domain,detachment,f,"[50,65)",1.8333,73.5,63.6,78.2,0.9907,0
sf,domain,detachment,f,"[50,65)",1.9167,75.3,65.2,79.4,0.9943,0
sf,domain,detachment,f,"[50,65)",2,76.8,66.7,80.8,0.9963,1
sf,domain,detachment,f,"[50,65)",2.0833,78.8,68.4,82.1,0.998,1
sf,domain,detachment,f,"[50,65)",2.1667,80.3,69.8,83.1,0.9988,1
sf,domain,detachment,f,"[50,65)",2.25,80.3,71.5,84.8,0.9988,1
sf,domain,detachment,f,"[50,65)",2.3333,87.2,73.2,86.3,1,1
sf,domain,detachment,f,"[50,65)",2.4167,87.2,74.9,87.2,1,1
sf,domain,detachment,f,"[50,65)",2.5,87.2,76.5,87.2,1,1
sf,domain,detachment,f,"[50,65)",2.5833,87.2,78.1,87.2,1,1
sf,domain,detachment,f,"[50,65)",2.6667,87.2,79.7,87.2,1,1
sf,domain,detachment,f,"[50,65)",2.75,87.2,81.2,87.2,1,1
sf,domain,detachment,f,"[50,65)",2.8333,87.2,82.8,87.2,1,1
sf,domain,detachment,f,"[50,65)",2.9167,87.2,84.6,87.2,1,1
sf,domain,detachment,f,"[50,65)",3,87.2,86.7,87.2,1,1
sf,domain,detachment,f,"[65,Inf)",0,31.3,30.9,38.5,0.0307,0
sf,domain,detachment,f,"[65,Inf)",0.0833,34,31.9,42.2,0.0551,0
sf,domain,detachment,f,"[65,Inf)",0.1667,36.6,32.9,44.6,0.0906,0
sf,domain,detachment,f,"[65,Inf)",0.25,38.9,34.1,46.7,0.1339,0
sf,domain,detachment,f,"[65,Inf)",0.3333,41,35.6,48.7,0.1853,0
sf,domain,detachment,f,"[65,Inf)",0.4167,43,37.2,50.5,0.2435,0
sf,domain,detachment,f,"[65,Inf)",0.5,45,38.7,52.3,0.3087,0
sf,domain,detachment,f,"[65,Inf)",0.5833,46.8,40.3,54.1,0.3748,0
sf,domain,detachment,f,"[65,Inf)",0.6667,48.6,41.8,55.9,0.4441,0
sf,domain,detachment,f,"[65,Inf)",0.75,50.4,43.3,57.6,0.5156,0
sf,domain,detachment,f,"[65,Inf)",0.8333,52.1,44.9,59.4,0.5841,0
sf,domain,detachment,f,"[65,Inf)",0.9167,53.9,46.4,61,0.6535,0
sf,domain,detachment,f,"[65,Inf)",1,55.8,47.8,62.7,0.7182,0
sf,domain,detachment,f,"[65,Inf)",1.0833,57.7,49.2,64.3,0.7781,0
sf,domain,detachment,f,"[65,Inf)",1.1667,59.5,50.7,65.7,0.8283,0
sf,domain,detachment,f,"[65,Inf)",1.25,61.3,52.2,67.2,0.8703,0
sf,domain,detachment,f,"[65,Inf)",1.3333,63,53.7,68.6,0.9034,0
sf,domain,detachment,f,"[65,Inf)",1.4167,64.6,55.3,70,0.9282,0
sf,domain,detachment,f,"[65,Inf)",1.5,66.2,56.9,71.4,0.9474,0
sf,domain,detachment,f,"[65,Inf)",1.5833,67.8,58.5,72.7,0.9625,0
sf,domain,detachment,f,"[65,Inf)",1.6667,69.3,60.1,74.3,0.9734,0
sf,domain,detachment,f,"[65,Inf)",1.75,70.8,61.7,75.7,0.9814,0
sf,domain,detachment,f,"[65,Inf)",1.8333,72.4,63.2,77.1,0.9875,0
sf,domain,detachment,f,"[65,Inf)",1.9167,74,64.7,78.4,0.9918,0
sf,domain,detachment,f,"[65,Inf)",2,75.9,66.2,79.8,0.9952,1
sf,domain,detachment,f,"[65,Inf)",2.0833,77.9,67.7,81.2,0.9973,1
sf,domain,detachment,f,"[65,Inf)",2.1667,79.5,69.2,82.6,0.9984,1
sf,domain,detachment,f,"[65,Inf)",2.25,79.5,70.7,84.2,0.9984,1
sf,domain,detachment,f,"[65,Inf)",2.3333,87.2,72.3,86,1,1
sf,domain,detachment,f,"[65,Inf)",2.4167,87.2,73.8,86.3,1,1
sf,domain,detachment,f,"[65,Inf)",2.5,87.2,75.6,87.2,1,1
sf,domain,detachment,f,"[65,Inf)",2.5833,87.2,77.2,87.2,1,1
sf,domain,detachment,f,"[65,Inf)",2.6667,87.2,78.6,87.2,1,1
sf,domain,detachment,f,"[65,Inf)",2.75,87.2,80.3,87.2,1,1
sf,domain,detachment,f,"[65,Inf)",2.8333,87.2,81.6,87.2,1,1
sf,domain,detachment,f,"[65,Inf)",2.9167,87.2,83.6,87.2,1,1
sf,domain,detachment,f,"[65,Inf)",3,87.2,86,87.2,1,1
sf,domain,detachment,m,"[18,35)",0,36.1,35.8,40.5,0.083,0
sf,domain,detachment,m,"[18,35)",0.0833,38.1,36.4,43.9,0.1178,0
sf,domain,detachment,m,"[18,35)",0.1667,40,37,45.9,0.1584,0
sf,domain,detachment,m,"[18,35)",0.25,41.7,38,47.6,0.202,0
sf,domain,detachment,m,"[18,35)",0.3333,43.3,39.1,49.2,0.2528,0
sf,domain,detachment,m,"[18,35)",0.4167,44.9,40.3,50.9,0.3042,0
sf,domain,detachment,m,"[18,35)",0.5,46.3,41.4,52.4,0.3556,0
sf,domain,detachment,m,"[18,35)",0.5833,47.8,42.7,54,0.4116,0
sf,domain,detachment,m,"[18,35)",0.6667,49.3,43.8,55.6,0.4711,0
sf,domain,detachment,m,"[18,35)",0.75,50.8,45,57.1,0.5317,0
sf,domain,detachment,m,"[18,35)",0.8333,52.3,46.2,58.6,0.5925,0
sf,domain,detachment,m,"[18,35)",0.9167,53.9,47.4,59.9,0.6525,0
sf,domain,detachment,m,"[18,35)",1,55.4,48.6,61.3,0.7062,0
sf,domain,detachment,m,"[18,35)",1.0833,57,49.9,62.5,0.7574,0
sf,domain,detachment,m,"[18,35)",1.1667,58.5,51.1,63.8,0.8015,0
sf,domain,detachment,m,"[18,35)",1.25,60,52.5,65,0.8403,0
sf,domain,detachment,m,"[18,35)",1.3333,61.4,53.9,66.3,0.8722,0
sf,domain,detachment,m,"[18,35)",1.4167,62.7,55.2,67.6,0.8978,0
sf,domain,detachment,m,"[18,35)",1.5,64,56.6,68.8,0.9185,0
sf,domain,detachment,m,"[18,35)",1.5833,65.3,58,70.2,0.9367,0
sf,domain,detachment,m,"[18,35)",1.6667,66.7,59.3,71.6,0.9525,0
sf,domain,detachment,m,"[18,35)",1.75,68.1,60.6,73,0.9647,0
sf,domain,detachment,m,"[18,35)",1.8333,69.5,61.9,74.3,0.9743,0
sf,domain,detachment,m,"[18,35)",1.9167,70.9,63.1,75.5,0.9818,0
sf,domain,detachment,m,"[18,35)",2,72.9,64.4,76.6,0.9891,0
sf,domain,detachment,m,"[18,35)",2.0833,74.4,65.7,77.6,0.9927,0
sf,domain,detachment,m,"[18,35)",2.1667,76.8,66.9,78.5,0.9964,1
sf,domain,detachment,m,"[18,35)",2.25,76.8,68.3,79.5,0.9964,1
sf,domain,detachment,m,"[18,35)",2.3333,76.8,69.8,80.9,0.9964,1
sf,domain,detachment,m,"[18,35)",2.4167,76.8,71.3,82.3,0.9964,1
sf,domain,detachment,m,"[18,35)",2.5,87.2,72.9,83.8,1,1
sf,domain,detachment,m,"[18,35)",2.5833,87.2,74.4,86.9,1,1
sf,domain,detachment,m,"[18,35)",2.6667,87.2,75.7,87.2,1,1
sf,domain,detachment,m,"[18,35)",2.75,87.2,77,87.2,1,1
sf,domain,detachment,m,"[18,35)",2.8333,87.2,78.2,87.2,1,1
sf,domain,detachment,m,"[18,35)",2.9167,87.2,79.7,87.2,1,1
sf,domain,detachment,m,"[18,35)",3,87.2,81.9,87.2,1,1
sf,domain,detachment,m,"[35,50)",0,34.8,34.5,39.7,0.0644,0
sf,domain,detachment,m,"[35,50)",0.0833,36.9,35.1,43.2,0.095,0
sf,domain,detachment,m,"[35,50)",0.1667,38.9,35.8,45.3,0.1328,0
sf,domain,detachment,m,"[35,50)",0.25,40.7,36.8,47.2,0.1771,0
sf,domain,detachment,m,"[35,50)",0.3333,42.5,38,48.9,0.2273,0
sf,domain,detachment,m,"[35,50)",0.4167,44.2,39.2,50.5,0.2807,0
sf,domain,detachment,m,"[35,50)",0.5,45.9,40.5,52.1,0.3393,0
sf,domain,detachment,m,"[35,50)",0.5833,47.4,41.8,53.6,0.398,0
sf,domain,detachment,m,"[35,50)",0.6667,48.9,43.1,55.1,0.4573,0
sf,domain,detachment,m,"[35,50)",0.75,50.5,44.4,56.6,0.518,0
sf,domain,detachment,m,"[35,50)",0.8333,52,45.7,58,0.5795,0
sf,domain,detachment,m,"[35,50)",0.9167,53.5,47,59.4,0.6359,0
sf,domain,detachment,m,"[35,50)",1,55,48.2,60.8,0.6921,0
sf,domain,detachment,m,"[35,50)",1.0833,56.5,49.6,62.2,0.7432,0
sf,domain,detachment,m,"[35,50)",1.1667,58,50.8,63.6,0.7882,0
sf,domain,detachment,m,"[35,50)",1.25,59.5,52.1,64.8,0.829,0
sf,domain,detachment,m,"[35,50)",1.3333,60.9,53.5,66.1,0.8619,0
sf,domain,detachment,m,"[35,50)",1.4167,62.3,54.8,67.4,0.8905,0
sf,domain,detachment,m,"[35,50)",1.5,63.7,56.2,68.9,0.9141,0
sf,domain,detachment,m,"[35,50)",1.5833,65.1,57.5,70.3,0.9349,0
sf,domain,detachment,m,"[35,50)",1.6667,66.5,58.8,71.8,0.9506,0
sf,domain,detachment,m,"[35,50)",1.75,67.9,60.2,73.4,0.9635,0
sf,domain,detachment,m,"[35,50)",1.8333,69.6,61.5,75.1,0.9749,0
sf,domain,detachment,m,"[35,50)",1.9167,71.1,62.7,76.8,0.9828,0
sf,domain,detachment,m,"[35,50)",2,73,64.1,78.7,0.9892,0
sf,domain,detachment,m,"[35,50)",2.0833,74.9,65.4,80.5,0.9935,0
sf,domain,detachment,m,"[35,50)",2.1667,76.3,66.9,82.5,0.9957,1
sf,domain,detachment,m,"[35,50)",2.25,78.5,68.3,84.9,0.9978,1
sf,domain,detachment,m,"[35,50)",2.3333,87.2,69.8,86.9,1,1
sf,domain,detachment,m,"[35,50)",2.4167,87.2,71.4,87.2,1,1
sf,domain,detachment,m,"[35,50)",2.5,87.2,73.2,87.2,1,1
sf,domain,detachment,m,"[35,50)",2.5833,87.2,75,87.2,1,1
sf,domain,detachment,m,"[35,50)",2.6667,87.2,77.2,87.2,1,1
sf,domain,detachment,m,"[35,50)",2.75,87.2,79.3,87.2,1,1
sf,domain,detachment,m,"[35,50)",2.8333,87.2,81.6,87.2,1,1
sf,domain,detachment,m,"[35,50)",2.9167,87.2,83.7,87.2,1,1
sf,domain,detachment,m,"[35,50)",3,87.2,85.5,87.2,1,1
sf,domain,detachment,m,"[50,65)",0,34.1,33.9,39.7,0.0558,0
sf,domain,detachment,m,"[50,65)",0.0833,36.4,34.5,43.4,0.087,0
sf,domain,detachment,m,"[50,65)",0.1667,38.6,35.3,45.6,0.127,0
sf,domain,detachment,m,"[50,65)",0.25,40.7,36.3,47.5,0.1749,0
sf,domain,detachment,m,"[50,65)",0.3333,42.6,37.6,49.4,0.2292,0
sf,domain,detachment,m,"[50,65)",0.4167,44.4,39,51.2,0.2883,0
sf,domain,detachment,m,"[50,65)",0.5,46.2,40.3,52.8,0.3506,0
sf,domain,detachment,m,"[50,65)",0.5833,47.9,41.7,54.5,0.4156,0
sf,domain,detachment,m,"[50,65)",0.6667,49.5,43.2,56.1,0.4808,0
sf,domain,detachment,m,"[50,65)",0.75,51.2,44.6,57.7,0.5462,0
sf,domain,detachment,m,"[50,65)",0.8333,52.7,46,59.3,0.6082,0
sf,domain,detachment,m,"[50,65)",0.9167,54.4,47.3,61,0.6699,0
sf,domain,detachment,m,"[50,65)",1,56,48.7,62.5,0.7266,0
sf,domain,detachment,m,"[50,65)",1.0833,57.7,50.1,64,0.7789,0
sf,domain,detachment,m,"[50,65)",1.1667,59.4,51.5,65.6,0.8259,0
sf,domain,detachment,m,"[50,65)",1.25,61,52.8,67.1,0.8654,0
sf,domain,detachment,m,"[50,65)",1.3333,62.7,54.2,68.7,0.8979,0
sf,domain,detachment,m,"[50,65)",1.4167,64.3,55.7,70.3,0.9238,0
sf,domain,detachment,m,"[50,65)",1.5,66,57.1,72,0.945,0
sf,domain,detachment,m,"[50,65)",1.5833,67.7,58.6,73.7,0.9613,0
sf,domain,detachment,m,"[50,65)",1.6667,69.5,60,75.4,0.9741,0
sf,domain,detachment,m,"[50,65)",1.75,71.3,61.6,77.1,0.9833,0
sf,domain,detachment,m,"[50,65)",1.8333,73.3,63,79.1,0.99,0
sf,domain,detachment,m,"[50,65)",1.9167,75.2,64.6,81,0.9942,0
sf,domain,detachment,m,"[50,65)",2,77.1,66.2,83,0.9967,1
sf,domain,detachment,m,"[50,65)",2.0833,80.2,67.7,84.9,0.9987,1
sf,domain,detachment,m,"[50,65)",2.1667,81.5,69.4,86.7,0.9992,1
sf,domain,detachment,m,"[50,65)",2.25,87.2,71.1,87.2,1,1
sf,domain,detachment,m,"[50,65)",2.3333,87.2,72.9,87.2,1,1
sf,domain,detachment,m,"[50,65)",2.4167,87.2,74.8,87.2,1,1
sf,domain,detachment,m,"[50,65)",2.5,87.2,76.7,87.2,1,1
sf,domain,detachment,m,"[50,65)",2.5833,87.2,78.9,87.2,1,1
sf,domain,detachment,m,"[50,65)",2.6667,87.2,80.9,87.2,1,1
sf,domain,detachment,m,"[50,65)",2.75,87.2,83.1,87.2,1,1
sf,domain,detachment,m,"[50,65)",2.8333,87.2,85,87.2,1,1
sf,domain,detachment,m,"[50,65)",2.9167,87.2,86.7,87.2,1,1
sf,domain,detachment,m,"[50,65)",3,87.2,87.2,87.2,1,1
sf,domain,detachment,m,"[65,Inf)",0,31.5,31.1,37.9,0.032,0
sf,domain,detachment,m,"[65,Inf)",0.0833,33.9,32,41.5,0.0538,0
sf,domain,detachment,m,"[65,Inf)",0.1667,36.2,32.9,43.9,0.0833,0
sf,domain,detachment,m,"[65,Inf)",0.25,38.3,34.1,46,0.121,0
sf,domain,detachment,m,"[65,Inf)",0.3333,40.4,35.3,48,0.1676,0
sf,domain,detachment,m,"[65,Inf)",0.4167,42.3,36.7,49.7,0.221,0
sf,domain,detachment,m,"[65,Inf)",0.5,44.2,38.2,51.5,0.2825,0
sf,domain,detachment,m,"[65,Inf)",0.5833,46.1,39.7,53.2,0.3471,0
sf,domain,detachment,m,"[65,Inf)",0.6667,47.9,41.2,55,0.4156,0
sf,domain,detachment,m,"[65,Inf)",0.75,49.6,42.7,56.7,0.4821,0
sf,domain,detachment,m,"[65,Inf)",0.8333,51.3,44.2,58.5,0.54990000000000006,0
sf,domain,detachment,m,"[65,Inf)",0.9167,53,45.7,60.4,0.6175,0
sf,domain,detachment,m,"[65,Inf)",1,54.7,47.1,62.3,0.6821,0
sf,domain,detachment,m,"[65,Inf)",1.0833,56.6,48.6,64.1,0.7441,0
sf,domain,detachment,m,"[65,Inf)",1.1667,58.4,50,66.1,0.8009,0
sf,domain,detachment,m,"[65,Inf)",1.25,60.4,51.5,67.8,0.851,0
sf,domain,detachment,m,"[65,Inf)",1.3333,62.4,52.9,69.6,0.8931,0
sf,domain,detachment,m,"[65,Inf)",1.4167,64.5,54.4,71.3,0.9261,0
sf,domain,detachment,m,"[65,Inf)",1.5,66.6,56,72.7,0.9514,0
sf,domain,detachment,m,"[65,Inf)",1.5833,68.6,57.6,74.2,0.9682,0
sf,domain,detachment,m,"[65,Inf)",1.6667,70.5,59.3,75.4,0.9799,0
sf,domain,detachment,m,"[65,Inf)",1.75,72.3,61,76.5,0.9873,0
sf,domain,detachment,m,"[65,Inf)",1.8333,74,62.8,77.7,0.9918,0
sf,domain,detachment,m,"[65,Inf)",1.9167,75.4,64.6,78.7,0.9945,0
sf,domain,detachment,m,"[65,Inf)",2,76.8,66.5,79.6,0.9964,1
sf,domain,detachment,m,"[65,Inf)",2.0833,77.8,68.3,80.3,0.9973,1
sf,domain,detachment,m,"[65,Inf)",2.1667,80,70.1,81.1,0.9986,1
sf,domain,detachment,m,"[65,Inf)",2.25,80,71.8,82,0.9986,1
sf,domain,detachment,m,"[65,Inf)",2.3333,80,73.4,83.3,0.9986,1
sf,domain,detachment,m,"[65,Inf)",2.4167,80,74.9,85.1,0.9986,1
sf,domain,detachment,m,"[65,Inf)",2.5,87.2,76.3,86.6,1,1
sf,domain,detachment,m,"[65,Inf)",2.5833,87.2,77.7,87.2,1,1
sf,domain,detachment,m,"[65,Inf)",2.6667,87.2,78.9,87.2,1,1
sf,domain,detachment,m,"[65,Inf)",2.75,87.2,79.9,87.2,1,1
sf,domain,detachment,m,"[65,Inf)",2.8333,87.2,81.1,87.2,1,1
sf,domain,detachment,m,"[65,Inf)",2.9167,87.2,82.9,87.2,1,1
sf,domain,detachment,m,"[65,Inf)",3,87.2,85.4,87.2,1,1
sf,domain,disinhibition,all,all,0,32.3,32.5,39.2,0.0386,0
sf,domain,disinhibition,all,all,0.0833,35.3,32.9,42.6,0.0711,0
sf,domain,disinhibition,all,all,0.1667,37.9,34.1,45.2,0.1136,0
sf,domain,disinhibition,all,all,0.25,40.3,35.7,47.6,0.1648,0
sf,domain,disinhibition,all,all,0.3333,42.4,37.2,49.7,0.2234,0
sf,domain,disinhibition,all,all,0.4167,44.4,38.9,51.8,0.2887,0
sf,domain,disinhibition,all,all,0.5,46.4,40.5,53.7,0.36,0
sf,domain,disinhibition,all,all,0.5833,48.4,42.1,55.7,0.4362,0
sf,domain,disinhibition,all,all,0.6667,50.4,43.7,57.5,0.5147,0
sf,domain,disinhibition,all,all,0.75,52.3,45.2,59.4,0.5925,0
sf,domain,disinhibition,all,all,0.8333,54.3,46.8,61.1,0.6658,0
sf,domain,disinhibition,all,all,0.9167,56.2,48.3,62.8,0.7335,0
sf,domain,disinhibition,all,all,1,58.1,49.9,64.4,0.792,0
sf,domain,disinhibition,all,all,1.0833,60,51.5,66,0.8412,0
sf,domain,disinhibition,all,all,1.1667,61.8,53.1,67.4,0.8809,0
sf,domain,disinhibition,all,all,1.25,63.5,54.6,68.9,0.9119,0
sf,domain,disinhibition,all,all,1.3333,65.2,56.2,70.3,0.9361,0
sf,domain,disinhibition,all,all,1.4167,66.9,57.8,71.8,0.9545,0
sf,domain,disinhibition,all,all,1.5,68.5,59.4,73.1,0.9679,0
sf,domain,disinhibition,all,all,1.5833,70.1,61,74.5,0.9778,0
sf,domain,disinhibition,all,all,1.6667,71.6,62.5,75.8,0.9848,0
sf,domain,disinhibition,all,all,1.75,73.2,64,77,0.9898,0
sf,domain,disinhibition,all,all,1.8333,74.7,65.4,78.3,0.9932,0
sf,domain,disinhibition,all,all,1.9167,76.1,66.9,79.6,0.9955,1
sf,domain,disinhibition,all,all,2,77.5,68.4,80.9,0.997,1
sf,domain,disinhibition,all,all,2.0833,79,69.9,82.3,0.9981,1
sf,domain,disinhibition,all,all,2.1667,80.4,71.4,83.7,0.9988,1
sf,domain,disinhibition,all,all,2.25,82.2,72.9,85.3,0.9993,1
sf,domain,disinhibition,all,all,2.3333,83.8,74.3,86.6,0.9996,1
sf,domain,disinhibition,all,all,2.4167,85.1,75.8,87.2,0.9998,1
sf,domain,disinhibition,all,all,2.5,87.2,77.3,87.2,1,1
sf,domain,disinhibition,all,all,2.5833,87.2,78.8,87.2,1,1
sf,domain,disinhibition,all,all,2.6667,87.2,80.4,87.2,1,1
sf,domain,disinhibition,all,all,2.75,87.2,82.1,87.2,1,1
sf,domain,disinhibition,all,all,2.8333,87.2,83.9,87.2,1,1
sf,domain,disinhibition,all,all,2.9167,87.2,85.9,87.2,1,1
sf,domain,disinhibition,all,all,3,87.2,87.2,87.2,1,1
sf,domain,disinhibition,f,"[18,35)",0,31.6,31.5,37.7,0.0326,0
sf,domain,disinhibition,f,"[18,35)",0.0833,34.2,32,40.9,0.0566,0
sf,domain,disinhibition,f,"[18,35)",0.1667,36.5,33.1,43.6,0.0882,0
sf,domain,disinhibition,f,"[18,35)",0.25,38.6,34.6,45.7,0.1268,0
sf,domain,disinhibition,f,"[18,35)",0.3333,40.6,36,47.7,0.1744,0
sf,domain,disinhibition,f,"[18,35)",0.4167,42.6,37.4,49.5,0.2308,0
sf,domain,disinhibition,f,"[18,35)",0.5,44.6,39,51.2,0.2931,0
sf,domain,disinhibition,f,"[18,35)",0.5833,46.4,40.4,52.9,0.3607,0
sf,domain,disinhibition,f,"[18,35)",0.6667,48.1,41.9,54.5,0.426,0
sf,domain,disinhibition,f,"[18,35)",0.75,49.8,43.6,56.2,0.4914,0
sf,domain,disinhibition,f,"[18,35)",0.8333,51.4,45,57.8,0.5556,0
sf,domain,disinhibition,f,"[18,35)",0.9167,53,46.5,59.4,0.619,0
sf,domain,disinhibition,f,"[18,35)",1,54.6,47.9,61,0.6785,0
sf,domain,disinhibition,f,"[18,35)",1.0833,56.3,49.3,62.7,0.7361,0
sf,domain,disinhibition,f,"[18,35)",1.1667,58,50.7,64.2,0.7876,0
sf,domain,disinhibition,f,"[18,35)",1.25,59.7,52.1,65.7,0.8332,0
sf,domain,disinhibition,f,"[18,35)",1.3333,61.4,53.4,67.2,0.8733,0
sf,domain,disinhibition,f,"[18,35)",1.4167,63.1,54.7,68.6,0.9051,0
sf,domain,disinhibition,f,"[18,35)",1.5,64.8,56.2,70.2,0.9302,0
sf,domain,disinhibition,f,"[18,35)",1.5833,66.5,57.6,71.8,0.951,0
sf,domain,disinhibition,f,"[18,35)",1.6667,68.1,59.1,73.1,0.9651,0
sf,domain,disinhibition,f,"[18,35)",1.75,70,60.6,74.4,0.9771,0
sf,domain,disinhibition,f,"[18,35)",1.8333,71.3,62.1,75.7,0.9836,0
sf,domain,disinhibition,f,"[18,35)",1.9167,73.3,63.6,76.9,0.9902,0
sf,domain,disinhibition,f,"[18,35)",2,74.8,65.1,78,0.9934,0
sf,domain,disinhibition,f,"[18,35)",2.0833,77.2,66.6,78.9,0.9967,1
sf,domain,disinhibition,f,"[18,35)",2.1667,77.2,68.2,80.2,0.9967,1
sf,domain,disinhibition,f,"[18,35)",2.25,77.2,69.7,82,0.9967,1
sf,domain,disinhibition,f,"[18,35)",2.3333,87.2,71.4,84,1,1
sf,domain,disinhibition,f,"[18,35)",2.4167,87.2,72.9,86.5,1,1
sf,domain,disinhibition,f,"[18,35)",2.5,87.2,74.4,87.2,1,1
sf,domain,disinhibition,f,"[18,35)",2.5833,87.2,75.9,87.2,1,1
sf,domain,disinhibition,f,"[18,35)",2.6667,87.2,77.3,87.2,1,1
sf,domain,disinhibition,f,"[18,35)",2.75,87.2,78.6,87.2,1,1
sf,domain,disinhibition,f,"[18,35)",2.8333,87.2,80.1,87.2,1,1
sf,domain,disinhibition,f,"[18,35)",2.9167,87.2,82.2,87.2,1,1
sf,domain,disinhibition,f,"[18,35)",3,87.2,84.1,87.2,1,1
sf,domain,disinhibition,f,"[35,50)",0,33.5,33.5,39.6,0.0492,0
sf,domain,disinhibition,f,"[35,50)",0.0833,36.3,34,43,0.0854,0
sf,domain,disinhibition,f,"[35,50)",0.1667,38.7,35.1,45.6,0.13,0
sf,domain,disinhibition,f,"[35,50)",0.25,40.9,36.6,47.9,0.1814,0
sf,domain,disinhibition,f,"[35,50)",0.3333,43,38.1,50,0.2412,0
sf,domain,disinhibition,f,"[35,50)",0.4167,44.9,39.6,52,0.3052,0
sf,domain,disinhibition,f,"[35,50)",0.5,46.8,41.1,54,0.3755,0
sf,domain,disinhibition,f,"[35,50)",0.5833,48.7,42.7,55.9,0.4484,0
sf,domain,disinhibition,f,"[35,50)",0.6667,50.6,44.2,57.8,0.5245,0
sf,domain,disinhibition,f,"[35,50)",0.75,52.6,45.7,59.6,0.6011,0
sf,domain,disinhibition,f,"[35,50)",0.8333,54.5,47.2,61.3,0.6742,0
sf,domain,disinhibition,f,"[35,50)",0.9167,56.5,48.6,62.9,0.7412,0
sf,domain,disinhibition,f,"[35,50)",1,58.3,50.2,64.4,0.7975,0
sf,domain,disinhibition,f,"[35,50)",1.0833,60.2,51.7,65.9,0.8459,0
sf,domain,disinhibition,f,"[35,50)",1.1667,61.9,53.2,67.2,0.8834,0
sf,domain,disinhibition,f,"[35,50)",1.25,63.6,54.7,68.4,0.913,0
sf,domain,disinhibition,f,"[35,50)",1.3333,65.2,56.4,69.5,0.9354,0
sf,domain,disinhibition,f,"[35,50)",1.4167,66.7,58,70.6,0.9526,0
sf,domain,disinhibition,f,"[35,50)",1.5,68,59.5,71.6,0.9644,0
sf,domain,disinhibition,f,"[35,50)",1.5833,69.5,61.1,72.6,0.9743,0
sf,domain,disinhibition,f,"[35,50)",1.6667,70.6,62.6,73.6,0.9802,0
sf,domain,disinhibition,f,"[35,50)",1.75,71.5,64,74.7,0.9842,0
sf,domain,disinhibition,f,"[35,50)",1.8333,72.6,65.5,75.8,0.9881,0
sf,domain,disinhibition,f,"[35,50)",1.9167,74.1,66.8,77.1,0.9921,0
sf,domain,disinhibition,f,"[35,50)",2,75.2,68.2,78.4,0.9941,0
sf,domain,disinhibition,f,"[35,50)",2.0833,76.6,69.3,80,0.996,1
sf,domain,disinhibition,f,"[35,50)",2.1667,76.6,70.5,81.6,0.996,1
sf,domain,disinhibition,f,"[35,50)",2.25,78.8,71.8,83.6,0.998,1
sf,domain,disinhibition,f,"[35,50)",2.3333,78.8,72.9,85.5,0.998,1
sf,domain,disinhibition,f,"[35,50)",2.4167,87.2,74.1,87.2,1,1
sf,domain,disinhibition,f,"[35,50)",2.5,87.2,75.2,87.2,1,1
sf,domain,disinhibition,f,"[35,50)",2.5833,87.2,76.5,87.2,1,1
sf,domain,disinhibition,f,"[35,50)",2.6667,87.2,78,87.2,1,1
sf,domain,disinhibition,f,"[35,50)",2.75,87.2,79.6,87.2,1,1
sf,domain,disinhibition,f,"[35,50)",2.8333,87.2,81.5,87.2,1,1
sf,domain,disinhibition,f,"[35,50)",2.9167,87.2,83.6,87.2,1,1
sf,domain,disinhibition,f,"[35,50)",3,87.2,85.5,87.2,1,1
sf,domain,disinhibition,f,"[50,65)",0,33.7,33.8,40.2,0.0516,0
sf,domain,disinhibition,f,"[50,65)",0.0833,36.7,34.2,43.7,0.0913,0
sf,domain,disinhibition,f,"[50,65)",0.1667,39.2,35.4,46.4,0.1408,0
sf,domain,disinhibition,f,"[50,65)",0.25,41.5,37,48.8,0.198,0
sf,domain,disinhibition,f,"[50,65)",0.3333,43.6,38.5,51.1,0.2613,0
sf,domain,disinhibition,f,"[50,65)",0.4167,45.7,40.1,53.4,0.3321,0
sf,domain,disinhibition,f,"[50,65)",0.5,47.7,41.7,55.5,0.4104,0
sf,domain,disinhibition,f,"[50,65)",0.5833,49.8,43.2,57.4,0.4939,0
sf,domain,disinhibition,f,"[50,65)",0.6667,52,44.8,59.5,0.5784,0
sf,domain,disinhibition,f,"[50,65)",0.75,54.1,46.3,61.3,0.6587,0
sf,domain,disinhibition,f,"[50,65)",0.8333,56.2,48,63.1,0.7322,0
sf,domain,disinhibition,f,"[50,65)",0.9167,58.3,49.6,64.7,0.7954,0
sf,domain,disinhibition,f,"[50,65)",1,60.2,51.3,66.3,0.8471,0
sf,domain,disinhibition,f,"[50,65)",1.0833,62.2,53,67.9,0.888,0
sf,domain,disinhibition,f,"[50,65)",1.1667,63.9,54.6,69.6,0.9185,0
sf,domain,disinhibition,f,"[50,65)",1.25,65.7,56.3,71.2,0.9415,0
sf,domain,disinhibition,f,"[50,65)",1.3333,67.4,58,72.9,0.959,0
sf,domain,disinhibition,f,"[50,65)",1.4167,69.2,59.7,74.7,0.9724,0
sf,domain,disinhibition,f,"[50,65)",1.5,71,61.2,76.3,0.9821,0
sf,domain,disinhibition,f,"[50,65)",1.5833,72.9,62.8,78,0.9891,0
sf,domain,disinhibition,f,"[50,65)",1.6667,74.8,64.4,79.5,0.9935,0
sf,domain,disinhibition,f,"[50,65)",1.75,76.8,65.9,80.9,0.9963,1
sf,domain,disinhibition,f,"[50,65)",1.8333,78.1,67.3,82.3,0.9976,1
sf,domain,disinhibition,f,"[50,65)",1.9167,80.3,68.9,83.7,0.9988,1
sf,domain,disinhibition,f,"[50,65)",2,80.3,70.5,85.6,0.9988,1
sf,domain,disinhibition,f,"[50,65)",2.0833,87.2,72.2,86.8,1,1
sf,domain,disinhibition,f,"[50,65)",2.1667,87.2,73.9,87.2,1,1
sf,domain,disinhibition,f,"[50,65)",2.25,87.2,75.7,87.2,1,1
sf,domain,disinhibition,f,"[50,65)",2.3333,87.2,77.3,87.2,1,1
sf,domain,disinhibition,f,"[50,65)",2.4167,87.2,79,87.2,1,1
sf,domain,disinhibition,f,"[50,65)",2.5,87.2,80.5,87.2,1,1
sf,domain,disinhibition,f,"[50,65)",2.5833,87.2,81.9,87.2,1,1
sf,domain,disinhibition,f,"[50,65)",2.6667,87.2,83.4,87.2,1,1
sf,domain,disinhibition,f,"[50,65)",2.75,87.2,85.3,87.2,1,1
sf,domain,disinhibition,f,"[50,65)",2.8333,87.2,86.7,87.2,1,1
sf,domain,disinhibition,f,"[50,65)",2.9167,87.2,87,87.2,1,1
sf,domain,disinhibition,f,"[50,65)",3,87.2,87.2,87.2,1,1
sf,domain,disinhibition,f,"[65,Inf)",0,31.9,31.9,39.6,0.0352,0
sf,domain,disinhibition,f,"[65,Inf)",0.0833,35.2,32.6,43.2,0.0689,0
sf,domain,disinhibition,f,"[65,Inf)",0.1667,37.9,33.9,46.2,0.114,0
sf,domain,disinhibition,f,"[65,Inf)",0.25,40.5,35.6,48.8,0.1717,0
sf,domain,disinhibition,f,"[65,Inf)",0.3333,42.9,37.3,51.3,0.2379,0
sf,domain,disinhibition,f,"[65,Inf)",0.4167,45.2,39,53.7,0.3151,0
sf,domain,disinhibition,f,"[65,Inf)",0.5,47.5,40.8,56.1,0.4011,0
sf,domain,disinhibition,f,"[65,Inf)",0.5833,49.8,42.5,58.4,0.4934,0
sf,domain,disinhibition,f,"[65,Inf)",0.6667,52.2,44.2,60.5,0.5879,0
sf,domain,disinhibition,f,"[65,Inf)",0.75,54.6,45.9,62.6,0.678,0
sf,domain,disinhibition,f,"[65,Inf)",0.8333,57,47.7,64.7,0.7589,0
sf,domain,disinhibition,f,"[65,Inf)",0.9167,59.3,49.5,66.6,0.8251,0
sf,domain,disinhibition,f,"[65,Inf)",1,61.6,51.3,68.4,0.8764,0
sf,domain,disinhibition,f,"[65,Inf)",1.0833,63.8,53.2,70.1,0.9167,0
sf,domain,disinhibition,f,"[65,Inf)",1.1667,66,55.1,71.6,0.9451,0
sf,domain,disinhibition,f,"[65,Inf)",1.25,68,56.9,73,0.9639,0
sf,domain,disinhibition,f,"[65,Inf)",1.3333,69.9,58.7,74.6,0.9768,0
sf,domain,disinhibition,f,"[65,Inf)",1.4167,71.8,60.6,76,0.9853,0
sf,domain,disinhibition,f,"[65,Inf)",1.5,73.2,62.4,77.6,0.9899,0
sf,domain,disinhibition,f,"[65,Inf)",1.5833,74.9,64.2,79.2,0.9936,0
sf,domain,disinhibition,f,"[65,Inf)",1.6667,77.2,66,81.1,0.9968,1
sf,domain,disinhibition,f,"[65,Inf)",1.75,79.5,67.7,83.1,0.9984,1
sf,domain,disinhibition,f,"[65,Inf)",1.8333,79.5,69.4,85.8,0.9984,1
sf,domain,disinhibition,f,"[65,Inf)",1.9167,87.2,70.9,87.1,1,1
sf,domain,disinhibition,f,"[65,Inf)",2,87.2,72.4,87.2,1,1
sf,domain,disinhibition,f,"[65,Inf)",2.0833,87.2,74,87.2,1,1
sf,domain,disinhibition,f,"[65,Inf)",2.1667,87.2,75.5,87.2,1,1
sf,domain,disinhibition,f,"[65,Inf)",2.25,87.2,77,87.2,1,1
sf,domain,disinhibition,f,"[65,Inf)",2.3333,87.2,78.5,87.2,1,1
sf,domain,disinhibition,f,"[65,Inf)",2.4167,87.2,80.2,87.2,1,1
sf,domain,disinhibition,f,"[65,Inf)",2.5,87.2,82.1,87.2,1,1
sf,domain,disinhibition,f,"[65,Inf)",2.5833,87.2,84.4,87.2,1,1
sf,domain,disinhibition,f,"[65,Inf)",2.6667,87.2,86.2,87.2,1,1
sf,domain,disinhibition,f,"[65,Inf)",2.75,87.2,87.2,87.2,1,1
sf,domain,disinhibition,f,"[65,Inf)",2.8333,87.2,87.2,87.2,1,1
sf,domain,disinhibition,f,"[65,Inf)",2.9167,87.2,87.2,87.2,1,1
sf,domain,disinhibition,f,"[65,Inf)",3,87.2,87.2,87.2,1,1
sf,domain,disinhibition,m,"[18,35)",0,30.5,30.4,37.4,0.0256,0
sf,domain,disinhibition,m,"[18,35)",0.0833,33.4,31,40.9,0.048,0
sf,domain,disinhibition,m,"[18,35)",0.1667,35.9,32.3,43.5,0.0789,0
sf,domain,disinhibition,m,"[18,35)",0.25,38.3,33.8,45.7,0.1202,0
sf,domain,disinhibition,m,"[18,35)",0.3333,40.4,35.3,47.7,0.1688,0
sf,domain,disinhibition,m,"[18,35)",0.4167,42.5,37,49.7,0.2271,0
sf,domain,disinhibition,m,"[18,35)",0.5,44.4,38.6,51.5,0.2873,0
sf,domain,disinhibition,m,"[18,35)",0.5833,46.3,40.3,53.5,0.3567,0
sf,domain,disinhibition,m,"[18,35)",0.6667,48.1,41.9,55.3,0.4255,0
sf,domain,disinhibition,m,"[18,35)",0.75,50,43.4,56.9,0.4992,0
sf,domain,disinhibition,m,"[18,35)",0.8333,51.8,44.9,58.8,0.5714,0
sf,domain,disinhibition,m,"[18,35)",0.9167,53.7,46.4,60.4,0.6431,0
sf,domain,disinhibition,m,"[18,35)",1,55.5,47.9,62,0.7089,0
sf,domain,disinhibition,m,"[18,35)",1.0833,57.3,49.4,63.5,0.7684,0
sf,domain,disinhibition,m,"[18,35)",1.1667,59.2,50.9,64.8,0.8201,0
sf,domain,disinhibition,m,"[18,35)",1.25,60.9,52.4,66.1,0.8617,0
sf,domain,disinhibition,m,"[18,35)",1.3333,62.5,53.9,67.5,0.8947,0
sf,domain,disinhibition,m,"[18,35)",1.4167,64.2,55.4,68.7,0.9217,0
sf,domain,disinhibition,m,"[18,35)",1.5,65.5,57,69.8,0.94,0
sf,domain,disinhibition,m,"[18,35)",1.5833,66.9,58.6,71.1,0.9547,0
sf,domain,disinhibition,m,"[18,35)",1.6667,68.4,60.2,72.3,0.967,0
sf,domain,disinhibition,m,"[18,35)",1.75,69.7,61.6,73.8,0.9753,0
sf,domain,disinhibition,m,"[18,35)",1.8333,70.9,63,75.2,0.9816,0
sf,domain,disinhibition,m,"[18,35)",1.9167,72.5,64.4,77.1,0.9877,0
sf,domain,disinhibition,m,"[18,35)",2,73.8,65.8,79.1,0.9913,0
sf,domain,disinhibition,m,"[18,35)",2.0833,75.7,67.1,81.6,0.995,0
sf,domain,disinhibition,m,"[18,35)",2.1667,76.8,68.5,83.8,0.9964,1
sf,domain,disinhibition,m,"[18,35)",2.25,87.2,69.8,86.6,1,1
sf,domain,disinhibition,m,"[18,35)",2.3333,87.2,71.1,87.2,1,1
sf,domain,disinhibition,m,"[18,35)",2.4167,87.2,72.4,87.2,1,1
sf,domain,disinhibition,m,"[18,35)",2.5,87.2,73.9,87.2,1,1
sf,domain,disinhibition,m,"[18,35)",2.5833,87.2,75.5,87.2,1,1
sf,domain,disinhibition,m,"[18,35)",2.6667,87.2,77.5,87.2,1,1
sf,domain,disinhibition,m,"[18,35)",2.75,87.2,79.5,87.2,1,1
sf,domain,disinhibition,m,"[18,35)",2.8333,87.2,81.8,87.2,1,1
sf,domain,disinhibition,m,"[18,35)",2.9167,87.2,83.8,87.2,1,1
sf,domain,disinhibition,m,"[18,35)",3,87.2,85.9,87.2,1,1
sf,domain,disinhibition,m,"[35,50)",0,32.3,32.4,38.8,0.0386,0
sf,domain,disinhibition,m,"[35,50)",0.0833,35.2,32.8,42.2,0.0692,0
sf,domain,disinhibition,m,"[35,50)",0.1667,37.7,34,44.7,0.1094,0
sf,domain,disinhibition,m,"[35,50)",0.25,40,35.6,46.8,0.1585,0
sf,domain,disinhibition,m,"[35,50)",0.3333,42,37.1,48.8,0.2116,0
sf,domain,disinhibition,m,"[35,50)",0.4167,43.9,38.6,50.7,0.2715,0
sf,domain,disinhibition,m,"[35,50)",0.5,45.7,40.2,52.6,0.3344,0
sf,domain,disinhibition,m,"[35,50)",0.5833,47.5,41.8,54.5,0.4024,0
sf,domain,disinhibition,m,"[35,50)",0.6667,49.3,43.3,56.4,0.473,0
sf,domain,disinhibition,m,"[35,50)",0.75,51.1,44.8,58.3,0.5444,0
sf,domain,disinhibition,m,"[35,50)",0.8333,52.9,46.2,60.1,0.6153,0
sf,domain,disinhibition,m,"[35,50)",0.9167,54.8,47.6,61.9,0.6839,0
sf,domain,disinhibition,m,"[35,50)",1,56.7,49.1,63.5,0.7486,0
sf,domain,disinhibition,m,"[35,50)",1.0833,58.6,50.5,65.3,0.8048,0
sf,domain,disinhibition,m,"[35,50)",1.1667,60.5,52,67,0.8535,0
sf,domain,disinhibition,m,"[35,50)",1.25,62.4,53.4,68.7,0.8928,0
sf,domain,disinhibition,m,"[35,50)",1.3333,64.3,55,70.5,0.9235,0
sf,domain,disinhibition,m,"[35,50)",1.4167,66.1,56.6,72.2,0.9464,0
sf,domain,disinhibition,m,"[35,50)",1.5,68.1,58.1,73.9,0.9649,0
sf,domain,disinhibition,m,"[35,50)",1.5833,70.1,59.7,75.7,0.9778,0
sf,domain,disinhibition,m,"[35,50)",1.6667,71.9,61.4,77.5,0.9857,0
sf,domain,disinhibition,m,"[35,50)",1.75,74.2,62.9,79.2,0.9921,0
sf,domain,disinhibition,m,"[35,50)",1.8333,76.3,64.6,81.2,0.9957,1
sf,domain,disinhibition,m,"[35,50)",1.9167,78.5,66.1,83.3,0.9978,1
sf,domain,disinhibition,m,"[35,50)",2,79.9,67.9,85.3,0.9986,1
sf,domain,disinhibition,m,"[35,50)",2.0833,87.2,69.6,87.2,1,1
sf,domain,disinhibition,m,"[35,50)",2.1667,87.2,71.4,87.2,1,1
sf,domain,disinhibition,m,"[35,50)",2.25,87.2,73.1,87.2,1,1
sf,domain,disinhibition,m,"[35,50)",2.3333,87.2,74.8,87.2,1,1
sf,domain,disinhibition,m,"[35,50)",2.4167,87.2,76.6,87.2,1,1
sf,domain,disinhibition,m,"[35,50)",2.5,87.2,78.5,87.2,1,1
sf,domain,disinhibition,m,"[35,50)",2.5833,87.2,80.4,87.2,1,1
sf,domain,disinhibition,m,"[35,50)",2.6667,87.2,82.4,87.2,1,1
sf,domain,disinhibition,m,"[35,50)",2.75,87.2,84.5,87.2,1,1
sf,domain,disinhibition,m,"[35,50)",2.8333,87.2,85.7,87.2,1,1
sf,domain,disinhibition,m,"[35,50)",2.9167,87.2,87.2,87.2,1,1
sf,domain,disinhibition,m,"[35,50)",3,87.2,87.2,87.2,1,1
sf,domain,disinhibition,m,"[50,65)",0,32.7,32.7,40,0.042,0
sf,domain,disinhibition,m,"[50,65)",0.0833,35.9,33.3,43.4,0.0791,0
sf,domain,disinhibition,m,"[50,65)",0.1667,38.7,34.6,46,0.1291,0
sf,domain,disinhibition,m,"[50,65)",0.25,41.2,36.2,48.3,0.1886,0
sf,domain,disinhibition,m,"[50,65)",0.3333,43.4,37.9,50.5,0.2532,0
sf,domain,disinhibition,m,"[50,65)",0.4167,45.4,39.6,52.4,0.3212,0
sf,domain,disinhibition,m,"[50,65)",0.5,47.3,41.3,54.4,0.3932,0
sf,domain,disinhibition,m,"[50,65)",0.5833,49.2,43,56.3,0.4699,0
sf,domain,disinhibition,m,"[50,65)",0.6667,51.1,44.5,58.2,0.545,0
sf,domain,disinhibition,m,"[50,65)",0.75,53,46.1,60,0.6197,0
sf,domain,disinhibition,m,"[50,65)",0.8333,54.9,47.6,61.9,0.6895,0
sf,domain,disinhibition,m,"[50,65)",0.9167,56.9,49.2,63.6,0.7546,0
sf,domain,disinhibition,m,"[50,65)",1,58.8,50.6,65.3,0.8108,0
sf,domain,disinhibition,m,"[50,65)",1.0833,60.7,52.2,66.9,0.8582,0
sf,domain,disinhibition,m,"[50,65)",1.1667,62.6,53.8,68.6,0.8965,0
sf,domain,disinhibition,m,"[50,65)",1.25,64.4,55.2,70.1,0.9258,0
sf,domain,disinhibition,m,"[50,65)",1.3333,66.2,56.8,71.7,0.9475,0
sf,domain,disinhibition,m,"[50,65)",1.4167,68,58.4,73.4,0.9642,0
sf,domain,disinhibition,m,"[50,65)",1.5,69.7,60,75.2,0.9758,0
sf,domain,disinhibition,m,"[50,65)",1.5833,71.5,61.6,77,0.9842,0
sf,domain,disinhibition,m,"[50,65)",1.6667,73.4,63.2,79.1,0.9904,0
sf,domain,disinhibition,m,"[50,65)",1.75,75.5,64.7,80.9,0.9946,0
sf,domain,disinhibition,m,"[50,65)",1.8333,77.6,66.3,83.5,0.9971,1
sf,domain,disinhibition,m,"[50,65)",1.9167,80.2,67.9,85.8,0.9987,1
sf,domain,disinhibition,m,"[50,65)",2,87.2,69.5,87.1,1,1
sf,domain,disinhibition,m,"[50,65)",2.0833,87.2,71,87.2,1,1
sf,domain,disinhibition,m,"[50,65)",2.1667,87.2,72.6,87.2,1,1
sf,domain,disinhibition,m,"[50,65)",2.25,87.2,74.4,87.2,1,1
sf,domain,disinhibition,m,"[50,65)",2.3333,87.2,76.2,87.2,1,1
sf,domain,disinhibition,m,"[50,65)",2.4167,87.2,78,87.2,1,1
sf,domain,disinhibition,m,"[50,65)",2.5,87.2,80,87.2,1,1
sf,domain,disinhibition,m,"[50,65)",2.5833,87.2,82,87.2,1,1
sf,domain,disinhibition,m,"[50,65)",2.6667,87.2,84.5,87.2,1,1
sf,domain,disinhibition,m,"[50,65)",2.75,87.2,86.5,87.2,1,1
sf,domain,disinhibition,m,"[50,65)",2.8333,87.2,87.2,87.2,1,1
sf,domain,disinhibition,m,"[50,65)",2.9167,87.2,87.2,87.2,1,1
sf,domain,disinhibition,m,"[50,65)",3,87.2,87.2,87.2,1,1
sf,domain,disinhibition,m,"[65,Inf)",0,31.5,31.5,39,0.0322,0
sf,domain,disinhibition,m,"[65,Inf)",0.0833,34.8,32.1,42.4,0.0639,0
sf,domain,disinhibition,m,"[65,Inf)",0.1667,37.5,33.5,45.1,0.1058,0
sf,domain,disinhibition,m,"[65,Inf)",0.25,40,35.3,47.4,0.1577,0
sf,domain,disinhibition,m,"[65,Inf)",0.3333,42.1,36.8,49.7,0.2152,0
sf,domain,disinhibition,m,"[65,Inf)",0.4167,44.1,38.5,52,0.2785,0
sf,domain,disinhibition,m,"[65,Inf)",0.5,46.1,40.3,54.2,0.3486,0
sf,domain,disinhibition,m,"[65,Inf)",0.5833,48.2,41.8,56.3,0.427,0
sf,domain,disinhibition,m,"[65,Inf)",0.6667,50.3,43.4,58.5,0.5116,0
sf,domain,disinhibition,m,"[65,Inf)",0.75,52.5,45,60.5,0.5989,0
sf,domain,disinhibition,m,"[65,Inf)",0.8333,54.7,46.5,62.4,0.6823,0
sf,domain,disinhibition,m,"[65,Inf)",0.9167,57,48,64.2,0.7574,0
sf,domain,disinhibition,m,"[65,Inf)",1,59.1,49.8,66,0.8197,0
sf,domain,disinhibition,m,"[65,Inf)",1.0833,61.3,51.5,67.8,0.8699,0
sf,domain,disinhibition,m,"[65,Inf)",1.1667,63.3,53.3,69.6,0.9079,0
sf,domain,disinhibition,m,"[65,Inf)",1.25,65.3,55,71.4,0.9366,0
sf,domain,disinhibition,m,"[65,Inf)",1.3333,67.3,56.8,73.3,0.9578,0
sf,domain,disinhibition,m,"[65,Inf)",1.4167,69.3,58.5,75.2,0.973,0
sf,domain,disinhibition,m,"[65,Inf)",1.5,71.2,60.2,77,0.9831,0
sf,domain,disinhibition,m,"[65,Inf)",1.5833,73.4,62.1,78.9,0.9903,0
sf,domain,disinhibition,m,"[65,Inf)",1.6667,75.5,63.6,81.2,0.9946,0
sf,domain,disinhibition,m,"[65,Inf)",1.75,77.8,65.3,83.6,0.9973,1
sf,domain,disinhibition,m,"[65,Inf)",1.8333,80,67,85.7,0.9986,1
sf,domain,disinhibition,m,"[65,Inf)",1.9167,87.2,68.7,87.2,1,1
sf,domain,disinhibition,m,"[65,Inf)",2,87.2,70.4,87.2,1,1
sf,domain,disinhibition,m,"[65,Inf)",2.0833,87.2,72.2,87.2,1,1
sf,domain,disinhibition,m,"[65,Inf)",2.1667,87.2,74,87.2,1,1
sf,domain,disinhibition,m,"[65,Inf)",2.25,87.2,75.9,87.2,1,1
sf,domain,disinhibition,m,"[65,Inf)",2.3333,87.2,77.9,87.2,1,1
sf,domain,disinhibition,m,"[65,Inf)",2.4167,87.2,79.8,87.2,1,1
sf,domain,disinhibition,m,"[65,Inf)",2.5,87.2,81.8,87.2,1,1
sf,domain,disinhibition,m,"[65,Inf)",2.5833,87.2,83.9,87.2,1,1
sf,domain,disinhibition,m,"[65,Inf)",2.6667,87.2,85.8,87.2,1,1
sf,domain,disinhibition,m,"[65,Inf)",2.75,87.2,86.7,87.2,1,1
sf,domain,disinhibition,m,"[65,Inf)",2.8333,87.2,87.2,87.2,1,1
sf,domain,disinhibition,m,"[65,Inf)",2.9167,87.2,87.2,87.2,1,1
sf,domain,disinhibition,m,"[65,Inf)",3,87.2,87.2,87.2,1,1
sf,domain,negative_affectivity,all,all,0,30.6,30.7,36.3,0.0262,0
sf,domain,negative_affectivity,all,all,0.0833,32.8,31,39.8,0.0431,0
sf,domain,negative_affectivity,all,all,0.1667,35,31.8,42.1,0.0666,0
sf,domain,negative_affectivity,all,all,0.25,37,33.1,44,0.0962,0
sf,domain,negative_affectivity,all,all,0.3333,38.9,34.4,45.8,0.1332,0
sf,domain,negative_affectivity,all,all,0.4167,40.7,35.8,47.5,0.1759,0
sf,domain,negative_affectivity,all,all,0.5,42.4,37.3,49.3,0.2247,0
sf,domain,negative_affectivity,all,all,0.5833,44.1,38.6,50.8,0.2783,0
sf,domain,negative_affectivity,all,all,0.6667,45.8,40,52.4,0.3356,0
sf,domain,negative_affectivity,all,all,0.75,47.4,41.4,53.9,0.3964,0
sf,domain,negative_affectivity,all,all,0.8333,49,42.7,55.4,0.4588,0
sf,domain,negative_affectivity,all,all,0.9167,50.5,44.1,56.9,0.5217,0
sf,domain,negative_affectivity,all,all,1,52.1,45.4,58.4,0.5843,0
sf,domain,negative_affectivity,all,all,1.0833,53.7,46.8,59.8,0.6443,0
sf,domain,negative_affectivity,all,all,1.1667,55.3,48.2,61.2,0.7011,0
sf,domain,negative_affectivity,all,all,1.25,56.8,49.5,62.6,0.7526,0
sf,domain,negative_affectivity,all,all,1.3333,58.4,50.9,63.9,0.7991,0
sf,domain,negative_affectivity,all,all,1.4167,59.9,52.2,65.3,0.8394,0
sf,domain,negative_affectivity,all,all,1.5,61.4,53.6,66.5,0.8735,0
sf,domain,negative_affectivity,all,all,1.5833,62.9,55,67.8,0.9019,0
sf,domain,negative_affectivity,all,all,1.6667,64.4,56.4,69.1,0.925,0
sf,domain,negative_affectivity,all,all,1.75,65.8,57.9,70.3,0.9432,0
sf,domain,negative_affectivity,all,all,1.8333,67.2,59.3,71.5,0.9575,0
sf,domain,negative_affectivity,all,all,1.9167,68.6,60.6,72.6,0.9685,0
sf,domain,negative_affectivity,all,all,2,70,62.1,73.8,0.9772,0
sf,domain,negative_affectivity,all,all,2.0833,71.3,63.5,74.9,0.9836,0
sf,domain,negative_affectivity,all,all,2.1667,72.7,64.9,76,0.9883,0
sf,domain,negative_affectivity,all,all,2.25,73.9,66.3,77.2,0.9917,0
sf,domain,negative_affectivity,all,all,2.3333,75.3,67.8,78.3,0.9942,0
sf,domain,negative_affectivity,all,all,2.4167,76.5,69.2,79.4,0.996,1
sf,domain,negative_affectivity,all,all,2.5,77.8,70.6,80.6,0.9973,1
sf,domain,negative_affectivity,all,all,2.5833,79.1,72.1,81.8,0.9982,1
sf,domain,negative_affectivity,all,all,2.6667,80.4,73.5,83,0.9988,1
sf,domain,negative_affectivity,all,all,2.75,81.9,75,84.5,0.9993,1
sf,domain,negative_affectivity,all,all,2.8333,83.8,76.7,86,0.9996,1
sf,domain,negative_affectivity,all,all,2.9167,87.2,78.5,86.8,1,1
sf,domain,negative_affectivity,all,all,3,87.2,81.1,87.2,1,1
sf,domain,negative_affectivity,f,"[18,35)",0,26.7,26.2,32.7,0.0098,0
sf,domain,negative_affectivity,f,"[18,35)",0.0833,29.1,27,36,0.0185,0
sf,domain,negative_affectivity,f,"[18,35)",0.1667,31,28.1,38.2,0.0289,0
sf,domain,negative_affectivity,f,"[18,35)",0.25,33,29.3,40.1,0.0446,0
sf,domain,negative_affectivity,f,"[18,35)",0.3333,34.9,30.7,41.8,0.0653,0
sf,domain,negative_affectivity,f,"[18,35)",0.4167,36.7,32,43.4,0.0914,0
sf,domain,negative_affectivity,f,"[18,35)",0.5,38.3,33.4,44.9,0.1209,0
sf,domain,negative_affectivity,f,"[18,35)",0.5833,39.9,34.9,46.5,0.1557,0
sf,domain,negative_affectivity,f,"[18,35)",0.6667,41.4,36.2,47.9,0.1959,0
sf,domain,negative_affectivity,f,"[18,35)",0.75,43,37.6,49.5,0.2416,0
sf,domain,negative_affectivity,f,"[18,35)",0.8333,44.4,38.9,50.9,0.2873,0
sf,domain,negative_affectivity,f,"[18,35)",0.9167,45.9,40.2,52.4,0.3417,0
sf,domain,negative_affectivity,f,"[18,35)",1,47.4,41.5,53.7,0.3962,0
sf,domain,negative_affectivity,f,"[18,35)",1.0833,48.9,42.8,55.1,0.4571,0
sf,domain,negative_affectivity,f,"[18,35)",1.1667,50.4,44,56.4,0.5158,0
sf,domain,negative_affectivity,f,"[18,35)",1.25,51.9,45.3,57.6,0.576,0
sf,domain,negative_affectivity,f,"[18,35)",1.3333,53.4,46.6,58.9,0.6315,0
sf,domain,negative_affectivity,f,"[18,35)",1.4167,54.8,47.9,60.2,0.6835,0
sf,domain,negative_affectivity,f,"[18,35)",1.5,56.2,49.2,61.4,0.7325,0
sf,domain,negative_affectivity,f,"[18,35)",1.5833,57.6,50.6,62.8,0.7765,0
sf,domain,negative_affectivity,f,"[18,35)",1.6667,58.9,52,63.9,0.8145,0
sf,domain,negative_affectivity,f,"[18,35)",1.75,60.3,53.3,65.2,0.8492,0
sf,domain,negative_affectivity,f,"[18,35)",1.8333,61.7,54.6,66.4,0.8789,0
sf,domain,negative_affectivity,f,"[18,35)",1.9167,63.1,55.9,67.6,0.9041,0
sf,domain,negative_affectivity,f,"[18,35)",2,64.5,57.3,68.8,0.9259,0
sf,domain,negative_affectivity,f,"[18,35)",2.0833,65.8,58.7,70,0.9433,0
sf,domain,negative_affectivity,f,"[18,35)",2.1667,67.2,59.9,71.5,0.9575,0
sf,domain,negative_affectivity,f,"[18,35)",2.25,68.6,61.3,72.8,0.9684,0
sf,domain,negative_affectivity,f,"[18,35)",2.3333,70,62.7,74.1,0.9771,0
sf,domain,negative_affectivity,f,"[18,35)",2.4167,71.6,64,75.4,0.9847,0
sf,domain,negative_affectivity,f,"[18,35)",2.5,73.3,65.5,76.8,0.9902,0
sf,domain,negative_affectivity,f,"[18,35)",2.5833,74.8,67,78.4,0.9934,0
sf,domain,negative_affectivity,f,"[18,35)",2.6667,77.2,68.4,79.7,0.9967,1
sf,domain,negative_affectivity,f,"[18,35)",2.75,77.2,70.1,81.5,0.9967,1
sf,domain,negative_affectivity,f,"[18,35)",2.8333,87.2,71.9,84.1,1,1
sf,domain,negative_affectivity,f,"[18,35)",2.9167,87.2,73.9,85.6,1,1
sf,domain,negative_affectivity,f,"[18,35)",3,87.2,76.8,86.4,1,1
sf,domain,negative_affectivity,f,"[35,50)",0,31.2,31,36.3,0.0302,0
sf,domain,negative_affectivity,f,"[35,50)",0.0833,33.4,31.5,39.6,0.0481,0
sf,domain,negative_affectivity,f,"[35,50)",0.1667,35.4,32.3,41.7,0.0716,0
sf,domain,negative_affectivity,f,"[35,50)",0.25,37.2,33.5,43.6,0.0999,0
sf,domain,negative_affectivity,f,"[35,50)",0.3333,38.9,34.8,45.2,0.1328,0
sf,domain,negative_affectivity,f,"[35,50)",0.4167,40.5,36.1,46.8,0.1709,0
sf,domain,negative_affectivity,f,"[35,50)",0.5,42.1,37.4,48.5,0.2136,0
sf,domain,negative_affectivity,f,"[35,50)",0.5833,43.6,38.7,50.1,0.2617,0
sf,domain,negative_affectivity,f,"[35,50)",0.6667,45.1,39.9,51.6,0.3133,0
sf,domain,negative_affectivity,f,"[35,50)",0.75,46.6,41.1,53.3,0.3683,0
sf,domain,negative_affectivity,f,"[35,50)",0.8333,48.2,42.5,54.8,0.4268,0
sf,domain,negative_affectivity,f,"[35,50)",0.9167,49.7,43.7,56.4,0.4879,0
sf,domain,negative_affectivity,f,"[35,50)",1,51.3,45,57.8,0.5515,0
sf,domain,negative_affectivity,f,"[35,50)",1.0833,52.9,46.2,59.2,0.6137,0
sf,domain,negative_affectivity,f,"[35,50)",1.1667,54.5,47.5,60.6,0.67490000000000006,0
sf,domain,negative_affectivity,f,"[35,50)",1.25,56.1,48.7,62.1,0.7296,0
sf,domain,negative_affectivity,f,"[35,50)",1.3333,57.8,50.2,63.3,0.7815,0
sf,domain,negative_affectivity,f,"[35,50)",1.4167,59.3,51.5,64.6,0.8243,0
sf,domain,negative_affectivity,f,"[35,50)",1.5,60.8,52.9,65.8,0.8604,0
sf,domain,negative_affectivity,f,"[35,50)",1.5833,62.3,54.3,67.1,0.8907,0
sf,domain,negative_affectivity,f,"[35,50)",1.6667,63.7,55.8,68.3,0.9148,0
sf,domain,negative_affectivity,f,"[35,50)",1.75,65.1,57.3,69.5,0.9341,0
sf,domain,negative_affectivity,f,"[35,50)",1.8333,66.4,58.7,70.7,0.95,0
sf,domain,negative_affectivity,f,"[35,50)",1.9167,67.8,60.1,71.8,0.9625,0
sf,domain,negative_affectivity,f,"[35,50)",2,69.2,61.6,72.9,0.9723,0
sf,domain,negative_affectivity,f,"[35,50)",2.0833,70.5,62.9,74.1,0.9796,0
sf,domain,negative_affectivity,f,"[35,50)",2.1667,71.7,64.3,75.3,0.9848,0
sf,domain,negative_affectivity,f,"[35,50)",2.25,73.1,65.6,76.6,0.9895,0
sf,domain,negative_affectivity,f,"[35,50)",2.3333,74.1,67,78,0.9921,0
sf,domain,negative_affectivity,f,"[35,50)",2.4167,75.6,68.4,79.5,0.9947,0
sf,domain,negative_affectivity,f,"[35,50)",2.5,76.6,69.8,80.9,0.996,1
sf,domain,negative_affectivity,f,"[35,50)",2.5833,78.8,71.2,82.5,0.998,1
sf,domain,negative_affectivity,f,"[35,50)",2.6667,82.2,72.6,84.2,0.9994,1
sf,domain,negative_affectivity,f,"[35,50)",2.75,87.2,74.2,85.7,1,1
sf,domain,negative_affectivity,f,"[35,50)",2.8333,87.2,75.8,87.2,1,1
sf,domain,negative_affectivity,f,"[35,50)",2.9167,87.2,77.9,87.2,1,1
sf,domain,negative_affectivity,f,"[35,50)",3,87.2,80.5,87.2,1,1
sf,domain,negative_affectivity,f,"[50,65)",0,30.8,30.7,36.3,0.0272,0
sf,domain,negative_affectivity,f,"[50,65)",0.0833,33.1,31.1,39.8,0.045,0
sf,domain,negative_affectivity,f,"[50,65)",0.1667,35.1,31.9,42.2,0.0682,0
sf,domain,negative_affectivity,f,"[50,65)",0.25,37.2,33.2,44.2,0.0995,0
sf,domain,negative_affectivity,f,"[50,65)",0.3333,39.1,34.6,46,0.1368,0
sf,domain,negative_affectivity,f,"[50,65)",0.4167,40.9,36,47.7,0.1803,0
sf,domain,negative_affectivity,f,"[50,65)",0.5,42.6,37.4,49.4,0.229,0
sf,domain,negative_affectivity,f,"[50,65)",0.5833,44.2,38.8,51,0.2825,0
sf,domain,negative_affectivity,f,"[50,65)",0.6667,45.9,40.1,52.6,0.3406,0
sf,domain,negative_affectivity,f,"[50,65)",0.75,47.5,41.5,54.1,0.4024,0
sf,domain,negative_affectivity,f,"[50,65)",0.8333,49.1,42.9,55.7,0.4645,0
sf,domain,negative_affectivity,f,"[50,65)",0.9167,50.7,44.2,57.2,0.5283,0
sf,domain,negative_affectivity,f,"[50,65)",1,52.3,45.6,58.7,0.5919,0
sf,domain,negative_affectivity,f,"[50,65)",1.0833,53.9,46.9,60.3,0.6533,0
sf,domain,negative_affectivity,f,"[50,65)",1.1667,55.5,48.3,61.7,0.7094,0
sf,domain,negative_affectivity,f,"[50,65)",1.25,57.1,49.7,63.2,0.7612,0
sf,domain,negative_affectivity,f,"[50,65)",1.3333,58.7,51,64.5,0.8091,0
sf,domain,negative_affectivity,f,"[50,65)",1.4167,60.4,52.4,65.9,0.8503,0
sf,domain,negative_affectivity,f,"[50,65)",1.5,61.9,53.8,67.3,0.8837,0
sf,domain,negative_affectivity,f,"[50,65)",1.5833,63.5,55.3,68.6,0.9118,0
sf,domain,negative_affectivity,f,"[50,65)",1.6667,65.1,56.7,69.9,0.9339,0
sf,domain,negative_affectivity,f,"[50,65)",1.75,66.5,58.1,71.2,0.9509,0
sf,domain,negative_affectivity,f,"[50,65)",1.8333,68,59.6,72.5,0.9643,0
sf,domain,negative_affectivity,f,"[50,65)",1.9167,69.4,61.1,73.9,0.9741,0
sf,domain,negative_affectivity,f,"[50,65)",2,70.9,62.6,75.4,0.9818,0
sf,domain,negative_affectivity,f,"[50,65)",2.0833,72.4,64,77.1,0.9875,0
sf,domain,negative_affectivity,f,"[50,65)",2.1667,74.1,65.5,78.6,0.9919,0
sf,domain,negative_affectivity,f,"[50,65)",2.25,75.9,67,80.3,0.9952,1
sf,domain,negative_affectivity,f,"[50,65)",2.3333,77.7,68.4,81.9,0.9972,1
sf,domain,negative_affectivity,f,"[50,65)",2.4167,80.3,69.9,84,0.9988,1
sf,domain,negative_affectivity,f,"[50,65)",2.5,81.6,71.4,86.1,0.9992,1
sf,domain,negative_affectivity,f,"[50,65)",2.5833,87.2,73.1,87.2,1,1
sf,domain,negative_affectivity,f,"[50,65)",2.6667,87.2,74.7,87.2,1,1
sf,domain,negative_affectivity,f,"[50,65)",2.75,87.2,76.7,87.2,1,1
sf,domain,negative_affectivity,f,"[50,65)",2.8333,87.2,78.8,87.2,1,1
sf,domain,negative_affectivity,f,"[50,65)",2.9167,87.2,81,87.2,1,1
sf,domain,negative_affectivity,f,"[50,65)",3,87.2,84,87.2,1,1
sf,domain,negative_affectivity,f,"[65,Inf)",0,28.1,27.7,35.3,0.0142,0
sf,domain,negative_affectivity,f,"[65,Inf)",0.0833,30.7,28.6,38.9,0.0267,0
sf,domain,negative_affectivity,f,"[65,Inf)",0.1667,33.1,29.7,41.6,0.0458,0
sf,domain,negative_affectivity,f,"[65,Inf)",0.25,35.4,31.2,43.9,0.0722,0
sf,domain,negative_affectivity,f,"[65,Inf)",0.3333,37.7,32.7,45.9,0.1086,0
sf,domain,negative_affectivity,f,"[65,Inf)",0.4167,39.8,34.3,47.9,0.1528,0
sf,domain,negative_affectivity,f,"[65,Inf)",0.5,41.8,35.8,49.7,0.2066,0
sf,domain,negative_affectivity,f,"[65,Inf)",0.5833,43.8,37.4,51.6,0.269,0
sf,domain,negative_affectivity,f,"[65,Inf)",0.6667,45.7,39.1,53.3,0.3349,0
sf,domain,negative_affectivity,f,"[65,Inf)",0.75,47.6,40.6,55,0.4071,0
sf,domain,negative_affectivity,f,"[65,Inf)",0.8333,49.5,42.2,56.5,0.4792,0
sf,domain,negative_affectivity,f,"[65,Inf)",0.9167,51.3,43.8,58,0.5528,0
sf,domain,negative_affectivity,f,"[65,Inf)",1,53.1,45.3,59.6,0.621,0
sf,domain,negative_affectivity,f,"[65,Inf)",1.0833,54.8,46.8,61,0.684,0
sf,domain,negative_affectivity,f,"[65,Inf)",1.1667,56.5,48.5,62.5,0.741,0
sf,domain,negative_affectivity,f,"[65,Inf)",1.25,58.1,50,64.1,0.79,0
sf,domain,negative_affectivity,f,"[65,Inf)",1.3333,59.7,51.5,65.6,0.8333,0
sf,domain,negative_affectivity,f,"[65,Inf)",1.4167,61.3,53.1,67,0.8698,0
sf,domain,negative_affectivity,f,"[65,Inf)",1.5,62.9,54.5,68.5,0.9018,0
sf,domain,negative_affectivity,f,"[65,Inf)",1.5833,64.6,56.1,69.9,0.9278,0
sf,domain,negative_affectivity,f,"[65,Inf)",1.6667,66.2,57.5,71.3,0.9472,0
sf,domain,negative_affectivity,f,"[65,Inf)",1.75,67.8,59,72.9,0.9624,0
sf,domain,negative_affectivity,f,"[65,Inf)",1.8333,69.4,60.4,74.3,0.9738,0
sf,domain,negative_affectivity,f,"[65,Inf)",1.9167,71.1,62,75.8,0.9825,0
sf,domain,negative_affectivity,f,"[65,Inf)",2,72.7,63.5,77.4,0.9884,0
sf,domain,negative_affectivity,f,"[65,Inf)",2.0833,74.5,64.9,79.2,0.9928,0
sf,domain,negative_affectivity,f,"[65,Inf)",2.1667,76.3,66.6,81.2,0.9957,1
sf,domain,negative_affectivity,f,"[65,Inf)",2.25,79.5,68,83.6,0.9984,1
sf,domain,negative_affectivity,f,"[65,Inf)",2.3333,87.2,69.7,86.3,1,1
sf,domain,negative_affectivity,f,"[65,Inf)",2.4167,87.2,71.3,87.2,1,1
sf,domain,negative_affectivity,f,"[65,Inf)",2.5,87.2,72.8,87.2,1,1
sf,domain,negative_affectivity,f,"[65,Inf)",2.5833,87.2,74.7,87.2,1,1
sf,domain,negative_affectivity,f,"[65,Inf)",2.6667,87.2,76.4,87.2,1,1
sf,domain,negative_affectivity,f,"[65,Inf)",2.75,87.2,78.4,87.2,1,1
sf,domain,negative_affectivity,f,"[65,Inf)",2.8333,87.2,80.5,87.2,1,1
sf,domain,negative_affectivity,f,"[65,Inf)",2.9167,87.2,82.7,87.2,1,1
sf,domain,negative_affectivity,f,"[65,Inf)",3,87.2,84.9,87.2,1,1
sf,domain,negative_affectivity,m,"[18,35)",0,30.5,29.9,36.1,0.0255,0
sf,domain,negative_affectivity,m,"[18,35)",0.0833,32.6,30.7,39.5,0.0413,0
sf,domain,negative_affectivity,m,"[18,35)",0.1667,34.7,31.6,41.7,0.0634,0
sf,domain,negative_affectivity,m,"[18,35)",0.25,36.7,32.8,43.8,0.0926,0
sf,domain,negative_affectivity,m,"[18,35)",0.3333,38.7,34.2,45.6,0.1289,0
sf,domain,negative_affectivity,m,"[18,35)",0.4167,40.4,35.6,47.4,0.1693,0
sf,domain,negative_affectivity,m,"[18,35)",0.5,42.2,37,49,0.2164,0
sf,domain,negative_affectivity,m,"[18,35)",0.5833,43.8,38.4,50.7,0.2681,0
sf,domain,negative_affectivity,m,"[18,35)",0.6667,45.5,39.8,52.3,0.3262,0
sf,domain,negative_affectivity,m,"[18,35)",0.75,47.2,41.1,53.7,0.3882,0
sf,domain,negative_affectivity,m,"[18,35)",0.8333,48.8,42.5,55.2,0.4521,0
sf,domain,negative_affectivity,m,"[18,35)",0.9167,50.4,43.8,56.7,0.5172,0
sf,domain,negative_affectivity,m,"[18,35)",1,52,45.2,58,0.5798,0
sf,domain,negative_affectivity,m,"[18,35)",1.0833,53.6,46.6,59.5,0.6407,0
sf,domain,negative_affectivity,m,"[18,35)",1.1667,55.1,47.9,60.8,0.6943,0
sf,domain,negative_affectivity,m,"[18,35)",1.25,56.6,49.3,62.1,0.7459,0
sf,domain,negative_affectivity,m,"[18,35)",1.3333,58.1,50.8,63.3,0.7905,0
sf,domain,negative_affectivity,m,"[18,35)",1.4167,59.6,52.1,64.7,0.8303,0
sf,domain,negative_affectivity,m,"[18,35)",1.5,61,53.5,65.9,0.8649,0
sf,domain,negative_affectivity,m,"[18,35)",1.5833,62.4,54.9,67.1,0.8918,0
sf,domain,negative_affectivity,m,"[18,35)",1.6667,63.7,56.3,68.2,0.9142,0
sf,domain,negative_affectivity,m,"[18,35)",1.75,65.1,57.6,69.2,0.9349,0
sf,domain,negative_affectivity,m,"[18,35)",1.8333,66.5,59,70.2,0.951,0
sf,domain,negative_affectivity,m,"[18,35)",1.9167,67.7,60.3,71.1,0.962,0
sf,domain,negative_affectivity,m,"[18,35)",2,68.9,61.6,71.9,0.9706,0
sf,domain,negative_affectivity,m,"[18,35)",2.0833,70.1,62.9,72.7,0.9779,0
sf,domain,negative_affectivity,m,"[18,35)",2.1667,71.1,64.3,73.5,0.9826,0
sf,domain,negative_affectivity,m,"[18,35)",2.25,71.8,65.7,74.3,0.9853,0
sf,domain,negative_affectivity,m,"[18,35)",2.3333,72.9,67,75.1,0.9889,0
sf,domain,negative_affectivity,m,"[18,35)",2.4167,73.8,68.2,76,0.9913,0
sf,domain,negative_affectivity,m,"[18,35)",2.5,73.8,69.5,77.2,0.9913,0
sf,domain,negative_affectivity,m,"[18,35)",2.5833,75.7,70.7,78.4,0.995,0
sf,domain,negative_affectivity,m,"[18,35)",2.6667,76.8,71.9,79.9,0.9964,1
sf,domain,negative_affectivity,m,"[18,35)",2.75,76.8,72.9,81.9,0.9964,1
sf,domain,negative_affectivity,m,"[18,35)",2.8333,87.2,74.1,84.2,1,1
sf,domain,negative_affectivity,m,"[18,35)",2.9167,87.2,75.5,85.5,1,1
sf,domain,negative_affectivity,m,"[18,35)",3,87.2,77.6,87.2,1,1
sf,domain,negative_affectivity,m,"[35,50)",0,31.9,31.6,37.3,0.035,0
sf,domain,negative_affectivity,m,"[35,50)",0.0833,34.1,32.2,40.7,0.0565,0
sf,domain,negative_affectivity,m,"[35,50)",0.1667,36.3,33,43,0.0857,0
sf,domain,negative_affectivity,m,"[35,50)",0.25,38.3,34.3,44.9,0.1206,0
sf,domain,negative_affectivity,m,"[35,50)",0.3333,40.1,35.6,46.7,0.1615,0
sf,domain,negative_affectivity,m,"[35,50)",0.4167,41.8,37.1,48.3,0.2063,0
sf,domain,negative_affectivity,m,"[35,50)",0.5,43.5,38.4,50,0.2569,0
sf,domain,negative_affectivity,m,"[35,50)",0.5833,45.1,39.7,51.6,0.3116,0
sf,domain,negative_affectivity,m,"[35,50)",0.6667,46.7,41.1,53.1,0.3698,0
sf,domain,negative_affectivity,m,"[35,50)",0.75,48.2,42.4,54.6,0.4303,0
sf,domain,negative_affectivity,m,"[35,50)",0.8333,49.8,43.7,56.2,0.4927,0
sf,domain,negative_affectivity,m,"[35,50)",0.9167,51.4,45,57.6,0.5548,0
sf,domain,negative_affectivity,m,"[35,50)",1,52.9,46.4,59.1,0.6147,0
sf,domain,negative_affectivity,m,"[35,50)",1.0833,54.4,47.6,60.7,0.6714,0
sf,domain,negative_affectivity,m,"[35,50)",1.1667,56,49.1,62.1,0.7271,0
sf,domain,negative_affectivity,m,"[35,50)",1.25,57.6,50.3,63.6,0.7764,0
sf,domain,negative_affectivity,m,"[35,50)",1.3333,59.2,51.7,65.1,0.822,0
sf,domain,negative_affectivity,m,"[35,50)",1.4167,60.8,53,66.6,0.8607,0
sf,domain,negative_affectivity,m,"[35,50)",1.5,62.4,54.4,67.9,0.8929,0
sf,domain,negative_affectivity,m,"[35,50)",1.5833,64,55.7,69.3,0.9199,0
sf,domain,negative_affectivity,m,"[35,50)",1.6667,65.7,57.1,70.7,0.9413,0
sf,domain,negative_affectivity,m,"[35,50)",1.75,67.1,58.6,72.1,0.9565,0
sf,domain,negative_affectivity,m,"[35,50)",1.8333,68.7,60.1,73.6,0.9693,0
sf,domain,negative_affectivity,m,"[35,50)",1.9167,70.3,61.6,75.2,0.9786,0
sf,domain,negative_affectivity,m,"[35,50)",2,71.9,63,76.6,0.9858,0
sf,domain,negative_affectivity,m,"[35,50)",2.0833,73.5,64.5,78.3,0.9907,0
sf,domain,negative_affectivity,m,"[35,50)",2.1667,75.3,66,80,0.9943,0
sf,domain,negative_affectivity,m,"[35,50)",2.25,76.9,67.5,81.8,0.9964,1
sf,domain,negative_affectivity,m,"[35,50)",2.3333,78.5,69.1,83.8,0.9978,1
sf,domain,negative_affectivity,m,"[35,50)",2.4167,87.2,70.6,86.2,1,1
sf,domain,negative_affectivity,m,"[35,50)",2.5,87.2,72.2,87.1,1,1
sf,domain,negative_affectivity,m,"[35,50)",2.5833,87.2,74,87.2,1,1
sf,domain,negative_affectivity,m,"[35,50)",2.6667,87.2,75.8,87.2,1,1
sf,domain,negative_affectivity,m,"[35,50)",2.75,87.2,77.8,87.2,1,1
sf,domain,negative_affectivity,m,"[35,50)",2.8333,87.2,79.8,87.2,1,1
sf,domain,negative_affectivity,m,"[35,50)",2.9167,87.2,82.1,87.2,1,1
sf,domain,negative_affectivity,m,"[35,50)",3,87.2,84.5,87.2,1,1
sf,domain,negative_affectivity,m,"[50,65)",0,32.2,32,37.9,0.0375,0
sf,domain,negative_affectivity,m,"[50,65)",0.0833,34.5,32.5,41.5,0.0608,0
sf,domain,negative_affectivity,m,"[50,65)",0.1667,36.7,33.4,43.9,0.0926,0
sf,domain,negative_affectivity,m,"[50,65)",0.25,38.9,34.6,45.9,0.1324,0
sf,domain,negative_affectivity,m,"[50,65)",0.3333,40.8,36.1,47.7,0.1796,0
sf,domain,negative_affectivity,m,"[50,65)",0.4167,42.7,37.5,49.4,0.2321,0
sf,domain,negative_affectivity,m,"[50,65)",0.5,44.5,38.9,51,0.29,0
sf,domain,negative_affectivity,m,"[50,65)",0.5833,46.1,40.4,52.6,0.3496,0
sf,domain,negative_affectivity,m,"[50,65)",0.6667,47.8,41.8,54.2,0.4122,0
sf,domain,negative_affectivity,m,"[50,65)",0.75,49.4,43.2,55.7,0.4751,0
sf,domain,negative_affectivity,m,"[50,65)",0.8333,51,44.7,57.3,0.5384,0
sf,domain,negative_affectivity,m,"[50,65)",0.9167,52.5,46,58.9,0.6003,0
sf,domain,negative_affectivity,m,"[50,65)",1,54.1,47.3,60.4,0.6599,0
sf,domain,negative_affectivity,m,"[50,65)",1.0833,55.7,48.7,62,0.7171,0
sf,domain,negative_affectivity,m,"[50,65)",1.1667,57.4,50,63.6,0.7692,0
sf,domain,negative_affectivity,m,"[50,65)",1.25,59,51.5,65,0.8159,0
sf,domain,negative_affectivity,m,"[50,65)",1.3333,60.6,52.8,66.5,0.8558,0
sf,domain,negative_affectivity,m,"[50,65)",1.4167,62.3,54.1,68,0.8906,0
sf,domain,negative_affectivity,m,"[50,65)",1.5,63.9,55.5,69.5,0.9175,0
sf,domain,negative_affectivity,m,"[50,65)",1.5833,65.6,56.9,70.9,0.9404,0
sf,domain,negative_affectivity,m,"[50,65)",1.6667,67.2,58.3,72.3,0.9571,0
sf,domain,negative_affectivity,m,"[50,65)",1.75,68.8,59.8,73.7,0.9699,0
sf,domain,negative_affectivity,m,"[50,65)",1.8333,70.4,61.4,75.4,0.9795,0
sf,domain,negative_affectivity,m,"[50,65)",1.9167,72.1,62.8,76.9,0.9864,0
sf,domain,negative_affectivity,m,"[50,65)",2,73.7,64.4,78.5,0.9912,0
sf,domain,negative_affectivity,m,"[50,65)",2.0833,75.7,65.9,80.2,0.995,0
sf,domain,negative_affectivity,m,"[50,65)",2.1667,77.1,67.4,82,0.9967,1
sf,domain,negative_affectivity,m,"[50,65)",2.25,80.2,69,83.8,0.9987,1
sf,domain,negative_affectivity,m,"[50,65)",2.3333,80.2,70.6,86.1,0.9987,1
sf,domain,negative_affectivity,m,"[50,65)",2.4167,87.2,72.2,87,1,1
sf,domain,negative_affectivity,m,"[50,65)",2.5,87.2,73.9,87.2,1,1
sf,domain,negative_affectivity,m,"[50,65)",2.5833,87.2,75.6,87.2,1,1
sf,domain,negative_affectivity,m,"[50,65)",2.6667,87.2,77.5,87.2,1,1
sf,domain,negative_affectivity,m,"[50,65)",2.75,87.2,79.5,87.2,1,1
sf,domain,negative_affectivity,m,"[50,65)",2.8333,87.2,81.7,87.2,1,1
sf,domain,negative_affectivity,m,"[50,65)",2.9167,87.2,83.8,87.2,1,1
sf,domain,negative_affectivity,m,"[50,65)",3,87.2,86.3,87.2,1,1
sf,domain,negative_affectivity,m,"[65,Inf)",0,31,30.8,36.7,0.0288,0
sf,domain,negative_affectivity,m,"[65,Inf)",0.0833,33.2,31.4,40.3,0.0468,0
sf,domain,negative_affectivity,m,"[65,Inf)",0.1667,35.4,32.2,42.7,0.0724,0
sf,domain,negative_affectivity,m,"[65,Inf)",0.25,37.5,33.5,44.8,0.1049,0
sf,domain,negative_affectivity,m,"[65,Inf)",0.3333,39.4,34.8,46.6,0.1442,0
sf,domain,negative_affectivity,m,"[65,Inf)",0.4167,41.3,36.3,48.4,0.1913,0
sf,domain,negative_affectivity,m,"[65,Inf)",0.5,43.1,37.7,50,0.245,0
sf,domain,negative_affectivity,m,"[65,Inf)",0.5833,44.9,39.1,51.7,0.3049,0
sf,domain,negative_affectivity,m,"[65,Inf)",0.6667,46.6,40.5,53.3,0.3653,0
sf,domain,negative_affectivity,m,"[65,Inf)",0.75,48.2,42,54.9,0.4277,0
sf,domain,negative_affectivity,m,"[65,Inf)",0.8333,49.8,43.5,56.5,0.493,0
sf,domain,negative_affectivity,m,"[65,Inf)",0.9167,51.4,44.9,58.1,0.5568,0
sf,domain,negative_affectivity,m,"[65,Inf)",1,53,46.2,59.7,0.6188,0
sf,domain,negative_affectivity,m,"[65,Inf)",1.0833,54.7,47.6,61.3,0.6794,0
sf,domain,negative_affectivity,m,"[65,Inf)",1.1667,56.3,49,63,0.7358,0
sf,domain,negative_affectivity,m,"[65,Inf)",1.25,58,50.3,64.6,0.7883,0
sf,domain,negative_affectivity,m,"[65,Inf)",1.3333,59.7,51.7,66.2,0.8345,0
sf,domain,negative_affectivity,m,"[65,Inf)",1.4167,61.5,53.2,67.9,0.875,0
sf,domain,negative_affectivity,m,"[65,Inf)",1.5,63.3,54.5,69.5,0.9088,0
sf,domain,negative_affectivity,m,"[65,Inf)",1.5833,65.1,56,71.1,0.9345,0
sf,domain,negative_affectivity,m,"[65,Inf)",1.6667,67,57.4,72.8,0.955,0
sf,domain,negative_affectivity,m,"[65,Inf)",1.75,68.8,59,74.2,0.9699,0
sf,domain,negative_affectivity,m,"[65,Inf)",1.8333,70.8,60.6,75.7,0.981,0
sf,domain,negative_affectivity,m,"[65,Inf)",1.9167,72.5,62.2,77.1,0.9878,0
sf,domain,negative_affectivity,m,"[65,Inf)",2,74.4,63.9,78.4,0.9927,0
sf,domain,negative_affectivity,m,"[65,Inf)",2.0833,76.1,65.4,79.9,0.9955,1
sf,domain,negative_affectivity,m,"[65,Inf)",2.1667,77.3,67.1,81.2,0.9968,1
sf,domain,negative_affectivity,m,"[65,Inf)",2.25,79.1,68.9,82.5,0.9982,1
sf,domain,negative_affectivity,m,"[65,Inf)",2.3333,81.2,70.6,84.1,0.9991,1
sf,domain,negative_affectivity,m,"[65,Inf)",2.4167,81.2,72.3,85.8,0.9991,1
sf,domain,negative_affectivity,m,"[65,Inf)",2.5,87.2,74.2,87.2,1,1
sf,domain,negative_affectivity,m,"[65,Inf)",2.5833,87.2,75.9,87.2,1,1
sf,domain,negative_affectivity,m,"[65,Inf)",2.6667,87.2,77.6,87.2,1,1
sf,domain,negative_affectivity,m,"[65,Inf)",2.75,87.2,79.2,87.2,1,1
sf,domain,negative_affectivity,m,"[65,Inf)",2.8333,87.2,81.1,87.2,1,1
sf,domain,negative_affectivity,m,"[65,Inf)",2.9167,87.2,83.3,87.2,1,1
sf,domain,negative_affectivity,m,"[65,Inf)",3,87.2,85.8,87.2,1,1
sf,domain,psychoticism,all,all,0,37.4,37.3,42.8,0.1036,0
sf,domain,psychoticism,all,all,0.0833,39.8,37.7,47,0.1548,0
sf,domain,psychoticism,all,all,0.1667,42.1,38.5,49.3,0.215,0
sf,domain,psychoticism,all,all,0.25,44.2,39.7,51.3,0.2812,0
sf,domain,psychoticism,all,all,0.3333,46.2,41,53,0.3517,0
sf,domain,psychoticism,all,all,0.4167,48,42.3,54.7,0.4219,0
sf,domain,psychoticism,all,all,0.5,49.8,43.8,56.4,0.4909,0
sf,domain,psychoticism,all,all,0.5833,51.4,45.1,58,0.5573,0
sf,domain,psychoticism,all,all,0.6667,53.1,46.5,59.5,0.6206,0
sf,domain,psychoticism,all,all,0.75,54.7,47.9,61.1,0.6807,0
sf,domain,psychoticism,all,all,0.8333,56.3,49.2,62.6,0.7359,0
sf,domain,psychoticism,all,all,0.9167,57.9,50.5,64,0.7856,0
sf,domain,psychoticism,all,all,1,59.5,51.7,65.4,0.8292,0
sf,domain,psychoticism,all,all,1.0833,61.1,53,66.8,0.8665,0
sf,domain,psychoticism,all,all,1.1667,62.7,54.3,68.1,0.8972,0
sf,domain,psychoticism,all,all,1.25,64.2,55.6,69.3,0.9221,0
sf,domain,psychoticism,all,all,1.3333,65.7,56.9,70.6,0.9418,0
sf,domain,psychoticism,all,all,1.4167,67.2,58.2,71.8,0.957,0
sf,domain,psychoticism,all,all,1.5,68.6,59.5,72.9,0.9685,0
sf,domain,psychoticism,all,all,1.5833,70,60.8,74,0.9773,0
sf,domain,psychoticism,all,all,1.6667,71.3,62.2,75.1,0.9836,0
sf,domain,psychoticism,all,all,1.75,72.6,63.5,76.2,0.9881,0
sf,domain,psychoticism,all,all,1.8333,73.9,64.9,77.3,0.9915,0
sf,domain,psychoticism,all,all,1.9167,75.1,66.2,78.5,0.994,0
sf,domain,psychoticism,all,all,2,76.4,67.6,79.5,0.9959,1
sf,domain,psychoticism,all,all,2.0833,77.7,69,80.7,0.9972,1
sf,domain,psychoticism,all,all,2.1667,78.8,70.3,81.9,0.998,1
sf,domain,psychoticism,all,all,2.25,80,71.6,83,0.9987,1
sf,domain,psychoticism,all,all,2.3333,81.5,72.9,84.3,0.9992,1
sf,domain,psychoticism,all,all,2.4167,82.4,74.2,85.9,0.9994,1
sf,domain,psychoticism,all,all,2.5,85.1,75.7,86.9,0.9998,1
sf,domain,psychoticism,all,all,2.5833,87.2,77,87.2,1,1
sf,domain,psychoticism,all,all,2.6667,87.2,78.4,87.2,1,1
sf,domain,psychoticism,all,all,2.75,87.2,80,87.2,1,1
sf,domain,psychoticism,all,all,2.8333,87.2,81.6,87.2,1,1
sf,domain,psychoticism,all,all,2.9167,87.2,83.4,87.2,1,1
sf,domain,psychoticism,all,all,3,87.2,85.5,87.2,1,1
sf,domain,psychoticism,f,"[18,35)",0,35.5,35.1,41.5,0.074,0
sf,domain,psychoticism,f,"[18,35)",0.0833,38.2,35.9,45.6,0.1189,0
sf,domain,psychoticism,f,"[18,35)",0.1667,40.5,36.8,47.6,0.1722,0
sf,domain,psychoticism,f,"[18,35)",0.25,42.7,38,49.5,0.2329,0
sf,domain,psychoticism,f,"[18,35)",0.3333,44.6,39.4,51.2,0.2959,0
sf,domain,psychoticism,f,"[18,35)",0.4167,46.4,40.8,52.7,0.3607,0
sf,domain,psychoticism,f,"[18,35)",0.5,48.1,42.3,54.2,0.4248,0
sf,domain,psychoticism,f,"[18,35)",0.5833,49.6,43.6,55.7,0.4848,0
sf,domain,psychoticism,f,"[18,35)",0.6667,51.1,45,57.1,0.5428,0
sf,domain,psychoticism,f,"[18,35)",0.75,52.5,46.4,58.4,0.5991,0
sf,domain,psychoticism,f,"[18,35)",0.8333,54,47.6,59.9,0.6547,0
sf,domain,psychoticism,f,"[18,35)",0.9167,55.4,48.9,61.3,0.7054,0
sf,domain,psychoticism,f,"[18,35)",1,56.8,50.1,62.6,0.7527,0
sf,domain,psychoticism,f,"[18,35)",1.0833,58.2,51.2,63.8,0.7953,0
sf,domain,psychoticism,f,"[18,35)",1.1667,59.7,52.4,65.1,0.8333,0
sf,domain,psychoticism,f,"[18,35)",1.25,61.1,53.6,66.4,0.8671,0
sf,domain,psychoticism,f,"[18,35)",1.3333,62.5,54.7,67.6,0.8944,0
sf,domain,psychoticism,f,"[18,35)",1.4167,63.9,56,68.8,0.9173,0
sf,domain,psychoticism,f,"[18,35)",1.5,65.2,57.2,70,0.9357,0
sf,domain,psychoticism,f,"[18,35)",1.5833,66.5,58.4,71.2,0.951,0
sf,domain,psychoticism,f,"[18,35)",1.6667,68,59.7,72.5,0.9641,0
sf,domain,psychoticism,f,"[18,35)",1.75,69.2,60.8,73.8,0.9728,0
sf,domain,psychoticism,f,"[18,35)",1.8333,70.6,62.1,75.1,0.9803,0
sf,domain,psychoticism,f,"[18,35)",1.9167,72.2,63.4,76.4,0.9869,0
sf,domain,psychoticism,f,"[18,35)",2,73.3,64.7,77.8,0.9902,0
sf,domain,psychoticism,f,"[18,35)",2.0833,74.8,66,79.3,0.9934,0
sf,domain,psychoticism,f,"[18,35)",2.1667,77.2,67.3,80.8,0.9967,1
sf,domain,psychoticism,f,"[18,35)",2.25,77.2,68.6,82.7,0.9967,1
sf,domain,psychoticism,f,"[18,35)",2.3333,87.2,69.9,84.1,1,1
sf,domain,psychoticism,f,"[18,35)",2.4167,87.2,71.3,86.7,1,1
sf,domain,psychoticism,f,"[18,35)",2.5,87.2,72.8,87.2,1,1
sf,domain,psychoticism,f,"[18,35)",2.5833,87.2,74.3,87.2,1,1
sf,domain,psychoticism,f,"[18,35)",2.6667,87.2,75.9,87.2,1,1
sf,domain,psychoticism,f,"[18,35)",2.75,87.2,77.5,87.2,1,1
sf,domain,psychoticism,f,"[18,35)",2.8333,87.2,79.3,87.2,1,1
sf,domain,psychoticism,f,"[18,35)",2.9167,87.2,81.1,87.2,1,1
sf,domain,psychoticism,f,"[18,35)",3,87.2,83.6,87.2,1,1
sf,domain,psychoticism,f,"[35,50)",0,38.1,37.9,43.5,0.1175,0
sf,domain,psychoticism,f,"[35,50)",0.0833,40.7,38.5,47.7,0.1755,0
sf,domain,psychoticism,f,"[35,50)",0.1667,42.9,39.3,50,0.24,0
sf,domain,psychoticism,f,"[35,50)",0.25,45.1,40.4,51.9,0.3129,0
sf,domain,psychoticism,f,"[35,50)",0.3333,47.1,41.8,53.6,0.3851,0
sf,domain,psychoticism,f,"[35,50)",0.4167,48.9,43.1,55.2,0.4551,0
sf,domain,psychoticism,f,"[35,50)",0.5,50.6,44.6,56.8,0.5228,0
sf,domain,psychoticism,f,"[35,50)",0.5833,52.2,46,58.5,0.5855,0
sf,domain,psychoticism,f,"[35,50)",0.6667,53.7,47.3,60.1,0.6446,0
sf,domain,psychoticism,f,"[35,50)",0.75,55.3,48.6,61.7,0.7012,0
sf,domain,psychoticism,f,"[35,50)",0.8333,56.8,50,63.2,0.7517,0
sf,domain,psychoticism,f,"[35,50)",0.9167,58.4,51.3,64.8,0.79990000000000006,0
sf,domain,psychoticism,f,"[35,50)",1,60,52.4,66.2,0.842,0
sf,domain,psychoticism,f,"[35,50)",1.0833,61.7,53.6,67.6,0.8783,0
sf,domain,psychoticism,f,"[35,50)",1.1667,63.4,54.9,69,0.9091,0
sf,domain,psychoticism,f,"[35,50)",1.25,65,56.1,70.3,0.9328,0
sf,domain,psychoticism,f,"[35,50)",1.3333,66.6,57.4,71.5,0.9513,0
sf,domain,psychoticism,f,"[35,50)",1.4167,68.1,58.7,72.6,0.9651,0
sf,domain,psychoticism,f,"[35,50)",1.5,69.6,59.9,73.7,0.9749,0
sf,domain,psychoticism,f,"[35,50)",1.5833,71,61.3,74.7,0.9822,0
sf,domain,psychoticism,f,"[35,50)",1.6667,72.2,62.7,75.7,0.9868,0
sf,domain,psychoticism,f,"[35,50)",1.75,73.6,64.2,76.6,0.9908,0
sf,domain,psychoticism,f,"[35,50)",1.8333,75.2,65.5,77.7,0.9941,0
sf,domain,psychoticism,f,"[35,50)",1.9167,76.6,66.9,78.7,0.996,1
sf,domain,psychoticism,f,"[35,50)",2,76.6,68.4,79.9,0.996,1
sf,domain,psychoticism,f,"[35,50)",2.0833,78.8,69.7,81,0.998,1
sf,domain,psychoticism,f,"[35,50)",2.1667,78.8,71.1,82.3,0.998,1
sf,domain,psychoticism,f,"[35,50)",2.25,78.8,72.4,83.7,0.998,1
sf,domain,psychoticism,f,"[35,50)",2.3333,87.2,73.7,85.5,1,1
sf,domain,psychoticism,f,"[35,50)",2.4167,87.2,75,86.7,1,1
sf,domain,psychoticism,f,"[35,50)",2.5,87.2,76.2,87.2,1,1
sf,domain,psychoticism,f,"[35,50)",2.5833,87.2,77.5,87.2,1,1
sf,domain,psychoticism,f,"[35,50)",2.6667,87.2,78.7,87.2,1,1
sf,domain,psychoticism,f,"[35,50)",2.75,87.2,80.2,87.2,1,1
sf,domain,psychoticism,f,"[35,50)",2.8333,87.2,81.6,87.2,1,1
sf,domain,psychoticism,f,"[35,50)",2.9167,87.2,83.5,87.2,1,1
sf,domain,psychoticism,f,"[35,50)",3,87.2,85.5,87.2,1,1
sf,domain,psychoticism,f,"[50,65)",0,38.7,38.4,44,0.1285,0
sf,domain,psychoticism,f,"[50,65)",0.0833,41.2,39,48.2,0.1895,0
sf,domain,psychoticism,f,"[50,65)",0.1667,43.5,39.8,50.6,0.2588,0
sf,domain,psychoticism,f,"[50,65)",0.25,45.7,41,52.7,0.3341,0
sf,domain,psychoticism,f,"[50,65)",0.3333,47.7,42.3,54.3,0.409,0
sf,domain,psychoticism,f,"[50,65)",0.4167,49.5,43.7,56.1,0.4818,0
sf,domain,psychoticism,f,"[50,65)",0.5,51.3,45.1,57.8,0.5511,0
sf,domain,psychoticism,f,"[50,65)",0.5833,52.9,46.5,59.5,0.6153,0
sf,domain,psychoticism,f,"[50,65)",0.6667,54.5,47.9,61.1,0.6754,0
sf,domain,psychoticism,f,"[50,65)",0.75,56.2,49.3,62.7,0.7325,0
sf,domain,psychoticism,f,"[50,65)",0.8333,57.8,50.5,64.2,0.7836,0
sf,domain,psychoticism,f,"[50,65)",0.9167,59.5,51.9,65.8,0.8296,0
sf,domain,psychoticism,f,"[50,65)",1,61.2,53.1,67.2,0.869,0
sf,domain,psychoticism,f,"[50,65)",1.0833,62.9,54.4,68.6,0.9014,0
sf,domain,psychoticism,f,"[50,65)",1.1667,64.5,55.6,70,0.927,0
sf,domain,psychoticism,f,"[50,65)",1.25,66.2,57,71.4,0.9469,0
sf,domain,psychoticism,f,"[50,65)",1.3333,67.7,58.3,72.8,0.9619,0
sf,domain,psychoticism,f,"[50,65)",1.4167,69.3,59.6,74.1,0.9732,0
sf,domain,psychoticism,f,"[50,65)",1.5,70.8,61,75.5,0.9813,0
sf,domain,psychoticism,f,"[50,65)",1.5833,72.3,62.4,76.9,0.987,0
sf,domain,psychoticism,f,"[50,65)",1.6667,73.9,63.8,78.2,0.9915,0
sf,domain,psychoticism,f,"[50,65)",1.75,75.3,65.1,79.6,0.9943,0
sf,domain,psychoticism,f,"[50,65)",1.8333,76.8,66.6,81.1,0.9963,1
sf,domain,psychoticism,f,"[50,65)",1.9167,78.1,68,82.9,0.9976,1
sf,domain,psychoticism,f,"[50,65)",2,80.3,69.4,84.9,0.9988,1
sf,domain,psychoticism,f,"[50,65)",2.0833,87.2,70.7,86.7,1,1
sf,domain,psychoticism,f,"[50,65)",2.1667,87.2,72.2,87.1,1,1
sf,domain,psychoticism,f,"[50,65)",2.25,87.2,73.7,87.2,1,1
sf,domain,psychoticism,f,"[50,65)",2.3333,87.2,75.1,87.2,1,1
sf,domain,psychoticism,f,"[50,65)",2.4167,87.2,76.6,87.2,1,1
sf,domain,psychoticism,f,"[50,65)",2.5,87.2,78.2,87.2,1,1
sf,domain,psychoticism,f,"[50,65)",2.5833,87.2,79.8,87.2,1,1
sf,domain,psychoticism,f,"[50,65)",2.6667,87.2,81.5,87.2,1,1
sf,domain,psychoticism,f,"[50,65)",2.75,87.2,83.3,87.2,1,1
sf,domain,psychoticism,f,"[50,65)",2.8333,87.2,85.1,87.2,1,1
sf,domain,psychoticism,f,"[50,65)",2.9167,87.2,86.7,87.2,1,1
sf,domain,psychoticism,f,"[50,65)",3,87.2,87.1,87.2,1,1
sf,domain,psychoticism,f,"[65,Inf)",0,37.2,36.9,43.1,0.1001,0
sf,domain,psychoticism,f,"[65,Inf)",0.0833,39.8,37.6,47.7,0.1535,0
sf,domain,psychoticism,f,"[65,Inf)",0.1667,42.2,38.5,50.2,0.2186,0
sf,domain,psychoticism,f,"[65,Inf)",0.25,44.5,39.6,52.5,0.2903,0
sf,domain,psychoticism,f,"[65,Inf)",0.3333,46.7,41.1,54.4,0.3698,0
sf,domain,psychoticism,f,"[65,Inf)",0.4167,48.8,42.5,56.4,0.4524,0
sf,domain,psychoticism,f,"[65,Inf)",0.5,50.8,44,58.2,0.5315,0
sf,domain,psychoticism,f,"[65,Inf)",0.5833,52.7,45.4,60,0.6075,0
sf,domain,psychoticism,f,"[65,Inf)",0.6667,54.7,46.9,61.7,0.6801,0
sf,domain,psychoticism,f,"[65,Inf)",0.75,56.5,48.4,63.5,0.7436,0
sf,domain,psychoticism,f,"[65,Inf)",0.8333,58.4,50,65.1,0.799,0
sf,domain,psychoticism,f,"[65,Inf)",0.9167,60.3,51.4,66.8,0.8474,0
sf,domain,psychoticism,f,"[65,Inf)",1,62.1,52.9,68.5,0.886,0
sf,domain,psychoticism,f,"[65,Inf)",1.0833,63.9,54.2,70.1,0.9174,0
sf,domain,psychoticism,f,"[65,Inf)",1.1667,65.7,55.7,71.7,0.9415,0
sf,domain,psychoticism,f,"[65,Inf)",1.25,67.5,57.2,73.2,0.9603,0
sf,domain,psychoticism,f,"[65,Inf)",1.3333,69.4,58.7,74.8,0.9737,0
sf,domain,psychoticism,f,"[65,Inf)",1.4167,71.1,60.1,76.3,0.9826,0
sf,domain,psychoticism,f,"[65,Inf)",1.5,73,61.5,77.9,0.9893,0
sf,domain,psychoticism,f,"[65,Inf)",1.5833,74.8,62.9,79.3,0.9935,0
sf,domain,psychoticism,f,"[65,Inf)",1.6667,76.3,64.5,80.7,0.9957,1
sf,domain,psychoticism,f,"[65,Inf)",1.75,79.3,66.1,82.2,0.9983,1
sf,domain,psychoticism,f,"[65,Inf)",1.8333,79.5,67.5,83.8,0.9984,1
sf,domain,psychoticism,f,"[65,Inf)",1.9167,87.2,69.1,86,1,1
sf,domain,psychoticism,f,"[65,Inf)",2,87.2,70.6,87,1,1
sf,domain,psychoticism,f,"[65,Inf)",2.0833,87.2,72.2,87.2,1,1
sf,domain,psychoticism,f,"[65,Inf)",2.1667,87.2,73.8,87.2,1,1
sf,domain,psychoticism,f,"[65,Inf)",2.25,87.2,75.3,87.2,1,1
sf,domain,psychoticism,f,"[65,Inf)",2.3333,87.2,77,87.2,1,1
sf,domain,psychoticism,f,"[65,Inf)",2.4167,87.2,78.6,87.2,1,1
sf,domain,psychoticism,f,"[65,Inf)",2.5,87.2,80.2,87.2,1,1
sf,domain,psychoticism,f,"[65,Inf)",2.5833,87.2,81.8,87.2,1,1
sf,domain,psychoticism,f,"[65,Inf)",2.6667,87.2,83.6,87.2,1,1
sf,domain,psychoticism,f,"[65,Inf)",2.75,87.2,85.5,87.2,1,1
sf,domain,psychoticism,f,"[65,Inf)",2.8333,87.2,86.4,87.2,1,1
sf,domain,psychoticism,f,"[65,Inf)",2.9167,87.2,87.2,87.2,1,1
sf,domain,psychoticism,f,"[65,Inf)",3,87.2,87.2,87.2,1,1
sf,domain,psychoticism,m,"[18,35)",0,34.4,34.1,40.2,0.0596,0
sf,domain,psychoticism,m,"[18,35)",0.0833,36.9,34.8,44.1,0.0959,0
sf,domain,psychoticism,m,"[18,35)",0.1667,39.1,35.7,46.4,0.1376,0
sf,domain,psychoticism,m,"[18,35)",0.25,41.1,36.9,48.4,0.186,0
sf,domain,psychoticism,m,"[18,35)",0.3333,43,38.2,50.2,0.2422,0
sf,domain,psychoticism,m,"[18,35)",0.4167,44.8,39.5,52,0.3004,0
sf,domain,psychoticism,m,"[18,35)",0.5,46.5,40.9,53.7,0.3638,0
sf,domain,psychoticism,m,"[18,35)",0.5833,48.2,42.2,55.3,0.4294,0
sf,domain,psychoticism,m,"[18,35)",0.6667,49.9,43.6,56.7,0.4954,0
sf,domain,psychoticism,m,"[18,35)",0.75,51.6,44.9,58.2,0.5627,0
sf,domain,psychoticism,m,"[18,35)",0.8333,53.2,46.2,59.6,0.6269,0
sf,domain,psychoticism,m,"[18,35)",0.9167,54.8,47.5,61,0.6847,0
sf,domain,psychoticism,m,"[18,35)",1,56.4,48.8,62.3,0.7386,0
sf,domain,psychoticism,m,"[18,35)",1.0833,58,50.1,63.6,0.7868,0
sf,domain,psychoticism,m,"[18,35)",1.1667,59.4,51.4,64.8,0.8275,0
sf,domain,psychoticism,m,"[18,35)",1.25,60.9,52.8,65.9,0.8617,0
sf,domain,psychoticism,m,"[18,35)",1.3333,62.4,54,66.9,0.8917,0
sf,domain,psychoticism,m,"[18,35)",1.4167,63.7,55.3,67.9,0.9141,0
sf,domain,psychoticism,m,"[18,35)",1.5,65,56.6,68.9,0.9328,0
sf,domain,psychoticism,m,"[18,35)",1.5833,66.2,57.9,70,0.947,0
sf,domain,psychoticism,m,"[18,35)",1.6667,67.2,59.3,70.9,0.9571,0
sf,domain,psychoticism,m,"[18,35)",1.75,68.3,60.6,72.1,0.9667,0
sf,domain,psychoticism,m,"[18,35)",1.8333,69.7,62,73.1,0.9753,0
sf,domain,psychoticism,m,"[18,35)",1.9167,70.3,63.2,74.1,0.979,0
sf,domain,psychoticism,m,"[18,35)",2,72.1,64.5,75.2,0.9863,0
sf,domain,psychoticism,m,"[18,35)",2.0833,73.2,65.7,76.3,0.9899,0
sf,domain,psychoticism,m,"[18,35)",2.1667,73.8,66.9,77.5,0.9913,0
sf,domain,psychoticism,m,"[18,35)",2.25,75.7,67.9,78.7,0.995,0
sf,domain,psychoticism,m,"[18,35)",2.3333,75.7,69.1,80.3,0.995,0
sf,domain,psychoticism,m,"[18,35)",2.4167,76.8,70.3,82.4,0.9964,1
sf,domain,psychoticism,m,"[18,35)",2.5,87.2,71.6,84.2,1,1
sf,domain,psychoticism,m,"[18,35)",2.5833,87.2,72.9,87.2,1,1
sf,domain,psychoticism,m,"[18,35)",2.6667,87.2,74.2,87.2,1,1
sf,domain,psychoticism,m,"[18,35)",2.75,87.2,75.5,87.2,1,1
sf,domain,psychoticism,m,"[18,35)",2.8333,87.2,77.1,87.2,1,1
sf,domain,psychoticism,m,"[18,35)",2.9167,87.2,78.9,87.2,1,1
sf,domain,psychoticism,m,"[18,35)",3,87.2,80.9,87.2,1,1
sf,domain,psychoticism,m,"[35,50)",0,37.6,37.4,42.7,0.108,0
sf,domain,psychoticism,m,"[35,50)",0.0833,40.1,37.9,46.8,0.1601,0
sf,domain,psychoticism,m,"[35,50)",0.1667,42.3,38.7,48.9,0.2195,0
sf,domain,psychoticism,m,"[35,50)",0.25,44.2,39.9,50.7,0.2825,0
sf,domain,psychoticism,m,"[35,50)",0.3333,46.1,41.2,52.4,0.3488,0
sf,domain,psychoticism,m,"[35,50)",0.4167,47.8,42.5,54.1,0.4125,0
sf,domain,psychoticism,m,"[35,50)",0.5,49.4,43.9,55.7,0.4753,0
sf,domain,psychoticism,m,"[35,50)",0.5833,50.9,45.1,57.3,0.5362,0
sf,domain,psychoticism,m,"[35,50)",0.6667,52.4,46.4,58.9,0.5953,0
sf,domain,psychoticism,m,"[35,50)",0.75,54,47.7,60.4,0.654,0
sf,domain,psychoticism,m,"[35,50)",0.8333,55.5,48.9,62,0.7105,0
sf,domain,psychoticism,m,"[35,50)",0.9167,57.1,50.1,63.5,0.7612,0
sf,domain,psychoticism,m,"[35,50)",1,58.7,51.3,65,0.8078,0
sf,domain,psychoticism,m,"[35,50)",1.0833,60.3,52.5,66.5,0.8484,0
sf,domain,psychoticism,m,"[35,50)",1.1667,61.9,53.7,68,0.883,0
sf,domain,psychoticism,m,"[35,50)",1.25,63.6,55,69.3,0.9127,0
sf,domain,psychoticism,m,"[35,50)",1.3333,65.1,56.2,70.7,0.9349,0
sf,domain,psychoticism,m,"[35,50)",1.4167,66.8,57.5,72.1,0.9535,0
sf,domain,psychoticism,m,"[35,50)",1.5,68.5,58.8,73.4,0.9678,0
sf,domain,psychoticism,m,"[35,50)",1.5833,70,60.2,74.8,0.9771,0
sf,domain,psychoticism,m,"[35,50)",1.6667,71.5,61.5,76.3,0.9843,0
sf,domain,psychoticism,m,"[35,50)",1.75,73.3,62.9,77.6,0.99,0
sf,domain,psychoticism,m,"[35,50)",1.8333,74.9,64.3,79.1,0.9935,0
sf,domain,psychoticism,m,"[35,50)",1.9167,76.3,65.7,80.6,0.9957,1
sf,domain,psychoticism,m,"[35,50)",2,78.5,67.2,82.1,0.9978,1
sf,domain,psychoticism,m,"[35,50)",2.0833,78.5,68.6,83.5,0.9978,1
sf,domain,psychoticism,m,"[35,50)",2.1667,87.2,70.1,85.3,1,1
sf,domain,psychoticism,m,"[35,50)",2.25,87.2,71.5,86.4,1,1
sf,domain,psychoticism,m,"[35,50)",2.3333,87.2,73,87.2,1,1
sf,domain,psychoticism,m,"[35,50)",2.4167,87.2,74.5,87.2,1,1
sf,domain,psychoticism,m,"[35,50)",2.5,87.2,76.2,87.2,1,1
sf,domain,psychoticism,m,"[35,50)",2.5833,87.2,77.8,87.2,1,1
sf,domain,psychoticism,m,"[35,50)",2.6667,87.2,79.5,87.2,1,1
sf,domain,psychoticism,m,"[35,50)",2.75,87.2,81.4,87.2,1,1
sf,domain,psychoticism,m,"[35,50)",2.8333,87.2,83,87.2,1,1
sf,domain,psychoticism,m,"[35,50)",2.9167,87.2,84.8,87.2,1,1
sf,domain,psychoticism,m,"[35,50)",3,87.2,85.7,87.2,1,1
sf,domain,psychoticism,m,"[50,65)",0,38.7,38.5,43.9,0.1285,0
sf,domain,psychoticism,m,"[50,65)",0.0833,41.1,38.9,48.1,0.1861,0
sf,domain,psychoticism,m,"[50,65)",0.1667,43.4,39.7,50.4,0.2537,0
sf,domain,psychoticism,m,"[50,65)",0.25,45.5,40.9,52.4,0.3256,0
sf,domain,psychoticism,m,"[50,65)",0.3333,47.4,42.2,54.2,0.3986,0
sf,domain,psychoticism,m,"[50,65)",0.4167,49.3,43.6,56,0.472,0
sf,domain,psychoticism,m,"[50,65)",0.5,51.1,45,57.7,0.5424,0
sf,domain,psychoticism,m,"[50,65)",0.5833,52.7,46.3,59.3,0.6079,0
sf,domain,psychoticism,m,"[50,65)",0.6667,54.4,47.7,60.9,0.6704,0
sf,domain,psychoticism,m,"[50,65)",0.75,56.1,49,62.5,0.7277,0
sf,domain,psychoticism,m,"[50,65)",0.8333,57.7,50.4,64,0.779,0
sf,domain,psychoticism,m,"[50,65)",0.9167,59.4,51.7,65.5,0.8258,0
sf,domain,psychoticism,m,"[50,65)",1,61,53,66.9,0.8649,0
sf,domain,psychoticism,m,"[50,65)",1.0833,62.6,54.2,68.4,0.897,0
sf,domain,psychoticism,m,"[50,65)",1.1667,64.3,55.5,69.8,0.9231,0
sf,domain,psychoticism,m,"[50,65)",1.25,65.9,56.8,71.1,0.9437,0
sf,domain,psychoticism,m,"[50,65)",1.3333,67.4,58.2,72.6,0.9591,0
sf,domain,psychoticism,m,"[50,65)",1.4167,68.9,59.5,73.9,0.9708,0
sf,domain,psychoticism,m,"[50,65)",1.5,70.5,60.8,75.4,0.98,0
sf,domain,psychoticism,m,"[50,65)",1.5833,72,62.2,76.8,0.9863,0
sf,domain,psychoticism,m,"[50,65)",1.6667,73.6,63.6,78.2,0.9908,0
sf,domain,psychoticism,m,"[50,65)",1.75,75.2,65,79.6,0.9942,0
sf,domain,psychoticism,m,"[50,65)",1.8333,77.1,66.3,81.1,0.9967,1
sf,domain,psychoticism,m,"[50,65)",1.9167,78.7,67.7,82.5,0.9979,1
sf,domain,psychoticism,m,"[50,65)",2,80.2,69,84.1,0.9987,1
sf,domain,psychoticism,m,"[50,65)",2.0833,81.5,70.6,85.9,0.9992,1
sf,domain,psychoticism,m,"[50,65)",2.1667,87.2,71.9,87.1,1,1
sf,domain,psychoticism,m,"[50,65)",2.25,87.2,73.4,87.2,1,1
sf,domain,psychoticism,m,"[50,65)",2.3333,87.2,75,87.2,1,1
sf,domain,psychoticism,m,"[50,65)",2.4167,87.2,76.6,87.2,1,1
sf,domain,psychoticism,m,"[50,65)",2.5,87.2,78.1,87.2,1,1
sf,domain,psychoticism,m,"[50,65)",2.5833,87.2,79.6,87.2,1,1
sf,domain,psychoticism,m,"[50,65)",2.6667,87.2,81.3,87.2,1,1
sf,domain,psychoticism,m,"[50,65)",2.75,87.2,82.9,87.2,1,1
sf,domain,psychoticism,m,"[50,65)",2.8333,87.2,84.8,87.2,1,1
sf,domain,psychoticism,m,"[50,65)",2.9167,87.2,86.7,87.2,1,1
sf,domain,psychoticism,m,"[50,65)",3,87.2,87.2,87.2,1,1
sf,domain,psychoticism,m,"[65,Inf)",0,37.2,36.8,42.4,0.1003,0
sf,domain,psychoticism,m,"[65,Inf)",0.0833,39.5,37.5,46.6,0.147,0
sf,domain,psychoticism,m,"[65,Inf)",0.1667,41.7,38.3,48.9,0.2036,0
sf,domain,psychoticism,m,"[65,Inf)",0.25,43.7,39.4,51,0.2658,0
sf,domain,psychoticism,m,"[65,Inf)",0.3333,45.7,40.7,52.9,0.3327,0
sf,domain,psychoticism,m,"[65,Inf)",0.4167,47.6,42,54.7,0.4046,0
sf,domain,psychoticism,m,"[65,Inf)",0.5,49.3,43.4,56.5,0.4741,0
sf,domain,psychoticism,m,"[65,Inf)",0.5833,51.2,44.7,58.2,0.5461,0
sf,domain,psychoticism,m,"[65,Inf)",0.6667,52.9,46.1,60,0.6142,0
sf,domain,psychoticism,m,"[65,Inf)",0.75,54.6,47.5,61.6,0.6782,0
sf,domain,psychoticism,m,"[65,Inf)",0.8333,56.4,48.8,63.1,0.7381,0
sf,domain,psychoticism,m,"[65,Inf)",0.9167,58.1,50.2,64.7,0.7916,0
sf,domain,psychoticism,m,"[65,Inf)",1,59.9,51.4,66.2,0.8388,0
sf,domain,psychoticism,m,"[65,Inf)",1.0833,61.6,52.8,67.7,0.8779,0
sf,domain,psychoticism,m,"[65,Inf)",1.1667,63.3,54.1,69.2,0.9089,0
sf,domain,psychoticism,m,"[65,Inf)",1.25,65,55.5,70.6,0.9331,0
sf,domain,psychoticism,m,"[65,Inf)",1.3333,66.7,57,71.9,0.9521,0
sf,domain,psychoticism,m,"[65,Inf)",1.4167,68.3,58.3,73.4,0.9663,0
sf,domain,psychoticism,m,"[65,Inf)",1.5,70,59.7,74.7,0.9771,0
sf,domain,psychoticism,m,"[65,Inf)",1.5833,71.6,61.2,76,0.9846,0
sf,domain,psychoticism,m,"[65,Inf)",1.6667,73.2,62.6,77.4,0.9899,0
sf,domain,psychoticism,m,"[65,Inf)",1.75,74.7,64,78.6,0.9932,0
sf,domain,psychoticism,m,"[65,Inf)",1.8333,76.4,65.5,79.9,0.9958,1
sf,domain,psychoticism,m,"[65,Inf)",1.9167,77.8,67,81.3,0.9973,1
sf,domain,psychoticism,m,"[65,Inf)",2,80,68.4,82.7,0.9986,1
sf,domain,psychoticism,m,"[65,Inf)",2.0833,80,69.9,84.2,0.9986,1
sf,domain,psychoticism,m,"[65,Inf)",2.1667,87.2,71.3,86.2,1,1
sf,domain,psychoticism,m,"[65,Inf)",2.25,87.2,72.8,87,1,1
sf,domain,psychoticism,m,"[65,Inf)",2.3333,87.2,74.3,87.2,1,1
sf,domain,psychoticism,m,"[65,Inf)",2.4167,87.2,75.8,87.2,1,1
sf,domain,psychoticism,m,"[65,Inf)",2.5,87.2,77.5,87.2,1,1
sf,domain,psychoticism,m,"[65,Inf)",2.5833,87.2,78.9,87.2,1,1
sf,domain,psychoticism,m,"[65,Inf)",2.6667,87.2,80.4,87.2,1,1
sf,domain,psychoticism,m,"[65,Inf)",2.75,87.2,82.1,87.2,1,1
sf,domain,psychoticism,m,"[65,Inf)",2.8333,87.2,83.9,87.2,1,1
sf,domain,psychoticism,m,"[65,Inf)",2.9167,87.2,85.9,87.2,1,1
sf,domain,psychoticism,m,"[65,Inf)",3,87.2,86.7,87.2,1,1
sf,facet,anhedonia,all,all,0,43.3,43.2,49.9,0.2513,0
sf,facet,anhedonia,all,all,0.25,47.1,44,55.4,0.3856,0
sf,facet,anhedonia,all,all,0.5,50.8,45.5,58.7,0.5302,0
sf,facet,anhedonia,all,all,0.75,54.4,47.3,61.7,0.6685,0
sf,facet,anhedonia,all,all,1,57.9,49.4,64.5,0.7854,0
sf,facet,anhedonia,all,all,1.25,61.4,51.7,67.1,0.8721,0
sf,facet,anhedonia,all,all,1.5,64.7,54.3,69.7,0.9291,0
sf,facet,anhedonia,all,all,1.75,67.9,57.2,72.2,0.963,0
sf,facet,anhedonia,all,all,2,71,59.9,74.8,0.9821,0
sf,facet,anhedonia,all,all,2.25,73.9,62.5,77.4,0.9917,0
sf,facet,anhedonia,all,all,2.5,77,65.8,80,0.9965,1
sf,facet,anhedonia,all,all,2.75,80,69.4,83.3,0.9987,1
sf,facet,anhedonia,all,all,3,87.2,73.7,87.2,1,1
sf,facet,anhedonia,f,"[18,35)",0,41.9,41.5,48.2,0.2082,0
sf,facet,anhedonia,f,"[18,35)",0.25,45.4,42.6,53.4,0.3234,0
sf,facet,anhedonia,f,"[18,35)",0.5,48.9,44,56.5,0.4544,0
sf,facet,anhedonia,f,"[18,35)",0.75,52.2,45.8,59.3,0.5879,0
sf,facet,anhedonia,f,"[18,35)",1,55.5,47.8,61.9,0.7079,0
sf,facet,anhedonia,f,"[18,35)",1.25,58.7,50,64.4,0.8072,0
sf,facet,anhedonia,f,"[18,35)",1.5,61.7,52.6,66.7,0.8789,0
sf,facet,anhedonia,f,"[18,35)",1.75,64.6,55.3,68.9,0.9281,0
sf,facet,anhedonia,f,"[18,35)",2,67.4,57.8,71.1,0.9586,0
sf,facet,anhedonia,f,"[18,35)",2.25,70,60.4,73.3,0.9772,0
sf,facet,anhedonia,f,"[18,35)",2.5,72.6,63.5,76.9,0.988,0
sf,facet,anhedonia,f,"[18,35)",2.75,75.5,66.7,82.2,0.9946,0
sf,facet,anhedonia,f,"[18,35)",3,87.2,70.6,87.2,1,1
sf,facet,anhedonia,f,"[35,50)",0,43.7,43.5,50,0.2644,0
sf,facet,anhedonia,f,"[35,50)",0.25,47.4,44.4,55.5,0.3975,0
sf,facet,anhedonia,f,"[35,50)",0.5,50.9,45.9,58.8,0.5367,0
sf,facet,anhedonia,f,"[35,50)",0.75,54.5,47.6,61.9,0.6723,0
sf,facet,anhedonia,f,"[35,50)",1,58,49.7,64.8,0.7882,0
sf,facet,anhedonia,f,"[35,50)",1.25,61.5,51.9,67.6,0.8749,0
sf,facet,anhedonia,f,"[35,50)",1.5,65,54.5,70.5,0.9328,0
sf,facet,anhedonia,f,"[35,50)",1.75,68.5,57.3,73.5,0.9677,0
sf,facet,anhedonia,f,"[35,50)",2,72,60,76.8,0.9861,0
sf,facet,anhedonia,f,"[35,50)",2.25,76.6,62.7,80.4,0.996,1
sf,facet,anhedonia,f,"[35,50)",2.5,87.2,65.9,83.8,1,1
sf,facet,anhedonia,f,"[35,50)",2.75,87.2,69.6,87.1,1,1
sf,facet,anhedonia,f,"[35,50)",3,87.2,73.3,87.2,1,1
sf,facet,anhedonia,f,"[50,65)",0,44,43.9,50.6,0.2755,0
sf,facet,anhedonia,f,"[50,65)",0.25,47.9,44.7,56.3,0.4154,0
sf,facet,anhedonia,f,"[50,65)",0.5,51.6,46.3,59.7,0.5634,0
sf,facet,anhedonia,f,"[50,65)",0.75,55.3,48,62.9,0.7007,0
sf,facet,anhedonia,f,"[50,65)",1,59,50.2,65.8,0.8155,0
sf,facet,anhedonia,f,"[50,65)",1.25,62.7,52.4,68.5,0.8974,0
sf,facet,anhedonia,f,"[50,65)",1.5,66.3,55.1,71.3,0.948,0
sf,facet,anhedonia,f,"[50,65)",1.75,69.7,57.9,74.2,0.9757,0
sf,facet,anhedonia,f,"[50,65)",2,73.2,60.7,77.1,0.9898,0
sf,facet,anhedonia,f,"[50,65)",2.25,76.8,63.5,80.2,0.9963,1
sf,facet,anhedonia,f,"[50,65)",2.5,80.3,66.9,83.2,0.9988,1
sf,facet,anhedonia,f,"[50,65)",2.75,87.2,70.7,86.7,1,1
sf,facet,anhedonia,f,"[50,65)",3,87.2,74.8,87.2,1,1
sf,facet,anhedonia,f,"[65,Inf)",0,44.3,44,51.4,0.2843,0
sf,facet,anhedonia,f,"[65,Inf)",0.25,48.5,45.1,57.2,0.4405,0
sf,facet,anhedonia,f,"[65,Inf)",0.5,52.5,46.7,60.7,0.5983,0
sf,facet,anhedonia,f,"[65,Inf)",0.75,56.4,48.5,64,0.7377,0
sf,facet,anhedonia,f,"[65,Inf)",1,60.2,50.8,67,0.8463,0
sf,facet,anhedonia,f,"[65,Inf)",1.25,64.1,53.1,69.9,0.9204,0
sf,facet,anhedonia,f,"[65,Inf)",1.5,67.9,55.8,73,0.9632,0
sf,facet,anhedonia,f,"[65,Inf)",1.75,71.7,58.8,76.1,0.985,0
sf,facet,anhedonia,f,"[65,Inf)",2,75.4,61.6,79.1,0.9944,0
sf,facet,anhedonia,f,"[65,Inf)",2.25,79.5,64.5,82.5,0.9984,1
sf,facet,anhedonia,f,"[65,Inf)",2.5,87.2,67.9,85.9,1,1
sf,facet,anhedonia,f,"[65,Inf)",2.75,87.2,72,87.2,1,1
sf,facet,anhedonia,f,"[65,Inf)",3,87.2,76.1,87.2,1,1
sf,facet,anhedonia,m,"[18,35)",0,43.1,42.8,49,0.2458,0
sf,facet,anhedonia,m,"[18,35)",0.25,46.5,43.7,54.2,0.3629,0
sf,facet,anhedonia,m,"[18,35)",0.5,49.8,45.1,57.3,0.4926,0
sf,facet,anhedonia,m,"[18,35)",0.75,53.2,46.8,60,0.6245,0
sf,facet,anhedonia,m,"[18,35)",1,56.5,48.8,62.5,0.7408,0
sf,facet,anhedonia,m,"[18,35)",1.25,59.5,50.9,64.9,0.8296,0
sf,facet,anhedonia,m,"[18,35)",1.5,62.4,53.4,67.3,0.8918,0
sf,facet,anhedonia,m,"[18,35)",1.75,65.1,56.1,69.7,0.9342,0
sf,facet,anhedonia,m,"[18,35)",2,67.7,58.6,72,0.962,0
sf,facet,anhedonia,m,"[18,35)",2.25,70.6,61.2,74.6,0.9803,0
sf,facet,anhedonia,m,"[18,35)",2.5,73.6,64.2,78.2,0.9908,0
sf,facet,anhedonia,m,"[18,35)",2.75,78.2,67.2,82.1,0.9976,1
sf,facet,anhedonia,m,"[18,35)",3,87.2,70.9,87.2,1,1
sf,facet,anhedonia,m,"[35,50)",0,42.2,41.8,48.5,0.2162,0
sf,facet,anhedonia,m,"[35,50)",0.25,45.7,42.9,53.8,0.3341,0
sf,facet,anhedonia,m,"[35,50)",0.5,49.2,44.3,57,0.4695,0
sf,facet,anhedonia,m,"[35,50)",0.75,52.7,46.1,60,0.6046,0
sf,facet,anhedonia,m,"[35,50)",1,56,48.1,62.9,0.7261,0
sf,facet,anhedonia,m,"[35,50)",1.25,59.4,50.4,65.7,0.8255,0
sf,facet,anhedonia,m,"[35,50)",1.5,62.7,53,68.6,0.8978,0
sf,facet,anhedonia,m,"[35,50)",1.75,66,55.7,71.3,0.9455,0
sf,facet,anhedonia,m,"[35,50)",2,69.6,58.4,74,0.9749,0
sf,facet,anhedonia,m,"[35,50)",2.25,73,61,76.9,0.9892,0
sf,facet,anhedonia,m,"[35,50)",2.5,76.3,64.1,80.2,0.9957,1
sf,facet,anhedonia,m,"[35,50)",2.75,87.2,67.7,83.8,1,1
sf,facet,anhedonia,m,"[35,50)",3,87.2,72.1,87.2,1,1
sf,facet,anhedonia,m,"[50,65)",0,43.4,43.2,50.1,0.2537,0
sf,facet,anhedonia,m,"[50,65)",0.25,47.3,44.2,55.9,0.393,0
sf,facet,anhedonia,m,"[50,65)",0.5,51,45.7,59.3,0.5411,0
sf,facet,anhedonia,m,"[50,65)",0.75,54.8,47.5,62.6,0.6837,0
sf,facet,anhedonia,m,"[50,65)",1,58.5,49.7,65.6,0.8029,0
sf,facet,anhedonia,m,"[50,65)",1.25,62.3,52,68.5,0.8904,0
sf,facet,anhedonia,m,"[50,65)",1.5,66,54.6,71.4,0.9449,0
sf,facet,anhedonia,m,"[50,65)",1.75,69.7,57.6,74.5,0.9754,0
sf,facet,anhedonia,m,"[50,65)",2,73.4,60.3,77.5,0.9904,0
sf,facet,anhedonia,m,"[50,65)",2.25,77.1,63.1,80.6,0.9967,1
sf,facet,anhedonia,m,"[50,65)",2.5,80.2,66.5,83.7,0.9987,1
sf,facet,anhedonia,m,"[50,65)",2.75,87.2,70.5,86.8,1,1
sf,facet,anhedonia,m,"[50,65)",3,87.2,74.7,87.2,1,1
sf,facet,anhedonia,m,"[65,Inf)",0,43.1,42.8,50.5,0.2452,0
sf,facet,anhedonia,m,"[65,Inf)",0.25,47.2,44,56.4,0.3915,0
sf,facet,anhedonia,m,"[65,Inf)",0.5,51.3,45.6,60,0.5523,0
sf,facet,anhedonia,m,"[65,Inf)",0.75,55.4,47.5,63.3,0.7043,0
sf,facet,anhedonia,m,"[65,Inf)",1,59.3,49.8,66.3,0.8229,0
sf,facet,anhedonia,m,"[65,Inf)",1.25,63.2,52.1,69.3,0.9062,0
sf,facet,anhedonia,m,"[65,Inf)",1.5,67.1,54.9,72.3,0.9563,0
sf,facet,anhedonia,m,"[65,Inf)",1.75,70.9,57.9,75.4,0.9817,0
sf,facet,anhedonia,m,"[65,Inf)",2,74.7,60.8,78.5,0.9932,0
sf,facet,anhedonia,m,"[65,Inf)",2.25,78.4,63.7,81.8,0.9977,1
sf,facet,anhedonia,m,"[65,Inf)",2.5,87.2,67.2,85.1,1,1
sf,facet,anhedonia,m,"[65,Inf)",2.75,87.2,71.3,87.2,1,1
sf,facet,anhedonia,m,"[65,Inf)",3,87.2,75.5,87.2,1,1
sf,facet,anxiousness,all,all,0,39,38.8,46,0.1346,0
sf,facet,anxiousness,all,all,0.25,42.6,39.8,51.4,0.2302,0
sf,facet,anxiousness,all,all,0.5,46.1,41.2,54.5,0.3476,0
sf,facet,anxiousness,all,all,0.75,49.4,43.1,57.3,0.4763,0
sf,facet,anxiousness,all,all,1,52.7,45.2,60.1,0.6052,0
sf,facet,anxiousness,all,all,1.25,55.9,47.6,62.8,0.7223,0
sf,facet,anxiousness,all,all,1.5,59.1,50,65.3,0.8187,0
sf,facet,anxiousness,all,all,1.75,62.3,52.4,67.8,0.8898,0
sf,facet,anxiousness,all,all,2,65.4,55,70.1,0.9384,0
sf,facet,anxiousness,all,all,2.25,68.6,57.8,72.7,0.9682,0
sf,facet,anxiousness,all,all,2.5,71.7,60.9,75.8,0.9851,0
sf,facet,anxiousness,all,all,2.75,75,63.9,80.7,0.9939,0
sf,facet,anxiousness,all,all,3,87.2,68.7,87.2,1,1
sf,facet,anxiousness,f,"[18,35)",0,35.2,34.7,42.1,0.0697,0
sf,facet,anxiousness,f,"[18,35)",0.25,38.6,36.2,47,0.1274,0
sf,facet,anxiousness,f,"[18,35)",0.5,41.7,37.5,49.9,0.2035,0
sf,facet,anxiousness,f,"[18,35)",0.75,44.7,39.5,52.6,0.2992,0
sf,facet,anxiousness,f,"[18,35)",1,47.7,41.4,55.3,0.4093,0
sf,facet,anxiousness,f,"[18,35)",1.25,50.6,43.6,58,0.5238,0
sf,facet,anxiousness,f,"[18,35)",1.5,53.5,46,60.5,0.6382,0
sf,facet,anxiousness,f,"[18,35)",1.75,56.6,48.3,63.1,0.7438,0
sf,facet,anxiousness,f,"[18,35)",2,59.6,50.7,65.6,0.8321,0
sf,facet,anxiousness,f,"[18,35)",2.25,62.9,53.4,67.9,0.9008,0
sf,facet,anxiousness,f,"[18,35)",2.5,66.2,56.2,73,0.9477,0
sf,facet,anxiousness,f,"[18,35)",2.75,70,59.1,79.5,0.9771,0
sf,facet,anxiousness,f,"[18,35)",3,87.2,63.9,87.2,1,1
sf,facet,anxiousness,f,"[35,50)",0,38.2,37.9,44.9,0.1184,0
sf,facet,anxiousness,f,"[35,50)",0.25,41.7,39,50.2,0.2024,0
sf,facet,anxiousness,f,"[35,50)",0.5,44.9,40.4,53.4,0.3052,0
sf,facet,anxiousness,f,"[35,50)",0.75,48.1,42.3,56.3,0.4236,0
sf,facet,anxiousness,f,"[35,50)",1,51.3,44.3,59.1,0.55,0
sf,facet,anxiousness,f,"[35,50)",1.25,54.5,46.6,61.8,0.6735,0
sf,facet,anxiousness,f,"[35,50)",1.5,57.8,48.9,64.4,0.7832,0
sf,facet,anxiousness,f,"[35,50)",1.75,61.1,51.3,66.8,0.8671,0
sf,facet,anxiousness,f,"[35,50)",2,64.3,53.8,69.2,0.9237,0
sf,facet,anxiousness,f,"[35,50)",2.25,67.5,56.7,71.8,0.9599,0
sf,facet,anxiousness,f,"[35,50)",2.5,70.7,59.8,75.1,0.9809,0
sf,facet,anxiousness,f,"[35,50)",2.75,74.1,62.9,80.4,0.9921,0
sf,facet,anxiousness,f,"[35,50)",3,87.2,67.8,87.2,1,1
sf,facet,anxiousness,f,"[50,65)",0,38.5,38.3,45.9,0.1249,0
sf,facet,anxiousness,f,"[50,65)",0.25,42.3,39.5,51.3,0.2221,0
sf,facet,anxiousness,f,"[50,65)",0.5,45.9,40.9,54.5,0.3399,0
sf,facet,anxiousness,f,"[50,65)",0.75,49.2,42.9,57.3,0.4693,0
sf,facet,anxiousness,f,"[50,65)",1,52.5,45,60.3,0.5999,0
sf,facet,anxiousness,f,"[50,65)",1.25,55.9,47.4,63.2,0.7216,0
sf,facet,anxiousness,f,"[50,65)",1.5,59.2,49.8,65.9,0.8214,0
sf,facet,anxiousness,f,"[50,65)",1.75,62.6,52.3,68.5,0.8965,0
sf,facet,anxiousness,f,"[50,65)",2,66.1,54.9,70.9,0.9461,0
sf,facet,anxiousness,f,"[50,65)",2.25,69.4,57.8,73.8,0.9741,0
sf,facet,anxiousness,f,"[50,65)",2.5,72.9,60.9,76.8,0.9891,0
sf,facet,anxiousness,f,"[50,65)",2.75,76.8,64,81.3,0.9963,1
sf,facet,anxiousness,f,"[50,65)",3,87.2,69.1,87.2,1,1
sf,facet,anxiousness,f,"[65,Inf)",0,37.8,37.5,46,0.1114,0
sf,facet,anxiousness,f,"[65,Inf)",0.25,41.9,39,51.6,0.2085,0
sf,facet,anxiousness,f,"[65,Inf)",0.5,45.7,40.5,54.9,0.3341,0
sf,facet,anxiousness,f,"[65,Inf)",0.75,49.4,42.6,57.8,0.4749,0
sf,facet,anxiousness,f,"[65,Inf)",1,52.9,44.8,61,0.6134,0
sf,facet,anxiousness,f,"[65,Inf)",1.25,56.4,47.4,64,0.7379,0
sf,facet,anxiousness,f,"[65,Inf)",1.5,59.9,49.9,67,0.8388,0
sf,facet,anxiousness,f,"[65,Inf)",1.75,63.6,52.5,69.6,0.9131,0
sf,facet,anxiousness,f,"[65,Inf)",2,67.5,55.2,72.5,0.9596,0
sf,facet,anxiousness,f,"[65,Inf)",2.25,71.3,58.2,75.7,0.9833,0
sf,facet,anxiousness,f,"[65,Inf)",2.5,75.4,61.4,78.3,0.9944,0
sf,facet,anxiousness,f,"[65,Inf)",2.75,79.5,64.7,82.5,0.9984,1
sf,facet,anxiousness,f,"[65,Inf)",3,87.2,69.5,87.2,1,1
sf,facet,anxiousness,m,"[18,35)",0,38.8,38.4,45.7,0.1317,0
sf,facet,anxiousness,m,"[18,35)",0.25,42.4,39.6,51.2,0.2224,0
sf,facet,anxiousness,m,"[18,35)",0.5,45.7,41,54.3,0.3343,0
sf,facet,anxiousness,m,"[18,35)",0.75,49.1,42.9,57,0.4641,0
sf,facet,anxiousness,m,"[18,35)",1,52.4,45,59.7,0.5956,0
sf,facet,anxiousness,m,"[18,35)",1.25,55.7,47.3,62.2,0.7164,0
sf,facet,anxiousness,m,"[18,35)",1.5,58.8,49.7,64.6,0.8094,0
sf,facet,anxiousness,m,"[18,35)",1.75,61.8,52.1,66.9,0.8801,0
sf,facet,anxiousness,m,"[18,35)",2,64.6,54.7,69.2,0.9277,0
sf,facet,anxiousness,m,"[18,35)",2.25,67.5,57.6,71.6,0.9596,0
sf,facet,anxiousness,m,"[18,35)",2.5,70.3,60.6,75.6,0.979,0
sf,facet,anxiousness,m,"[18,35)",2.75,73.8,63.5,80.7,0.9913,0
sf,facet,anxiousness,m,"[18,35)",3,87.2,68.1,87.2,1,1
sf,facet,anxiousness,m,"[35,50)",0,40.1,39.9,46.9,0.1621,0
sf,facet,anxiousness,m,"[35,50)",0.25,43.7,40.9,52.3,0.2659,0
sf,facet,anxiousness,m,"[35,50)",0.5,47.2,42.4,55.4,0.39,0
sf,facet,anxiousness,m,"[35,50)",0.75,50.5,44.1,58.2,0.519,0
sf,facet,anxiousness,m,"[35,50)",1,53.7,46.2,61,0.6454,0
sf,facet,anxiousness,m,"[35,50)",1.25,56.9,48.5,63.8,0.7549,0
sf,facet,anxiousness,m,"[35,50)",1.5,60.1,50.9,66.5,0.8434,0
sf,facet,anxiousness,m,"[35,50)",1.75,63.4,53.3,69.1,0.9098,0
sf,facet,anxiousness,m,"[35,50)",2,66.7,55.9,71.7,0.9522,0
sf,facet,anxiousness,m,"[35,50)",2.25,70.1,58.7,74.5,0.9778,0
sf,facet,anxiousness,m,"[35,50)",2.5,73.8,61.7,77.7,0.9914,0
sf,facet,anxiousness,m,"[35,50)",2.75,78.5,64.8,81.8,0.9978,1
sf,facet,anxiousness,m,"[35,50)",3,87.2,69.5,87.2,1,1
sf,facet,anxiousness,m,"[50,65)",0,41.1,40.9,48.1,0.1862,0
sf,facet,anxiousness,m,"[50,65)",0.25,44.9,41.8,53.8,0.3047,0
sf,facet,anxiousness,m,"[50,65)",0.5,48.5,43.4,57,0.4403,0
sf,facet,anxiousness,m,"[50,65)",0.75,52,45.1,59.9,0.5776,0
sf,facet,anxiousness,m,"[50,65)",1,55.4,47.3,62.9,0.7062,0
sf,facet,anxiousness,m,"[50,65)",1.25,58.9,49.7,65.8,0.8129,0
sf,facet,anxiousness,m,"[50,65)",1.5,62.3,52.1,68.5,0.8912,0
sf,facet,anxiousness,m,"[50,65)",1.75,65.8,54.6,71,0.943,0
sf,facet,anxiousness,m,"[50,65)",2,69.2,57.2,73.9,0.9729,0
sf,facet,anxiousness,m,"[50,65)",2.25,72.8,60.1,76.8,0.9887,0
sf,facet,anxiousness,m,"[50,65)",2.5,76.7,63.4,79.5,0.9962,1
sf,facet,anxiousness,m,"[50,65)",2.75,80.2,66.7,83.2,0.9987,1
sf,facet,anxiousness,m,"[50,65)",3,87.2,71.3,87.2,1,1
sf,facet,anxiousness,m,"[65,Inf)",0,40.1,39.7,47.4,0.1619,0
sf,facet,anxiousness,m,"[65,Inf)",0.25,44,41,53.3,0.2729,0
sf,facet,anxiousness,m,"[65,Inf)",0.5,47.6,42.5,56.6,0.4055,0
sf,facet,anxiousness,m,"[65,Inf)",0.75,51.2,44.4,59.7,0.5496,0
sf,facet,anxiousness,m,"[65,Inf)",1,54.8,46.6,62.7,0.6852,0
sf,facet,anxiousness,m,"[65,Inf)",1.25,58.5,49,65.6,0.802,0
sf,facet,anxiousness,m,"[65,Inf)",1.5,62.1,51.5,68.3,0.887,0
sf,facet,anxiousness,m,"[65,Inf)",1.75,65.6,54,70.8,0.9412,0
sf,facet,anxiousness,m,"[65,Inf)",2,69.2,56.7,73.6,0.9728,0
sf,facet,anxiousness,m,"[65,Inf)",2.25,72.8,59.7,76.5,0.9887,0
sf,facet,anxiousness,m,"[65,Inf)",2.5,76.4,63.1,79.4,0.9959,1
sf,facet,anxiousness,m,"[65,Inf)",2.75,80,66.5,83.1,0.9986,1
sf,facet,anxiousness,m,"[65,Inf)",3,87.2,71.4,87.2,1,1
sf,facet,attention_seek,all,all,0,41.9,41.7,48.8,0.2085,0
sf,facet,attention_seek,all,all,0.25,45.7,42.5,54.2,0.3342,0
sf,facet,attention_seek,all,all,0.5,49.5,44.2,57.6,0.4813,0
sf,facet,attention_seek,all,all,0.75,53.2,46.5,60.6,0.6266,0
sf,facet,attention_seek,all,all,1,56.9,48.7,63.4,0.754,0
sf,facet,attention_seek,all,all,1.25,60.4,51.2,66.1,0.8514,0
sf,facet,attention_seek,all,all,1.5,63.9,54.2,68.9,0.9177,0
sf,facet,attention_seek,all,all,1.75,67.3,57.3,71.8,0.9582,0
sf,facet,attention_seek,all,all,2,70.6,60.1,74.6,0.9801,0
sf,facet,attention_seek,all,all,2.25,73.8,63,77.4,0.9913,0
sf,facet,attention_seek,all,all,2.5,77,66.7,79.9,0.9965,1
sf,facet,attention_seek,all,all,2.75,80,70,84,0.9986,1
sf,facet,attention_seek,all,all,3,87.2,73.7,87.2,1,1
sf,facet,attention_seek,f,"[18,35)",0,41.6,41.3,47.9,0.2003,0
sf,facet,attention_seek,f,"[18,35)",0.25,45.1,42.2,53,0.3135,0
sf,facet,attention_seek,f,"[18,35)",0.5,48.5,43.7,56.3,0.4417,0
sf,facet,attention_seek,f,"[18,35)",0.75,52,45.9,59.2,0.5788,0
sf,facet,attention_seek,f,"[18,35)",1,55.4,47.9,61.9,0.7057,0
sf,facet,attention_seek,f,"[18,35)",1.25,58.8,50.4,64.6,0.8115,0
sf,facet,attention_seek,f,"[18,35)",1.5,62.2,53.2,67.4,0.889,0
sf,facet,attention_seek,f,"[18,35)",1.75,65.4,56.2,70.2,0.938,0
sf,facet,attention_seek,f,"[18,35)",2,68.7,58.8,73,0.9695,0
sf,facet,attention_seek,f,"[18,35)",2.25,71.9,61.7,75.8,0.9859,0
sf,facet,attention_seek,f,"[18,35)",2.5,74.8,65.2,79,0.9934,0
sf,facet,attention_seek,f,"[18,35)",2.75,78.6,68.3,83.6,0.9979,1
sf,facet,attention_seek,f,"[18,35)",3,87.2,72,87.2,1,1
sf,facet,attention_seek,f,"[35,50)",0,42.9,42.5,49.3,0.2399,0
sf,facet,attention_seek,f,"[35,50)",0.25,46.5,43.5,54.5,0.3643,0
sf,facet,attention_seek,f,"[35,50)",0.5,50.1,45,57.8,0.5058,0
sf,facet,attention_seek,f,"[35,50)",0.75,53.7,47.2,60.8,0.646,0
sf,facet,attention_seek,f,"[35,50)",1,57.2,49.3,63.5,0.7657,0
sf,facet,attention_seek,f,"[35,50)",1.25,60.7,51.8,66.1,0.8573,0
sf,facet,attention_seek,f,"[35,50)",1.5,64,54.6,69,0.9197,0
sf,facet,attention_seek,f,"[35,50)",1.75,67.3,57.7,71.8,0.9585,0
sf,facet,attention_seek,f,"[35,50)",2,70.6,60.3,74.5,0.9802,0
sf,facet,attention_seek,f,"[35,50)",2.25,73.6,63.2,77,0.9908,0
sf,facet,attention_seek,f,"[35,50)",2.5,76.6,66.7,79.6,0.996,1
sf,facet,attention_seek,f,"[35,50)",2.75,78.8,70,84.3,0.998,1
sf,facet,attention_seek,f,"[35,50)",3,87.2,73.7,87.2,1,1
sf,facet,attention_seek,f,"[50,65)",0,43.3,43,50.2,0.2503,0
sf,facet,attention_seek,f,"[50,65)",0.25,47.2,43.8,55.8,0.3897,0
sf,facet,attention_seek,f,"[50,65)",0.5,51.1,45.5,59.3,0.5435,0
sf,facet,attention_seek,f,"[50,65)",0.75,55,47.8,62.5,0.6914,0
sf,facet,attention_seek,f,"[50,65)",1,58.8,50.1,65.4,0.8117,0
sf,facet,attention_seek,f,"[50,65)",1.25,62.6,52.6,68.3,0.8963,0
sf,facet,attention_seek,f,"[50,65)",1.5,66.4,55.6,71.5,0.9492,0
sf,facet,attention_seek,f,"[50,65)",1.75,70.2,58.9,74.7,0.9781,0
sf,facet,attention_seek,f,"[50,65)",2,73.9,61.7,77.9,0.9915,0
sf,facet,attention_seek,f,"[50,65)",2.25,77.7,64.6,81,0.9972,1
sf,facet,attention_seek,f,"[50,65)",2.5,80.3,68.4,84.1,0.9988,1
sf,facet,attention_seek,f,"[50,65)",2.75,87.2,72.3,86.9,1,1
sf,facet,attention_seek,f,"[50,65)",3,87.2,75.8,87.2,1,1
sf,facet,attention_seek,f,"[65,Inf)",0,43.3,42.8,51.1,0.2512,0
sf,facet,attention_seek,f,"[65,Inf)",0.25,47.8,44,57,0.411,0
sf,facet,attention_seek,f,"[65,Inf)",0.5,52.1,45.9,60.7,0.5824,0
sf,facet,attention_seek,f,"[65,Inf)",0.75,56.3,48.2,64.1,0.7346,0
sf,facet,attention_seek,f,"[65,Inf)",1,60.6,50.7,67,0.8544,0
sf,facet,attention_seek,f,"[65,Inf)",1.25,64.6,53.3,70.1,0.9278,0
sf,facet,attention_seek,f,"[65,Inf)",1.5,68.7,56.5,73.6,0.9689,0
sf,facet,attention_seek,f,"[65,Inf)",1.75,72.8,60,76.8,0.9886,0
sf,facet,attention_seek,f,"[65,Inf)",2,76.8,62.9,80,0.9963,1
sf,facet,attention_seek,f,"[65,Inf)",2.25,80.8,65.9,83.7,0.9989,1
sf,facet,attention_seek,f,"[65,Inf)",2.5,87.2,69.8,86.4,1,1
sf,facet,attention_seek,f,"[65,Inf)",2.75,87.2,74.1,87.2,1,1
sf,facet,attention_seek,f,"[65,Inf)",3,87.2,77.7,87.2,1,1
sf,facet,attention_seek,m,"[18,35)",0,40,39.5,46.6,0.1581,0
sf,facet,attention_seek,m,"[18,35)",0.25,43.4,40.6,51.7,0.2556,0
sf,facet,attention_seek,m,"[18,35)",0.5,47,42.1,55,0.3806,0
sf,facet,attention_seek,m,"[18,35)",0.75,50.4,44.4,58,0.5162,0
sf,facet,attention_seek,m,"[18,35)",1,53.9,46.5,60.7,0.6521,0
sf,facet,attention_seek,m,"[18,35)",1.25,57.3,49,63.4,0.7679,0
sf,facet,attention_seek,m,"[18,35)",1.5,60.7,51.9,66.2,0.8585,0
sf,facet,attention_seek,m,"[18,35)",1.75,64,54.9,69,0.9194,0
sf,facet,attention_seek,m,"[18,35)",2,67.3,57.5,71.7,0.9578,0
sf,facet,attention_seek,m,"[18,35)",2.25,70.6,60.5,74.3,0.9803,0
sf,facet,attention_seek,m,"[18,35)",2.5,73.8,63.9,77.5,0.9913,0
sf,facet,attention_seek,m,"[18,35)",2.75,76.8,67.1,83.8,0.9964,1
sf,facet,attention_seek,m,"[18,35)",3,87.2,70.8,87.2,1,1
sf,facet,attention_seek,m,"[35,50)",0,41,40.5,47.7,0.1831,0
sf,facet,attention_seek,m,"[35,50)",0.25,44.6,41.6,52.8,0.2959,0
sf,facet,attention_seek,m,"[35,50)",0.5,48.2,43.2,56.2,0.4288,0
sf,facet,attention_seek,m,"[35,50)",0.75,51.7,45.5,59.2,0.5693,0
sf,facet,attention_seek,m,"[35,50)",1,55.3,47.6,61.9,0.7006,0
sf,facet,attention_seek,m,"[35,50)",1.25,58.7,50.1,64.7,0.8077,0
sf,facet,attention_seek,m,"[35,50)",1.5,62.1,53,67.6,0.8875,0
sf,facet,attention_seek,m,"[35,50)",1.75,65.6,56,70.6,0.9407,0
sf,facet,attention_seek,m,"[35,50)",2,69,58.7,73.4,0.9714,0
sf,facet,attention_seek,m,"[35,50)",2.25,72.5,61.7,76.3,0.9878,0
sf,facet,attention_seek,m,"[35,50)",2.5,76.3,65.2,79.2,0.9957,1
sf,facet,attention_seek,m,"[35,50)",2.75,78.5,68.5,83.5,0.9978,1
sf,facet,attention_seek,m,"[35,50)",3,87.2,72.2,87.2,1,1
sf,facet,attention_seek,m,"[50,65)",0,41.1,40.8,48.2,0.1865,0
sf,facet,attention_seek,m,"[50,65)",0.25,44.9,41.7,53.6,0.3054,0
sf,facet,attention_seek,m,"[50,65)",0.5,48.7,43.4,57.1,0.4501,0
sf,facet,attention_seek,m,"[50,65)",0.75,52.5,45.8,60.3,0.597,0
sf,facet,attention_seek,m,"[50,65)",1,56.2,48,63.2,0.7338,0
sf,facet,attention_seek,m,"[50,65)",1.25,59.9,50.6,66,0.84,0
sf,facet,attention_seek,m,"[50,65)",1.5,63.6,53.6,69,0.9133,0
sf,facet,attention_seek,m,"[50,65)",1.75,67.2,56.8,72.1,0.9576,0
sf,facet,attention_seek,m,"[50,65)",2,70.8,59.6,75.1,0.9812,0
sf,facet,attention_seek,m,"[50,65)",2.25,74.5,62.6,78.2,0.9929,0
sf,facet,attention_seek,m,"[50,65)",2.5,78.1,66.4,81.1,0.9975,1
sf,facet,attention_seek,m,"[50,65)",2.75,81.5,70,84.4,0.9992,1
sf,facet,attention_seek,m,"[50,65)",3,87.2,73.7,87.2,1,1
sf,facet,attention_seek,m,"[65,Inf)",0,40.8,40.2,49.1,0.1783,0
sf,facet,attention_seek,m,"[65,Inf)",0.25,45.2,41.8,54.6,0.3139,0
sf,facet,attention_seek,m,"[65,Inf)",0.5,49.4,43.5,58.2,0.4778,0
sf,facet,attention_seek,m,"[65,Inf)",0.75,53.6,46.1,61.6,0.6402,0
sf,facet,attention_seek,m,"[65,Inf)",1,57.6,48.5,64.5,0.7777,0
sf,facet,attention_seek,m,"[65,Inf)",1.25,61.5,51.2,67.5,0.8754,0
sf,facet,attention_seek,m,"[65,Inf)",1.5,65.5,54.3,70.7,0.9392,0
sf,facet,attention_seek,m,"[65,Inf)",1.75,69.4,57.7,74,0.974,0
sf,facet,attention_seek,m,"[65,Inf)",2,73.1,60.6,77.2,0.9896,0
sf,facet,attention_seek,m,"[65,Inf)",2.25,76.8,63.6,80.4,0.9964,1
sf,facet,attention_seek,m,"[65,Inf)",2.5,81.2,67.5,83.7,0.9991,1
sf,facet,attention_seek,m,"[65,Inf)",2.75,87.2,71.5,86.7,1,1
sf,facet,attention_seek,m,"[65,Inf)",3,87.2,75.1,87.2,1,1
sf,facet,callousness,all,all,0,49.4,49.2,55.2,0.4755,0
sf,facet,callousness,all,all,0.25,53.7,49.8,61.3,0.643,0
sf,facet,callousness,all,all,0.5,57.8,51.7,64.7,0.781,0
sf,facet,callousness,all,all,0.75,61.6,53.4,67.8,0.8777,0
sf,facet,callousness,all,all,1,65.4,55.9,70.9,0.9385,0
sf,facet,callousness,all,all,1.25,69.1,57.9,73.9,0.9718,0
sf,facet,callousness,all,all,1.5,72.6,60.5,76.8,0.9881,0
sf,facet,callousness,all,all,1.75,75.9,63.6,79.5,0.9953,1
sf,facet,callousness,all,all,2,79.2,66.5,81.9,0.9982,1
sf,facet,callousness,all,all,2.25,82.4,69.2,84.6,0.9994,1
sf,facet,callousness,all,all,2.5,87.2,71.9,86.7,1,1
sf,facet,callousness,all,all,2.75,87.2,75.3,87.2,1,1
sf,facet,callousness,all,all,3,87.2,80,87.2,1,1
sf,facet,callousness,f,"[18,35)",0,49.5,49,54.8,0.4806,0
sf,facet,callousness,f,"[18,35)",0.25,53.5,49.8,60.8,0.6351,0
sf,facet,callousness,f,"[18,35)",0.5,57.2,51.6,64,0.7658,0
sf,facet,callousness,f,"[18,35)",0.75,61,53.2,67.1,0.8636,0
sf,facet,callousness,f,"[18,35)",1,64.5,55.6,70.1,0.9268,0
sf,facet,callousness,f,"[18,35)",1.25,68.1,57.6,73,0.9646,0
sf,facet,callousness,f,"[18,35)",1.5,71.3,60.1,76,0.9836,0
sf,facet,callousness,f,"[18,35)",1.75,74.8,63.1,79,0.9934,0
sf,facet,callousness,f,"[18,35)",2,77.2,65.8,82.1,0.9967,1
sf,facet,callousness,f,"[18,35)",2.25,87.2,68.4,85.1,1,1
sf,facet,callousness,f,"[18,35)",2.5,87.2,71,87.2,1,1
sf,facet,callousness,f,"[18,35)",2.75,87.2,74.1,87.2,1,1
sf,facet,callousness,f,"[18,35)",3,87.2,77.9,87.2,1,1
sf,facet,callousness,f,"[35,50)",0,51.5,51,56.6,0.5583,0
sf,facet,callousness,f,"[35,50)",0.25,55.8,51.8,63.2,0.7177,0
sf,facet,callousness,f,"[35,50)",0.5,59.9,53.6,66.6,0.8379,0
sf,facet,callousness,f,"[35,50)",0.75,63.9,55.2,69.9,0.917,0
sf,facet,callousness,f,"[35,50)",1,67.7,57.7,73.1,0.9619,0
sf,facet,callousness,f,"[35,50)",1.25,71.7,59.7,76.4,0.9848,0
sf,facet,callousness,f,"[35,50)",1.5,75.2,62.2,79.9,0.9941,0
sf,facet,callousness,f,"[35,50)",1.75,78.8,65.2,83.2,0.998,1
sf,facet,callousness,f,"[35,50)",2,87.2,68.4,85.8,1,1
sf,facet,callousness,f,"[35,50)",2.25,87.2,71.1,87.2,1,1
sf,facet,callousness,f,"[35,50)",2.5,87.2,73.4,87.2,1,1
sf,facet,callousness,f,"[35,50)",2.75,87.2,76.2,87.2,1,1
sf,facet,callousness,f,"[35,50)",3,87.2,79.5,87.2,1,1
sf,facet,callousness,f,"[50,65)",0,52.3,52,57.5,0.5903,0
sf,facet,callousness,f,"[50,65)",0.25,56.8,52.6,64.3,0.7505,0
sf,facet,callousness,f,"[50,65)",0.5,61.1,54.4,67.8,0.8657,0
sf,facet,callousness,f,"[50,65)",0.75,65.2,56,71.2,0.9364,0
sf,facet,callousness,f,"[50,65)",1,69.4,58.6,74.6,0.9736,0
sf,facet,callousness,f,"[50,65)",1.25,73.5,60.6,78,0.9906,0
sf,facet,callousness,f,"[50,65)",1.5,77.2,63,81.2,0.9968,1
sf,facet,callousness,f,"[50,65)",1.75,81.6,66.2,84.5,0.9992,1
sf,facet,callousness,f,"[50,65)",2,87.2,69.5,87,1,1
sf,facet,callousness,f,"[50,65)",2.25,87.2,72.2,87.2,1,1
sf,facet,callousness,f,"[50,65)",2.5,87.2,74.7,87.2,1,1
sf,facet,callousness,f,"[50,65)",2.75,87.2,77.5,87.2,1,1
sf,facet,callousness,f,"[50,65)",3,87.2,80.3,87.2,1,1
sf,facet,callousness,f,"[65,Inf)",0,53,52.7,58.7,0.6164,0
sf,facet,callousness,f,"[65,Inf)",0.25,58.1,53.4,65.8,0.7901,0
sf,facet,callousness,f,"[65,Inf)",0.5,62.8,55.3,69.4,0.8994,0
sf,facet,callousness,f,"[65,Inf)",0.75,67.3,57,73.1,0.9578,0
sf,facet,callousness,f,"[65,Inf)",1,71.8,59.6,76.7,0.9853,0
sf,facet,callousness,f,"[65,Inf)",1.25,76.3,61.7,80.1,0.9957,1
sf,facet,callousness,f,"[65,Inf)",1.5,80.8,64,83.1,0.9989,1
sf,facet,callousness,f,"[65,Inf)",1.75,87.2,67.5,86.2,1,1
sf,facet,callousness,f,"[65,Inf)",2,87.2,70.8,87.2,1,1
sf,facet,callousness,f,"[65,Inf)",2.25,87.2,73.6,87.2,1,1
sf,facet,callousness,f,"[65,Inf)",2.5,87.2,76.4,87.2,1,1
sf,facet,callousness,f,"[65,Inf)",2.75,87.2,78.8,87.2,1,1
sf,facet,callousness,f,"[65,Inf)",3,87.2,81,87.2,1,1
sf,facet,callousness,m,"[18,35)",0,45.5,45.1,51.7,0.3263,0
sf,facet,callousness,m,"[18,35)",0.25,49.4,46,57.2,0.4749,0
sf,facet,callousness,m,"[18,35)",0.5,53.2,47.7,60.6,0.6238,0
sf,facet,callousness,m,"[18,35)",0.75,56.8,49.6,63.8,0.7528,0
sf,facet,callousness,m,"[18,35)",1,60.5,51.9,66.9,0.8542,0
sf,facet,callousness,m,"[18,35)",1.25,64.1,54.1,69.7,0.9208,0
sf,facet,callousness,m,"[18,35)",1.5,67.6,56.8,72.4,0.9608,0
sf,facet,callousness,m,"[18,35)",1.75,70.9,59.8,74.9,0.9816,0
sf,facet,callousness,m,"[18,35)",2,73.8,62.5,77.6,0.9913,0
sf,facet,callousness,m,"[18,35)",2.25,76.8,65,80.5,0.9964,1
sf,facet,callousness,m,"[18,35)",2.5,87.2,67.8,83.3,1,1
sf,facet,callousness,m,"[18,35)",2.75,87.2,71.1,87,1,1
sf,facet,callousness,m,"[18,35)",3,87.2,75.5,87.2,1,1
sf,facet,callousness,m,"[35,50)",0,46.3,46,53.2,0.3558,0
sf,facet,callousness,m,"[35,50)",0.25,50.6,46.9,59.2,0.5259,0
sf,facet,callousness,m,"[35,50)",0.5,54.9,48.8,62.6,0.6884,0
sf,facet,callousness,m,"[35,50)",0.75,59,50.7,66.1,0.8164,0
sf,facet,callousness,m,"[35,50)",1,63,53.3,69.4,0.9035,0
sf,facet,callousness,m,"[35,50)",1.25,67,55.5,72.7,0.955,0
sf,facet,callousness,m,"[35,50)",1.5,70.9,58.3,76.1,0.9818,0
sf,facet,callousness,m,"[35,50)",1.75,74.9,61.5,79.1,0.9935,0
sf,facet,callousness,m,"[35,50)",2,78.5,64.4,82.3,0.9978,1
sf,facet,callousness,m,"[35,50)",2.25,87.2,67.1,85.7,1,1
sf,facet,callousness,m,"[35,50)",2.5,87.2,69.8,87.2,1,1
sf,facet,callousness,m,"[35,50)",2.75,87.2,73.1,87.2,1,1
sf,facet,callousness,m,"[35,50)",3,87.2,77.2,87.2,1,1
sf,facet,callousness,m,"[50,65)",0,47.8,47.5,54.4,0.4143,0
sf,facet,callousness,m,"[50,65)",0.25,52.3,48.3,60.5,0.5892,0
sf,facet,callousness,m,"[50,65)",0.5,56.5,50.3,64,0.7417,0
sf,facet,callousness,m,"[50,65)",0.75,60.6,52.1,67.4,0.8559,0
sf,facet,callousness,m,"[50,65)",1,64.6,54.7,70.7,0.9283,0
sf,facet,callousness,m,"[50,65)",1.25,68.6,56.8,74,0.9688,0
sf,facet,callousness,m,"[50,65)",1.5,72.7,59.5,77.2,0.9883,0
sf,facet,callousness,m,"[50,65)",1.75,76.7,62.6,80.6,0.9962,1
sf,facet,callousness,m,"[50,65)",2,80.2,65.7,83.3,0.9987,1
sf,facet,callousness,m,"[50,65)",2.25,87.2,68.5,86.1,1,1
sf,facet,callousness,m,"[50,65)",2.5,87.2,71.2,87.2,1,1
sf,facet,callousness,m,"[50,65)",2.75,87.2,74.3,87.2,1,1
sf,facet,callousness,m,"[50,65)",3,87.2,78.5,87.2,1,1
sf,facet,callousness,m,"[65,Inf)",0,48,47.5,55.6,0.4191,0
sf,facet,callousness,m,"[65,Inf)",0.25,53,48.6,62.2,0.6177,0
sf,facet,callousness,m,"[65,Inf)",0.5,57.9,50.7,65.9,0.7852,0
sf,facet,callousness,m,"[65,Inf)",0.75,62.7,52.6,69.5,0.8977,0
sf,facet,callousness,m,"[65,Inf)",1,67.3,55.4,73.2,0.9586,0
sf,facet,callousness,m,"[65,Inf)",1.25,72,57.6,76.8,0.986,0
sf,facet,callousness,m,"[65,Inf)",1.5,76.5,60.3,79.9,0.996,1
sf,facet,callousness,m,"[65,Inf)",1.75,81.2,63.8,83.4,0.9991,1
sf,facet,callousness,m,"[65,Inf)",2,87.2,67.3,86.4,1,1
sf,facet,callousness,m,"[65,Inf)",2.25,87.2,70.2,87.2,1,1
sf,facet,callousness,m,"[65,Inf)",2.5,87.2,72.9,87.2,1,1
sf,facet,callousness,m,"[65,Inf)",2.75,87.2,76.3,87.2,1,1
sf,facet,callousness,m,"[65,Inf)",3,87.2,79.4,87.2,1,1
sf,facet,deceitfulness,all,all,0,46.5,46.4,53.3,0.363,0
sf,facet,deceitfulness,all,all,0.25,50.7,47,59.4,0.5281,0
sf,facet,deceitfulness,all,all,0.5,54.6,48.8,62.8,0.6786,0
sf,facet,deceitfulness,all,all,0.75,58.5,50.4,66,0.802,0
sf,facet,deceitfulness,all,all,1,62.3,52.8,68.9,0.8913,0
sf,facet,deceitfulness,all,all,1.25,66.1,54.9,71.5,0.9468,0
sf,facet,deceitfulness,all,all,1.5,69.9,57.5,74.2,0.9765,0
sf,facet,deceitfulness,all,all,1.75,73.3,60.1,76.8,0.9901,0
sf,facet,deceitfulness,all,all,2,76.3,63,79,0.9958,1
sf,facet,deceitfulness,all,all,2.25,78.9,66,81.3,0.9981,1
sf,facet,deceitfulness,all,all,2.5,81.1,69.3,83.9,0.9991,1
sf,facet,deceitfulness,all,all,2.75,83.8,73.4,86.3,0.9996,1
sf,facet,deceitfulness,all,all,3,87.2,78.3,87.2,1,1
sf,facet,deceitfulness,f,"[18,35)",0,44.3,44,51.3,0.2853,0
sf,facet,deceitfulness,f,"[18,35)",0.25,48.3,45,57.2,0.4331,0
sf,facet,deceitfulness,f,"[18,35)",0.5,52.1,46.6,60.8,0.5837,0
sf,facet,deceitfulness,f,"[18,35)",0.75,55.9,48.4,64.1,0.7221,0
sf,facet,deceitfulness,f,"[18,35)",1,59.8,50.7,67.3,0.8354,0
sf,facet,deceitfulness,f,"[18,35)",1.25,63.8,52.9,70,0.9159,0
sf,facet,deceitfulness,f,"[18,35)",1.5,67.7,55.4,72.8,0.9618,0
sf,facet,deceitfulness,f,"[18,35)",1.75,71.6,58.1,75.4,0.9848,0
sf,facet,deceitfulness,f,"[18,35)",2,74.8,60.9,77.6,0.9934,0
sf,facet,deceitfulness,f,"[18,35)",2.25,77.2,63.9,80.3,0.9967,1
sf,facet,deceitfulness,f,"[18,35)",2.5,87.2,67.3,84.4,1,1
sf,facet,deceitfulness,f,"[18,35)",2.75,87.2,71.6,87.2,1,1
sf,facet,deceitfulness,f,"[18,35)",3,87.2,76.4,87.2,1,1
sf,facet,deceitfulness,f,"[35,50)",0,47.5,47.3,54,0.3994,0
sf,facet,deceitfulness,f,"[35,50)",0.25,51.7,48,60.2,0.5675,0
sf,facet,deceitfulness,f,"[35,50)",0.5,55.6,49.7,63.7,0.7123,0
sf,facet,deceitfulness,f,"[35,50)",0.75,59.5,51.3,66.8,0.8287,0
sf,facet,deceitfulness,f,"[35,50)",1,63.5,53.6,69.5,0.911,0
sf,facet,deceitfulness,f,"[35,50)",1.25,67.2,55.7,72.2,0.9572,0
sf,facet,deceitfulness,f,"[35,50)",1.5,70.7,58.2,75,0.9809,0
sf,facet,deceitfulness,f,"[35,50)",1.75,74.1,60.9,77.8,0.9921,0
sf,facet,deceitfulness,f,"[35,50)",2,76.6,63.9,81.1,0.996,1
sf,facet,deceitfulness,f,"[35,50)",2.25,87.2,66.9,84.2,1,1
sf,facet,deceitfulness,f,"[35,50)",2.5,87.2,70.2,87.1,1,1
sf,facet,deceitfulness,f,"[35,50)",2.75,87.2,74,87.2,1,1
sf,facet,deceitfulness,f,"[35,50)",3,87.2,77.9,87.2,1,1
sf,facet,deceitfulness,f,"[50,65)",0,49,48.7,55.9,0.4603,0
sf,facet,deceitfulness,f,"[50,65)",0.25,53.6,49.5,62.6,0.6417,0
sf,facet,deceitfulness,f,"[50,65)",0.5,58.1,51.4,66,0.7897,0
sf,facet,deceitfulness,f,"[50,65)",0.75,62.3,52.9,69,0.8912,0
sf,facet,deceitfulness,f,"[50,65)",1,66.4,55.3,71.8,0.9497,0
sf,facet,deceitfulness,f,"[50,65)",1.25,70.2,57.5,74.8,0.9781,0
sf,facet,deceitfulness,f,"[50,65)",1.5,73.7,59.9,78.1,0.9911,0
sf,facet,deceitfulness,f,"[50,65)",1.75,77.2,62.9,81.7,0.9968,1
sf,facet,deceitfulness,f,"[50,65)",2,81.6,66.1,84.8,0.9992,1
sf,facet,deceitfulness,f,"[50,65)",2.25,87.2,69,87.2,1,1
sf,facet,deceitfulness,f,"[50,65)",2.5,87.2,72,87.2,1,1
sf,facet,deceitfulness,f,"[50,65)",2.75,87.2,75.3,87.2,1,1
sf,facet,deceitfulness,f,"[50,65)",3,87.2,78.7,87.2,1,1
sf,facet,deceitfulness,f,"[65,Inf)",0,50.1,49.8,57,0.5032,0
sf,facet,deceitfulness,f,"[65,Inf)",0.25,55,50.6,63.9,0.6928,0
sf,facet,deceitfulness,f,"[65,Inf)",0.5,59.6,52.5,67.4,0.8305,0
sf,facet,deceitfulness,f,"[65,Inf)",0.75,63.9,54,70.7,0.9178,0
sf,facet,deceitfulness,f,"[65,Inf)",1,68.2,56.3,73.9,0.9655,0
sf,facet,deceitfulness,f,"[65,Inf)",1.25,72.6,58.6,77.3,0.988,0
sf,facet,deceitfulness,f,"[65,Inf)",1.5,77.2,61,80.7,0.9968,1
sf,facet,deceitfulness,f,"[65,Inf)",1.75,87.2,64,83.9,1,1
sf,facet,deceitfulness,f,"[65,Inf)",2,87.2,66.9,86.4,1,1
sf,facet,deceitfulness,f,"[65,Inf)",2.25,87.2,69.7,87.2,1,1
sf,facet,deceitfulness,f,"[65,Inf)",2.5,87.2,72.9,87.2,1,1
sf,facet,deceitfulness,f,"[65,Inf)",2.75,87.2,76.3,87.2,1,1
sf,facet,deceitfulness,f,"[65,Inf)",3,87.2,79.4,87.2,1,1
sf,facet,deceitfulness,m,"[18,35)",0,41.3,41,49,0.1909,0
sf,facet,deceitfulness,m,"[18,35)",0.25,45.2,42.1,55,0.3165,0
sf,facet,deceitfulness,m,"[18,35)",0.5,49.1,43.7,58.6,0.465,0
sf,facet,deceitfulness,m,"[18,35)",0.75,53.1,45.7,61.9,0.6211,0
sf,facet,deceitfulness,m,"[18,35)",1,57.1,48,64.8,0.7615,0
sf,facet,deceitfulness,m,"[18,35)",1.25,61.2,50.4,67.1,0.8678,0
sf,facet,deceitfulness,m,"[18,35)",1.5,64.9,53,69.3,0.9314,0
sf,facet,deceitfulness,m,"[18,35)",1.75,68,55.8,71.6,0.9644,0
sf,facet,deceitfulness,m,"[18,35)",2,70.8,58.7,73.8,0.9813,0
sf,facet,deceitfulness,m,"[18,35)",2.25,73.2,61.8,76.3,0.9899,0
sf,facet,deceitfulness,m,"[18,35)",2.5,75.7,65.4,80.1,0.995,0
sf,facet,deceitfulness,m,"[18,35)",2.75,87.2,69.1,85.2,1,1
sf,facet,deceitfulness,m,"[18,35)",3,87.2,73.3,87.2,1,1
sf,facet,deceitfulness,m,"[35,50)",0,43.7,43.5,51.5,0.2635,0
sf,facet,deceitfulness,m,"[35,50)",0.25,48,44.5,57.6,0.4204,0
sf,facet,deceitfulness,m,"[35,50)",0.5,52.1,46.2,61.2,0.5848,0
sf,facet,deceitfulness,m,"[35,50)",0.75,56.2,48.1,64.5,0.7334,0
sf,facet,deceitfulness,m,"[35,50)",1,60.3,50.5,67.7,0.8485,0
sf,facet,deceitfulness,m,"[35,50)",1.25,64.3,52.8,70.8,0.9236,0
sf,facet,deceitfulness,m,"[35,50)",1.5,68.4,55.5,74.2,0.9671,0
sf,facet,deceitfulness,m,"[35,50)",1.75,72.5,58.3,77.9,0.9878,0
sf,facet,deceitfulness,m,"[35,50)",2,78.5,61.2,81.5,0.9978,1
sf,facet,deceitfulness,m,"[35,50)",2.25,87.2,64.2,85.2,1,1
sf,facet,deceitfulness,m,"[35,50)",2.5,87.2,67.4,87.2,1,1
sf,facet,deceitfulness,m,"[35,50)",2.75,87.2,70.9,87.2,1,1
sf,facet,deceitfulness,m,"[35,50)",3,87.2,74.8,87.2,1,1
sf,facet,deceitfulness,m,"[50,65)",0,46.5,46.3,53.4,0.3621,0
sf,facet,deceitfulness,m,"[50,65)",0.25,50.7,47,59.6,0.5282,0
sf,facet,deceitfulness,m,"[50,65)",0.5,54.7,48.8,63.3,0.682,0
sf,facet,deceitfulness,m,"[50,65)",0.75,58.7,50.5,66.6,0.8087,0
sf,facet,deceitfulness,m,"[50,65)",1,62.8,52.8,69.8,0.8999,0
sf,facet,deceitfulness,m,"[50,65)",1.25,66.9,55,72.8,0.9546,0
sf,facet,deceitfulness,m,"[50,65)",1.5,71.1,57.6,76.4,0.9825,0
sf,facet,deceitfulness,m,"[50,65)",1.75,75.5,60.2,79.8,0.9946,0
sf,facet,deceitfulness,m,"[50,65)",2,80.2,63.2,83,0.9987,1
sf,facet,deceitfulness,m,"[50,65)",2.25,87.2,66.1,86.4,1,1
sf,facet,deceitfulness,m,"[50,65)",2.5,87.2,69,87.2,1,1
sf,facet,deceitfulness,m,"[50,65)",2.75,87.2,72.6,87.2,1,1
sf,facet,deceitfulness,m,"[50,65)",3,87.2,76.7,87.2,1,1
sf,facet,deceitfulness,m,"[65,Inf)",0,46.8,46.5,54,0.3735,0
sf,facet,deceitfulness,m,"[65,Inf)",0.25,51.2,47.4,60.7,0.548,0
sf,facet,deceitfulness,m,"[65,Inf)",0.5,55.5,49.2,64.6,0.7081,0
sf,facet,deceitfulness,m,"[65,Inf)",0.75,59.8,50.9,68.1,0.8361,0
sf,facet,deceitfulness,m,"[65,Inf)",1,64.4,53.3,71.1,0.9252,0
sf,facet,deceitfulness,m,"[65,Inf)",1.25,69.1,55.5,74.5,0.9717,0
sf,facet,deceitfulness,m,"[65,Inf)",1.5,73.6,58.1,77.7,0.991,0
sf,facet,deceitfulness,m,"[65,Inf)",1.75,77.9,60.8,80.5,0.9973,1
sf,facet,deceitfulness,m,"[65,Inf)",2,81.2,63.9,84.1,0.9991,1
sf,facet,deceitfulness,m,"[65,Inf)",2.25,87.2,66.8,87.1,1,1
sf,facet,deceitfulness,m,"[65,Inf)",2.5,87.2,70.2,87.2,1,1
sf,facet,deceitfulness,m,"[65,Inf)",2.75,87.2,74.4,87.2,1,1
sf,facet,deceitfulness,m,"[65,Inf)",3,87.2,78.8,87.2,1,1
sf,facet,depressivity,all,all,0,49.5,49.4,53.1,0.4805,0
sf,facet,depressivity,all,all,0.25,52.4,49.9,58.6,0.5967,0
sf,facet,depressivity,all,all,0.5,55.3,51.1,61.3,0.7035,0
sf,facet,depressivity,all,all,0.75,58.2,52.4,63.8,0.793,0
sf,facet,depressivity,all,all,1,60.9,54.2,66.1,0.8628,0
sf,facet,depressivity,all,all,1.25,63.6,56,68.4,0.9135,0
sf,facet,depressivity,all,all,1.5,66.3,57.9,70.5,0.948,0
sf,facet,depressivity,all,all,1.75,68.8,60,72.6,0.97,0
sf,facet,depressivity,all,all,2,71.3,62.2,74.6,0.9833,0
sf,facet,depressivity,all,all,2.25,73.7,64.5,76.5,0.991,0
sf,facet,depressivity,all,all,2.5,76,67,78.9,0.9953,1
sf,facet,depressivity,all,all,2.75,78.2,69.7,82.4,0.9976,1
sf,facet,depressivity,all,all,3,87.2,73.7,87.2,1,1
sf,facet,depressivity,f,"[18,35)",0,47,46.7,50.5,0.3802,0
sf,facet,depressivity,f,"[18,35)",0.25,49.6,47.4,55.5,0.4836,0
sf,facet,depressivity,f,"[18,35)",0.5,52.2,48.5,58.1,0.589,0
sf,facet,depressivity,f,"[18,35)",0.75,54.8,49.8,60.5,0.6852,0
sf,facet,depressivity,f,"[18,35)",1,57.4,51.4,62.7,0.7691,0
sf,facet,depressivity,f,"[18,35)",1.25,59.9,53.2,64.8,0.8387,0
sf,facet,depressivity,f,"[18,35)",1.5,62.4,55,66.8,0.8925,0
sf,facet,depressivity,f,"[18,35)",1.75,64.7,57,68.8,0.9293,0
sf,facet,depressivity,f,"[18,35)",2,67,59.1,70.7,0.9554,0
sf,facet,depressivity,f,"[18,35)",2.25,69.2,61.3,72.5,0.9728,0
sf,facet,depressivity,f,"[18,35)",2.5,71.6,63.6,76.1,0.9847,0
sf,facet,depressivity,f,"[18,35)",2.75,73.8,66.1,80.9,0.9913,0
sf,facet,depressivity,f,"[18,35)",3,87.2,69.9,87.2,1,1
sf,facet,depressivity,f,"[35,50)",0,49.5,49.1,52.7,0.4782,0
sf,facet,depressivity,f,"[35,50)",0.25,52.2,49.8,58.1,0.5871,0
sf,facet,depressivity,f,"[35,50)",0.5,54.9,51,60.7,0.6884,0
sf,facet,depressivity,f,"[35,50)",0.75,57.6,52.2,63.2,0.7762,0
sf,facet,depressivity,f,"[35,50)",1,60.2,53.9,65.6,0.8472,0
sf,facet,depressivity,f,"[35,50)",1.25,63,55.6,67.9,0.9025,0
sf,facet,depressivity,f,"[35,50)",1.5,65.6,57.5,70.2,0.9402,0
sf,facet,depressivity,f,"[35,50)",1.75,68.2,59.6,72.4,0.9657,0
sf,facet,depressivity,f,"[35,50)",2,70.9,61.7,74.5,0.9816,0
sf,facet,depressivity,f,"[35,50)",2.25,73.3,63.9,76.7,0.9901,0
sf,facet,depressivity,f,"[35,50)",2.5,76.6,66.4,79.5,0.996,1
sf,facet,depressivity,f,"[35,50)",2.75,78.8,69.2,82.6,0.998,1
sf,facet,depressivity,f,"[35,50)",3,87.2,73.1,87.2,1,1
sf,facet,depressivity,f,"[50,65)",0,50.2,49.9,53.9,0.5097,0
sf,facet,depressivity,f,"[50,65)",0.25,53.3,50.6,59.7,0.6276,0
sf,facet,depressivity,f,"[50,65)",0.5,56.3,51.9,62.5,0.7349,0
sf,facet,depressivity,f,"[50,65)",0.75,59.3,53.2,65.3,0.8235,0
sf,facet,depressivity,f,"[50,65)",1,62.2,55,67.8,0.8893,0
sf,facet,depressivity,f,"[50,65)",1.25,65.2,56.8,70.2,0.9359,0
sf,facet,depressivity,f,"[50,65)",1.5,68.2,58.8,72.6,0.9655,0
sf,facet,depressivity,f,"[50,65)",1.75,71,61,75,0.9822,0
sf,facet,depressivity,f,"[50,65)",2,73.9,63.3,77.3,0.9915,0
sf,facet,depressivity,f,"[50,65)",2.25,76.8,65.7,79.5,0.9963,1
sf,facet,depressivity,f,"[50,65)",2.5,80.3,68.4,82,0.9988,1
sf,facet,depressivity,f,"[50,65)",2.75,87.2,71.5,84.4,1,1
sf,facet,depressivity,f,"[50,65)",3,87.2,75.6,87.2,1,1
sf,facet,depressivity,f,"[65,Inf)",0,50.6,50.2,54.7,0.5221,0
sf,facet,depressivity,f,"[65,Inf)",0.25,54,51,60.9,0.6547,0
sf,facet,depressivity,f,"[65,Inf)",0.5,57.4,52.4,64,0.7703,0
sf,facet,depressivity,f,"[65,Inf)",0.75,60.8,53.8,66.8,0.8589,0
sf,facet,depressivity,f,"[65,Inf)",1,64,55.8,69.5,0.9193,0
sf,facet,depressivity,f,"[65,Inf)",1.25,67.2,57.7,72.3,0.9576,0
sf,facet,depressivity,f,"[65,Inf)",1.5,70.6,59.8,75.1,0.9803,0
sf,facet,depressivity,f,"[65,Inf)",1.75,74,62.1,78,0.9918,0
sf,facet,depressivity,f,"[65,Inf)",2,77.9,64.5,80.9,0.9973,1
sf,facet,depressivity,f,"[65,Inf)",2.25,87.2,67.1,84.1,1,1
sf,facet,depressivity,f,"[65,Inf)",2.5,87.2,69.9,87,1,1
sf,facet,depressivity,f,"[65,Inf)",2.75,87.2,73.2,87.2,1,1
sf,facet,depressivity,f,"[65,Inf)",3,87.2,77,87.2,1,1
sf,facet,depressivity,m,"[18,35)",0,48.4,48,51.7,0.4352,0
sf,facet,depressivity,m,"[18,35)",0.25,51.1,48.7,56.8,0.5426,0
sf,facet,depressivity,m,"[18,35)",0.5,53.7,49.9,59.4,0.6453,0
sf,facet,depressivity,m,"[18,35)",0.75,56.3,51.1,61.7,0.734,0
sf,facet,depressivity,m,"[18,35)",1,58.8,52.8,63.9,0.8116,0
sf,facet,depressivity,m,"[18,35)",1.25,61.3,54.5,66.1,0.8707,0
sf,facet,depressivity,m,"[18,35)",1.5,63.8,56.3,68.2,0.9157,0
sf,facet,depressivity,m,"[18,35)",1.75,66.3,58.3,70.3,0.9483,0
sf,facet,depressivity,m,"[18,35)",2,68.6,60.4,72.2,0.9683,0
sf,facet,depressivity,m,"[18,35)",2.25,70.9,62.5,74.1,0.9816,0
sf,facet,depressivity,m,"[18,35)",2.5,72.9,64.9,77.3,0.9891,0
sf,facet,depressivity,m,"[18,35)",2.75,75.7,67.4,81.7,0.995,0
sf,facet,depressivity,m,"[18,35)",3,87.2,71.2,87.2,1,1
sf,facet,depressivity,m,"[35,50)",0,49,48.8,52.3,0.4613,0
sf,facet,depressivity,m,"[35,50)",0.25,51.7,49.4,57.5,0.5679,0
sf,facet,depressivity,m,"[35,50)",0.5,54.4,50.5,60.1,0.6697,0
sf,facet,depressivity,m,"[35,50)",0.75,57,51.8,62.5,0.7582,0
sf,facet,depressivity,m,"[35,50)",1,59.5,53.4,64.9,0.8298,0
sf,facet,depressivity,m,"[35,50)",1.25,62.2,55.1,67.2,0.8885,0
sf,facet,depressivity,m,"[35,50)",1.5,64.8,57,69.5,0.9306,0
sf,facet,depressivity,m,"[35,50)",1.75,67.5,59,71.7,0.9599,0
sf,facet,depressivity,m,"[35,50)",2,70,61.1,73.9,0.9772,0
sf,facet,depressivity,m,"[35,50)",2.25,72.8,63.3,76.1,0.9886,0
sf,facet,depressivity,m,"[35,50)",2.5,75.3,65.7,78.9,0.9943,0
sf,facet,depressivity,m,"[35,50)",2.75,78.5,68.5,82.3,0.9978,1
sf,facet,depressivity,m,"[35,50)",3,87.2,72.4,87.2,1,1
sf,facet,depressivity,m,"[50,65)",0,50.6,50.3,54.1,0.5242,0
sf,facet,depressivity,m,"[50,65)",0.25,53.7,51,59.9,0.6438,0
sf,facet,depressivity,m,"[50,65)",0.5,56.6,52.2,62.7,0.7451,0
sf,facet,depressivity,m,"[50,65)",0.75,59.5,53.5,65.4,0.8292,0
sf,facet,depressivity,m,"[50,65)",1,62.5,55.3,67.9,0.8942,0
sf,facet,depressivity,m,"[50,65)",1.25,65.3,57.1,70.4,0.9376,0
sf,facet,depressivity,m,"[50,65)",1.5,68.3,59.1,72.9,0.9666,0
sf,facet,depressivity,m,"[50,65)",1.75,71.4,61.3,75.4,0.9837,0
sf,facet,depressivity,m,"[50,65)",2,74.3,63.5,77.9,0.9925,0
sf,facet,depressivity,m,"[50,65)",2.25,77.1,65.9,80.5,0.9967,1
sf,facet,depressivity,m,"[50,65)",2.5,80.2,68.5,83.4,0.9987,1
sf,facet,depressivity,m,"[50,65)",2.75,87.2,71.6,86.3,1,1
sf,facet,depressivity,m,"[50,65)",3,87.2,75.6,87.2,1,1
sf,facet,depressivity,m,"[65,Inf)",0,50,49.6,54.1,0.4999,0
sf,facet,depressivity,m,"[65,Inf)",0.25,53.3,50.4,60.2,0.6298,0
sf,facet,depressivity,m,"[65,Inf)",0.5,56.5,51.8,63.3,0.7424,0
sf,facet,depressivity,m,"[65,Inf)",0.75,59.8,53.2,66.2,0.8363,0
sf,facet,depressivity,m,"[65,Inf)",1,63.2,55.1,68.9,0.9064,0
sf,facet,depressivity,m,"[65,Inf)",1.25,66.5,57,71.5,0.9508,0
sf,facet,depressivity,m,"[65,Inf)",1.5,69.8,59.1,74.2,0.9761,0
sf,facet,depressivity,m,"[65,Inf)",1.75,73.1,61.3,76.9,0.9895,0
sf,facet,depressivity,m,"[65,Inf)",2,76.4,63.8,79.6,0.9959,1
sf,facet,depressivity,m,"[65,Inf)",2.25,80,66.4,82.5,0.9986,1
sf,facet,depressivity,m,"[65,Inf)",2.5,87.2,69.3,85.3,1,1
sf,facet,depressivity,m,"[65,Inf)",2.75,87.2,72.7,87.1,1,1
sf,facet,depressivity,m,"[65,Inf)",3,87.2,76.7,87.2,1,1
sf,facet,distractibility,all,all,0,40.3,40.2,47.1,0.1657,0
sf,facet,distractibility,all,all,0.25,44,41,52.3,0.2749,0
sf,facet,distractibility,all,all,0.5,47.7,42.7,55.7,0.4078,0
sf,facet,distractibility,all,all,0.75,51.3,45,58.8,0.5527,0
sf,facet,distractibility,all,all,1,55,47.2,61.7,0.6899,0
sf,facet,distractibility,all,all,1.25,58.5,49.7,64.4,0.8017,0
sf,facet,distractibility,all,all,1.5,61.9,52.6,67.1,0.8825,0
sf,facet,distractibility,all,all,1.75,65.2,55.7,69.9,0.9351,0
sf,facet,distractibility,all,all,2,68.4,58.6,72.6,0.967,0
sf,facet,distractibility,all,all,2.25,71.6,61.4,75.3,0.9847,0
sf,facet,distractibility,all,all,2.5,74.8,64.8,78.2,0.9934,0
sf,facet,distractibility,all,all,2.75,77.9,68.3,82.3,0.9974,1
sf,facet,distractibility,all,all,3,87.2,72.2,87.2,1,1
sf,facet,distractibility,f,"[18,35)",0,39.5,39.1,45.3,0.1459,0
sf,facet,distractibility,f,"[18,35)",0.25,42.8,40.1,49.9,0.2361,0
sf,facet,distractibility,f,"[18,35)",0.5,45.9,41.6,52.9,0.3411,0
sf,facet,distractibility,f,"[18,35)",0.75,49,43.7,55.8,0.4585,0
sf,facet,distractibility,f,"[18,35)",1,52,45.6,58.6,0.5779,0
sf,facet,distractibility,f,"[18,35)",1.25,55.1,47.9,61.3,0.6933,0
sf,facet,distractibility,f,"[18,35)",1.5,58.1,50.5,64,0.7907,0
sf,facet,distractibility,f,"[18,35)",1.75,61.3,53.3,66.6,0.8701,0
sf,facet,distractibility,f,"[18,35)",2,64.5,55.8,69.1,0.9267,0
sf,facet,distractibility,f,"[18,35)",2.25,67.7,58.4,71.7,0.9618,0
sf,facet,distractibility,f,"[18,35)",2.5,70.9,61.5,75.6,0.9815,0
sf,facet,distractibility,f,"[18,35)",2.75,73.8,64.8,81,0.9913,0
sf,facet,distractibility,f,"[18,35)",3,87.2,68.8,87.2,1,1
sf,facet,distractibility,f,"[35,50)",0,41.6,41.4,47.8,0.2,0
sf,facet,distractibility,f,"[35,50)",0.25,45.2,42.2,53,0.3155,0
sf,facet,distractibility,f,"[35,50)",0.5,48.6,43.8,56.2,0.446,0
sf,facet,distractibility,f,"[35,50)",0.75,52.2,46,59.3,0.5855,0
sf,facet,distractibility,f,"[35,50)",1,55.6,48.1,62.1,0.7127,0
sf,facet,distractibility,f,"[35,50)",1.25,59,50.5,64.6,0.8169,0
sf,facet,distractibility,f,"[35,50)",1.5,62.3,53.3,67.3,0.89,0
sf,facet,distractibility,f,"[35,50)",1.75,65.4,56.3,69.9,0.938,0
sf,facet,distractibility,f,"[35,50)",2,68.5,59.1,72.5,0.9677,0
sf,facet,distractibility,f,"[35,50)",2.25,71.5,61.9,75.3,0.9842,0
sf,facet,distractibility,f,"[35,50)",2.5,74.1,65.1,78.4,0.9921,0
sf,facet,distractibility,f,"[35,50)",2.75,78.8,68.4,82.4,0.998,1
sf,facet,distractibility,f,"[35,50)",3,87.2,72.2,87.2,1,1
sf,facet,distractibility,f,"[50,65)",0,41.7,41.4,48.3,0.2029,0
sf,facet,distractibility,f,"[50,65)",0.25,45.5,42.4,53.8,0.3271,0
sf,facet,distractibility,f,"[50,65)",0.5,49.2,44.1,57.2,0.4675,0
sf,facet,distractibility,f,"[50,65)",0.75,52.9,46.3,60.5,0.6127,0
sf,facet,distractibility,f,"[50,65)",1,56.6,48.5,63.4,0.7455,0
sf,facet,distractibility,f,"[50,65)",1.25,60.4,51,66.1,0.8503,0
sf,facet,distractibility,f,"[50,65)",1.5,63.9,53.9,68.9,0.9173,0
sf,facet,distractibility,f,"[50,65)",1.75,67.3,57.1,71.8,0.9578,0
sf,facet,distractibility,f,"[50,65)",2,70.5,60.1,74.5,0.9799,0
sf,facet,distractibility,f,"[50,65)",2.25,73.7,63,77.3,0.9911,0
sf,facet,distractibility,f,"[50,65)",2.5,77.2,66.4,80.2,0.9968,1
sf,facet,distractibility,f,"[50,65)",2.75,80.3,70.1,83.6,0.9988,1
sf,facet,distractibility,f,"[50,65)",3,87.2,74.1,87.2,1,1
sf,facet,distractibility,f,"[65,Inf)",0,40.1,39.8,48.3,0.162,0
sf,facet,distractibility,f,"[65,Inf)",0.25,44.4,41.1,54.2,0.2861,0
sf,facet,distractibility,f,"[65,Inf)",0.5,48.6,42.9,57.9,0.4459,0
sf,facet,distractibility,f,"[65,Inf)",0.75,53,45.5,61.4,0.6193,0
sf,facet,distractibility,f,"[65,Inf)",1,57.3,47.9,64.6,0.7688,0
sf,facet,distractibility,f,"[65,Inf)",1.25,61.5,50.7,67.6,0.8751,0
sf,facet,distractibility,f,"[65,Inf)",1.5,65.5,53.8,70.7,0.9395,0
sf,facet,distractibility,f,"[65,Inf)",1.75,69.3,57.4,73.8,0.9735,0
sf,facet,distractibility,f,"[65,Inf)",2,72.9,60.7,76.7,0.9891,0
sf,facet,distractibility,f,"[65,Inf)",2.25,76.6,63.7,79.8,0.996,1
sf,facet,distractibility,f,"[65,Inf)",2.5,87.2,67.3,83.7,1,1
sf,facet,distractibility,f,"[65,Inf)",2.75,87.2,71.7,87.2,1,1
sf,facet,distractibility,f,"[65,Inf)",3,87.2,75.9,87.2,1,1
sf,facet,distractibility,m,"[18,35)",0,38.7,38.3,45.3,0.1292,0
sf,facet,distractibility,m,"[18,35)",0.25,42.2,39.5,50.2,0.2192,0
sf,facet,distractibility,m,"[18,35)",0.5,45.7,41,53.4,0.3327,0
sf,facet,distractibility,m,"[18,35)",0.75,49.1,43.3,56.5,0.4627,0
sf,facet,distractibility,m,"[18,35)",1,52.4,45.4,59.3,0.5943,0
sf,facet,distractibility,m,"[18,35)",1.25,55.8,47.9,62,0.7178,0
sf,facet,distractibility,m,"[18,35)",1.5,59.1,50.6,64.6,0.8178,0
sf,facet,distractibility,m,"[18,35)",1.75,62.2,53.6,67.2,0.8886,0
sf,facet,distractibility,m,"[18,35)",2,65.4,56.3,69.8,0.9376,0
sf,facet,distractibility,m,"[18,35)",2.25,68.4,59.1,72.4,0.967,0
sf,facet,distractibility,m,"[18,35)",2.5,71.5,62.3,76.1,0.984,0
sf,facet,distractibility,m,"[18,35)",2.75,74.4,65.6,81.2,0.9927,0
sf,facet,distractibility,m,"[18,35)",3,87.2,69.5,87.2,1,1
sf,facet,distractibility,m,"[35,50)",0,40,39.6,46.4,0.1578,0
sf,facet,distractibility,m,"[35,50)",0.25,43.6,40.7,51.4,0.2608,0
sf,facet,distractibility,m,"[35,50)",0.5,47,42.3,54.7,0.3809,0
sf,facet,distractibility,m,"[35,50)",0.75,50.4,44.5,58,0.5163,0
sf,facet,distractibility,m,"[35,50)",1,53.8,46.6,61,0.6497,0
sf,facet,distractibility,m,"[35,50)",1.25,57.4,49.1,63.9,0.7704,0
sf,facet,distractibility,m,"[35,50)",1.5,60.9,51.9,66.9,0.8618,0
sf,facet,distractibility,m,"[35,50)",1.75,64.3,54.9,69.9,0.9242,0
sf,facet,distractibility,m,"[35,50)",2,68.1,57.7,73.1,0.9649,0
sf,facet,distractibility,m,"[35,50)",2.25,71.9,60.5,76.4,0.9857,0
sf,facet,distractibility,m,"[35,50)",2.5,76.3,63.9,79.9,0.9957,1
sf,facet,distractibility,m,"[35,50)",2.75,87.2,67.7,83.4,1,1
sf,facet,distractibility,m,"[35,50)",3,87.2,71.8,87.2,1,1
sf,facet,distractibility,m,"[50,65)",0,40.8,40.6,47.5,0.1779,0
sf,facet,distractibility,m,"[50,65)",0.25,44.5,41.5,52.8,0.2926,0
sf,facet,distractibility,m,"[50,65)",0.5,48.2,43.2,56.2,0.4271,0
sf,facet,distractibility,m,"[50,65)",0.75,51.8,45.4,59.5,0.5713,0
sf,facet,distractibility,m,"[50,65)",1,55.5,47.6,62.5,0.7092,0
sf,facet,distractibility,m,"[50,65)",1.25,59.2,50.2,65.3,0.8204,0
sf,facet,distractibility,m,"[50,65)",1.5,62.8,53,68.2,0.8997,0
sf,facet,distractibility,m,"[50,65)",1.75,66.2,56.2,71.3,0.9479,0
sf,facet,distractibility,m,"[50,65)",2,69.8,59.2,74.4,0.9763,0
sf,facet,distractibility,m,"[50,65)",2.25,73.6,62,77.4,0.9908,0
sf,facet,distractibility,m,"[50,65)",2.5,77.1,65.5,80.8,0.9967,1
sf,facet,distractibility,m,"[50,65)",2.75,81.5,69.2,84.2,0.9992,1
sf,facet,distractibility,m,"[50,65)",3,87.2,73.3,87.2,1,1
sf,facet,distractibility,m,"[65,Inf)",0,39.1,38.8,47,0.1385,0
sf,facet,distractibility,m,"[65,Inf)",0.25,43.2,40.2,52.8,0.2496,0
sf,facet,distractibility,m,"[65,Inf)",0.5,47.2,41.9,56.5,0.3915,0
sf,facet,distractibility,m,"[65,Inf)",0.75,51.4,44.5,59.9,0.5557,0
sf,facet,distractibility,m,"[65,Inf)",1,55.7,46.8,63,0.7148,0
sf,facet,distractibility,m,"[65,Inf)",1.25,59.7,49.6,66,0.8341,0
sf,facet,distractibility,m,"[65,Inf)",1.5,63.6,52.6,69.2,0.9126,0
sf,facet,distractibility,m,"[65,Inf)",1.75,67.4,56.1,72.6,0.9588,0
sf,facet,distractibility,m,"[65,Inf)",2,71.4,59.4,76,0.9837,0
sf,facet,distractibility,m,"[65,Inf)",2.25,75.5,62.4,79.2,0.9946,0
sf,facet,distractibility,m,"[65,Inf)",2.5,81.2,65.9,82.2,0.9991,1
sf,facet,distractibility,m,"[65,Inf)",2.75,87.2,70,85.5,1,1
sf,facet,distractibility,m,"[65,Inf)",3,87.2,74.3,87.2,1,1
sf,facet,eccentricity,all,all,0,40.7,40.5,48.7,0.1752,0
sf,facet,eccentricity,all,all,0.25,44.8,41.7,54,0.3018,0
sf,facet,eccentricity,all,all,0.5,48.6,43.2,57,0.4433,0
sf,facet,eccentricity,all,all,0.75,52.1,44.9,59.7,0.5825,0
sf,facet,eccentricity,all,all,1,55.5,47.2,62.3,0.7076,0
sf,facet,eccentricity,all,all,1.25,58.7,49.4,64.7,0.8083,0
sf,facet,eccentricity,all,all,1.5,61.8,51.9,67.1,0.8816,0
sf,facet,eccentricity,all,all,1.75,64.8,54.7,69.5,0.931,0
sf,facet,eccentricity,all,all,2,67.8,57.5,71.8,0.9626,0
sf,facet,eccentricity,all,all,2.25,70.7,60.4,74.1,0.9808,0
sf,facet,eccentricity,all,all,2.5,73.5,63.6,76.8,0.9907,0
sf,facet,eccentricity,all,all,2.75,76.1,67,82.4,0.9955,1
sf,facet,eccentricity,all,all,3,87.2,71.2,87.2,1,1
sf,facet,eccentricity,f,"[18,35)",0,39.3,38.9,47,0.1417,0
sf,facet,eccentricity,f,"[18,35)",0.25,43.2,40.3,51.7,0.2495,0
sf,facet,eccentricity,f,"[18,35)",0.5,46.8,41.7,54.5,0.3726,0
sf,facet,eccentricity,f,"[18,35)",0.75,49.9,43.5,57,0.4952,0
sf,facet,eccentricity,f,"[18,35)",1,52.8,45.6,59.4,0.6112,0
sf,facet,eccentricity,f,"[18,35)",1.25,55.7,47.8,61.9,0.7168,0
sf,facet,eccentricity,f,"[18,35)",1.5,58.5,50.2,64.4,0.8019,0
sf,facet,eccentricity,f,"[18,35)",1.75,61.5,52.7,66.6,0.8747,0
sf,facet,eccentricity,f,"[18,35)",2,64.5,55.3,68.7,0.926,0
sf,facet,eccentricity,f,"[18,35)",2.25,67.2,57.9,70.8,0.9575,0
sf,facet,eccentricity,f,"[18,35)",2.5,70,60.9,74.4,0.9772,0
sf,facet,eccentricity,f,"[18,35)",2.75,72.6,64,82.9,0.988,0
sf,facet,eccentricity,f,"[18,35)",3,87.2,68.2,87.2,1,1
sf,facet,eccentricity,f,"[35,50)",0,42.1,41.9,49.8,0.215,0
sf,facet,eccentricity,f,"[35,50)",0.25,46.2,43,55.1,0.3532,0
sf,facet,eccentricity,f,"[35,50)",0.5,50,44.5,58.1,0.4985,0
sf,facet,eccentricity,f,"[35,50)",0.75,53.4,46.2,61,0.634,0
sf,facet,eccentricity,f,"[35,50)",1,56.8,48.4,63.6,0.7513,0
sf,facet,eccentricity,f,"[35,50)",1.25,60.1,50.6,66.2,0.8427,0
sf,facet,eccentricity,f,"[35,50)",1.5,63.3,53.1,68.6,0.9085,0
sf,facet,eccentricity,f,"[35,50)",1.75,66.5,55.8,71.2,0.9506,0
sf,facet,eccentricity,f,"[35,50)",2,69.7,58.6,73.8,0.9756,0
sf,facet,eccentricity,f,"[35,50)",2.25,72.8,61.5,76.3,0.9888,0
sf,facet,eccentricity,f,"[35,50)",2.5,76,64.7,79.1,0.9954,1
sf,facet,eccentricity,f,"[35,50)",2.75,78.8,68.3,82.9,0.998,1
sf,facet,eccentricity,f,"[35,50)",3,87.2,72.8,87.2,1,1
sf,facet,eccentricity,f,"[50,65)",0,42.6,42.4,50.5,0.2287,0
sf,facet,eccentricity,f,"[50,65)",0.25,46.8,43.4,56.1,0.3745,0
sf,facet,eccentricity,f,"[50,65)",0.5,50.7,45,59.2,0.5273,0
sf,facet,eccentricity,f,"[50,65)",0.75,54.4,46.7,62.1,0.6684,0
sf,facet,eccentricity,f,"[50,65)",1,57.9,49,64.7,0.7855,0
sf,facet,eccentricity,f,"[50,65)",1.25,61.4,51.2,67.1,0.8726,0
sf,facet,eccentricity,f,"[50,65)",1.5,64.7,53.7,69.4,0.929,0
sf,facet,eccentricity,f,"[50,65)",1.75,67.8,56.5,71.9,0.9626,0
sf,facet,eccentricity,f,"[50,65)",2,70.8,59.4,74.5,0.9813,0
sf,facet,eccentricity,f,"[50,65)",2.25,73.7,62.4,77.1,0.9911,0
sf,facet,eccentricity,f,"[50,65)",2.5,76.8,65.8,79.5,0.9963,1
sf,facet,eccentricity,f,"[50,65)",2.75,80.3,69.4,83.2,0.9988,1
sf,facet,eccentricity,f,"[50,65)",3,87.2,73.7,87.2,1,1
sf,facet,eccentricity,f,"[65,Inf)",0,41.7,41.3,50.9,0.2046,0
sf,facet,eccentricity,f,"[65,Inf)",0.25,46.5,42.9,56.7,0.3637,0
sf,facet,eccentricity,f,"[65,Inf)",0.5,50.8,44.6,60,0.5304,0
sf,facet,eccentricity,f,"[65,Inf)",0.75,54.9,46.4,63.1,0.6874,0
sf,facet,eccentricity,f,"[65,Inf)",1,58.8,48.9,65.9,0.8105,0
sf,facet,eccentricity,f,"[65,Inf)",1.25,62.6,51.2,68.6,0.8964,0
sf,facet,eccentricity,f,"[65,Inf)",1.5,66.3,53.9,71.4,0.9487,0
sf,facet,eccentricity,f,"[65,Inf)",1.75,69.9,56.8,74.6,0.9769,0
sf,facet,eccentricity,f,"[65,Inf)",2,73.6,59.9,78,0.991,0
sf,facet,eccentricity,f,"[65,Inf)",2.25,77.9,63.2,81.3,0.9973,1
sf,facet,eccentricity,f,"[65,Inf)",2.5,87.2,66.8,84.7,1,1
sf,facet,eccentricity,f,"[65,Inf)",2.75,87.2,70.7,87.2,1,1
sf,facet,eccentricity,f,"[65,Inf)",3,87.2,74.8,87.2,1,1
sf,facet,eccentricity,m,"[18,35)",0,36.7,36.1,45.3,0.091,0
sf,facet,eccentricity,m,"[18,35)",0.25,40.5,38,50.4,0.1713,0
sf,facet,eccentricity,m,"[18,35)",0.5,44.2,39.2,53.3,0.2814,0
sf,facet,eccentricity,m,"[18,35)",0.75,47.7,41.3,55.9,0.4106,0
sf,facet,eccentricity,m,"[18,35)",1,51.1,43.4,58.2,0.5439,0
sf,facet,eccentricity,m,"[18,35)",1.25,54.3,45.8,60.6,0.6674,0
sf,facet,eccentricity,m,"[18,35)",1.5,57.3,48.3,62.9,0.7687,0
sf,facet,eccentricity,m,"[18,35)",1.75,60.2,51,65.3,0.8461,0
sf,facet,eccentricity,m,"[18,35)",2,63,53.9,67.6,0.9029,0
sf,facet,eccentricity,m,"[18,35)",2.25,65.8,56.7,69.8,0.9433,0
sf,facet,eccentricity,m,"[18,35)",2.5,68.7,59.8,74.2,0.9693,0
sf,facet,eccentricity,m,"[18,35)",2.75,71.5,62.9,82.4,0.984,0
sf,facet,eccentricity,m,"[18,35)",3,87.2,66.9,87.2,1,1
sf,facet,eccentricity,m,"[35,50)",0,39.8,39.5,47.7,0.1544,0
sf,facet,eccentricity,m,"[35,50)",0.25,43.8,40.8,52.9,0.2688,0
sf,facet,eccentricity,m,"[35,50)",0.5,47.5,42.3,55.9,0.3994,0
sf,facet,eccentricity,m,"[35,50)",0.75,50.8,44.1,58.6,0.5335,0
sf,facet,eccentricity,m,"[35,50)",1,54.1,46.2,61.3,0.6584,0
sf,facet,eccentricity,m,"[35,50)",1.25,57.3,48.5,64,0.7681,0
sf,facet,eccentricity,m,"[35,50)",1.5,60.5,51,66.8,0.8535,0
sf,facet,eccentricity,m,"[35,50)",1.75,63.8,53.7,69.5,0.9163,0
sf,facet,eccentricity,m,"[35,50)",2,67.4,56.5,72.2,0.9588,0
sf,facet,eccentricity,m,"[35,50)",2.25,70.8,59.3,75,0.9814,0
sf,facet,eccentricity,m,"[35,50)",2.5,74.5,62.5,77.5,0.9929,0
sf,facet,eccentricity,m,"[35,50)",2.75,78.5,66,82,0.9978,1
sf,facet,eccentricity,m,"[35,50)",3,87.2,70.7,87.2,1,1
sf,facet,eccentricity,m,"[50,65)",0,41.2,40.9,49.3,0.1895,0
sf,facet,eccentricity,m,"[50,65)",0.25,45.4,42.2,54.9,0.3232,0
sf,facet,eccentricity,m,"[50,65)",0.5,49.2,43.7,58,0.4695,0
sf,facet,eccentricity,m,"[50,65)",0.75,52.9,45.5,60.9,0.6145,0
sf,facet,eccentricity,m,"[50,65)",1,56.5,47.8,63.5,0.7415,0
sf,facet,eccentricity,m,"[50,65)",1.25,60,50,66,0.8416,0
sf,facet,eccentricity,m,"[50,65)",1.5,63.3,52.6,68.5,0.9083,0
sf,facet,eccentricity,m,"[50,65)",1.75,66.5,55.4,71.1,0.9504,0
sf,facet,eccentricity,m,"[50,65)",2,69.6,58.3,73.8,0.975,0
sf,facet,eccentricity,m,"[50,65)",2.25,72.8,61.3,76.5,0.9887,0
sf,facet,eccentricity,m,"[50,65)",2.5,75.7,64.6,79.2,0.995,0
sf,facet,eccentricity,m,"[50,65)",2.75,80.2,68.3,82.9,0.9987,1
sf,facet,eccentricity,m,"[50,65)",3,87.2,72.7,87.2,1,1
sf,facet,eccentricity,m,"[65,Inf)",0,39.6,39.2,48.2,0.1493,0
sf,facet,eccentricity,m,"[65,Inf)",0.25,43.9,40.8,53.8,0.2717,0
sf,facet,eccentricity,m,"[65,Inf)",0.5,47.8,42.3,57.2,0.4117,0
sf,facet,eccentricity,m,"[65,Inf)",0.75,51.5,44.2,60.2,0.5599,0
sf,facet,eccentricity,m,"[65,Inf)",1,55.2,46.5,63.1,0.6977,0
sf,facet,eccentricity,m,"[65,Inf)",1.25,59,48.9,65.8,0.8158,0
sf,facet,eccentricity,m,"[65,Inf)",1.5,62.7,51.4,68.4,0.8976,0
sf,facet,eccentricity,m,"[65,Inf)",1.75,66.3,54.3,71.2,0.948,0
sf,facet,eccentricity,m,"[65,Inf)",2,69.9,57.3,74.1,0.9767,0
sf,facet,eccentricity,m,"[65,Inf)",2.25,73.4,60.3,76.9,0.9903,0
sf,facet,eccentricity,m,"[65,Inf)",2.5,76.8,63.8,79.4,0.9964,1
sf,facet,eccentricity,m,"[65,Inf)",2.75,80,67.7,83.3,0.9986,1
sf,facet,eccentricity,m,"[65,Inf)",3,87.2,72.7,87.2,1,1
sf,facet,emo_lability,all,all,0,37.2,37.2,46.6,0.1005,0
sf,facet,emo_lability,all,all,0.25,41.4,38,52.1,0.1945,0
sf,facet,emo_lability,all,all,0.5,45.4,39.8,55.8,0.3221,0
sf,facet,emo_lability,all,all,0.75,49.3,42.1,58.9,0.4738,0
sf,facet,emo_lability,all,all,1,53.3,44.4,62,0.6288,0
sf,facet,emo_lability,all,all,1.25,57.2,46.9,65,0.7643,0
sf,facet,emo_lability,all,all,1.5,61,49.5,67.7,0.8651,0
sf,facet,emo_lability,all,all,1.75,64.8,52.4,70.2,0.9302,0
sf,facet,emo_lability,all,all,2,68.4,55.3,72.9,0.9671,0
sf,facet,emo_lability,all,all,2.25,71.9,58.3,75.7,0.9857,0
sf,facet,emo_lability,all,all,2.5,75.3,61.8,78.4,0.9942,0
sf,facet,emo_lability,all,all,2.75,78.7,65.7,83.3,0.9979,1
sf,facet,emo_lability,all,all,3,87.2,70.4,87.1,1,1
sf,facet,emo_lability,f,"[18,35)",0,33.6,33.2,43.3,0.0502,0
sf,facet,emo_lability,f,"[18,35)",0.25,37.5,34.7,48.4,0.1062,0
sf,facet,emo_lability,f,"[18,35)",0.5,41.4,36.3,52,0.1959,0
sf,facet,emo_lability,f,"[18,35)",0.75,45.2,39.1,55.1,0.3146,0
sf,facet,emo_lability,f,"[18,35)",1,48.9,41,58,0.4562,0
sf,facet,emo_lability,f,"[18,35)",1.25,52.6,43.6,60.8,0.6023,0
sf,facet,emo_lability,f,"[18,35)",1.5,56.2,46.3,63.6,0.7316,0
sf,facet,emo_lability,f,"[18,35)",1.75,59.7,49,66.4,0.8351,0
sf,facet,emo_lability,f,"[18,35)",2,63.2,51.8,68.6,0.9073,0
sf,facet,emo_lability,f,"[18,35)",2.25,66.8,54.8,71.5,0.9532,0
sf,facet,emo_lability,f,"[18,35)",2.5,70.2,58.1,75.7,0.9782,0
sf,facet,emo_lability,f,"[18,35)",2.75,73.8,61.7,82.9,0.9913,0
sf,facet,emo_lability,f,"[18,35)",3,87.2,66.5,87.1,1,1
sf,facet,emo_lability,f,"[35,50)",0,36.4,36.1,44.9,0.0875,0
sf,facet,emo_lability,f,"[35,50)",0.25,40.1,37.1,50.3,0.1611,0
sf,facet,emo_lability,f,"[35,50)",0.5,43.6,38.7,54.1,0.2625,0
sf,facet,emo_lability,f,"[35,50)",0.75,47.3,41.1,57.4,0.394,0
sf,facet,emo_lability,f,"[35,50)",1,51.1,43.1,60.5,0.544,0
sf,facet,emo_lability,f,"[35,50)",1.25,55,45.6,63.6,0.692,0
sf,facet,emo_lability,f,"[35,50)",1.5,59,48.1,66.4,0.815,0
sf,facet,emo_lability,f,"[35,50)",1.75,62.9,50.8,69,0.9019,0
sf,facet,emo_lability,f,"[35,50)",2,66.8,53.7,71.7,0.9533,0
sf,facet,emo_lability,f,"[35,50)",2.25,70.3,56.7,74.7,0.9789,0
sf,facet,emo_lability,f,"[35,50)",2.5,74.1,60.2,77.4,0.9921,0
sf,facet,emo_lability,f,"[35,50)",2.75,78.8,64,82.8,0.998,1
sf,facet,emo_lability,f,"[35,50)",3,87.2,68.9,87.1,1,1
sf,facet,emo_lability,f,"[50,65)",0,36.1,36,45.8,0.0825,0
sf,facet,emo_lability,f,"[50,65)",0.25,40.3,37,51.4,0.1652,0
sf,facet,emo_lability,f,"[50,65)",0.5,44.3,38.8,55.3,0.2838,0
sf,facet,emo_lability,f,"[50,65)",0.75,48.3,41.3,58.5,0.4315,0
sf,facet,emo_lability,f,"[50,65)",1,52.4,43.5,61.7,0.593,0
sf,facet,emo_lability,f,"[50,65)",1.25,56.5,46.1,65,0.7415,0
sf,facet,emo_lability,f,"[50,65)",1.5,60.5,48.7,68,0.8543,0
sf,facet,emo_lability,f,"[50,65)",1.75,64.7,51.6,70.6,0.9286,0
sf,facet,emo_lability,f,"[50,65)",2,68.7,54.6,73.9,0.9696,0
sf,facet,emo_lability,f,"[50,65)",2.25,72.8,57.6,77.2,0.9886,0
sf,facet,emo_lability,f,"[50,65)",2.5,77.2,61.3,79.8,0.9968,1
sf,facet,emo_lability,f,"[50,65)",2.75,81.6,65.3,84.1,0.9992,1
sf,facet,emo_lability,f,"[50,65)",3,87.2,69.8,87.1,1,1
sf,facet,emo_lability,f,"[65,Inf)",0,35,34.8,46.6,0.0669,0
sf,facet,emo_lability,f,"[65,Inf)",0.25,39.8,36.4,52.1,0.1532,0
sf,facet,emo_lability,f,"[65,Inf)",0.5,44.3,38.2,56,0.286,0
sf,facet,emo_lability,f,"[65,Inf)",0.75,48.8,41.1,59.4,0.4533,0
sf,facet,emo_lability,f,"[65,Inf)",1,53.2,43.4,62.8,0.6249,0
sf,facet,emo_lability,f,"[65,Inf)",1.25,57.5,46.2,66.2,0.7739,0
sf,facet,emo_lability,f,"[65,Inf)",1.5,61.8,48.9,69.1,0.8815,0
sf,facet,emo_lability,f,"[65,Inf)",1.75,66.2,52,72.1,0.9471,0
sf,facet,emo_lability,f,"[65,Inf)",2,70.6,55.1,75.4,0.9804,0
sf,facet,emo_lability,f,"[65,Inf)",2.25,74.9,58.3,78.5,0.9936,0
sf,facet,emo_lability,f,"[65,Inf)",2.5,79.5,62,82.4,0.9984,1
sf,facet,emo_lability,f,"[65,Inf)",2.75,87.2,66.2,86.6,1,1
sf,facet,emo_lability,f,"[65,Inf)",3,87.2,70.9,87.2,1,1
sf,facet,emo_lability,m,"[18,35)",0,38.7,38.3,48,0.1301,0
sf,facet,emo_lability,m,"[18,35)",0.25,43,39.5,53.4,0.2427,0
sf,facet,emo_lability,m,"[18,35)",0.5,47.1,41.3,56.9,0.3875,0
sf,facet,emo_lability,m,"[18,35)",0.75,51.1,43.5,59.8,0.5431,0
sf,facet,emo_lability,m,"[18,35)",1,55,45.8,62.7,0.6911,0
sf,facet,emo_lability,m,"[18,35)",1.25,58.7,48.2,65.2,0.8067,0
sf,facet,emo_lability,m,"[18,35)",1.5,62.2,50.8,67.4,0.8881,0
sf,facet,emo_lability,m,"[18,35)",1.75,65.2,53.6,69.5,0.9359,0
sf,facet,emo_lability,m,"[18,35)",2,68.1,56.5,71.9,0.9647,0
sf,facet,emo_lability,m,"[18,35)",2.25,70.6,59.5,74.2,0.9804,0
sf,facet,emo_lability,m,"[18,35)",2.5,73.2,63,78,0.9899,0
sf,facet,emo_lability,m,"[18,35)",2.75,76.8,66.5,84.7,0.9964,1
sf,facet,emo_lability,m,"[18,35)",3,87.2,70.8,87.1,1,1
sf,facet,emo_lability,m,"[35,50)",0,38.8,38.6,47.5,0.1315,0
sf,facet,emo_lability,m,"[35,50)",0.25,42.9,39.5,53,0.2394,0
sf,facet,emo_lability,m,"[35,50)",0.5,46.8,41.3,56.7,0.3737,0
sf,facet,emo_lability,m,"[35,50)",0.75,50.6,43.4,59.8,0.524,0
sf,facet,emo_lability,m,"[35,50)",1,54.4,45.6,63,0.6713,0
sf,facet,emo_lability,m,"[35,50)",1.25,58.3,48,66.1,0.7956,0
sf,facet,emo_lability,m,"[35,50)",1.5,62.1,50.5,69,0.8864,0
sf,facet,emo_lability,m,"[35,50)",1.75,66,53.4,71.8,0.9456,0
sf,facet,emo_lability,m,"[35,50)",2,69.9,56.2,75,0.9765,0
sf,facet,emo_lability,m,"[35,50)",2.25,74.2,59.2,78.3,0.9921,0
sf,facet,emo_lability,m,"[35,50)",2.5,78.5,62.7,81.5,0.9978,1
sf,facet,emo_lability,m,"[35,50)",2.75,87.2,66.5,85.9,1,1
sf,facet,emo_lability,m,"[35,50)",3,87.2,70.8,87.2,1,1
sf,facet,emo_lability,m,"[50,65)",0,39.2,39.1,48.4,0.1399,0
sf,facet,emo_lability,m,"[50,65)",0.25,43.6,39.9,54.1,0.2595,0
sf,facet,emo_lability,m,"[50,65)",0.5,47.7,41.8,57.9,0.4083,0
sf,facet,emo_lability,m,"[50,65)",0.75,51.7,43.9,61.2,0.568,0
sf,facet,emo_lability,m,"[50,65)",1,55.8,46.3,64.5,0.7184,0
sf,facet,emo_lability,m,"[50,65)",1.25,59.9,48.7,67.6,0.8379,0
sf,facet,emo_lability,m,"[50,65)",1.5,64,51.3,70.6,0.9191,0
sf,facet,emo_lability,m,"[50,65)",1.75,68.1,54.2,73.7,0.9646,0
sf,facet,emo_lability,m,"[50,65)",2,72.4,57.1,77.2,0.9875,0
sf,facet,emo_lability,m,"[50,65)",2.25,76.7,60.2,80.4,0.9962,1
sf,facet,emo_lability,m,"[50,65)",2.5,81.5,63.8,83.8,0.9992,1
sf,facet,emo_lability,m,"[50,65)",2.75,87.2,67.8,86.9,1,1
sf,facet,emo_lability,m,"[50,65)",3,87.2,72.2,87.2,1,1
sf,facet,emo_lability,m,"[65,Inf)",0,38.1,37.9,48,0.1162,0
sf,facet,emo_lability,m,"[65,Inf)",0.25,42.3,38.9,54,0.2208,0
sf,facet,emo_lability,m,"[65,Inf)",0.5,46.6,40.7,57.8,0.3686,0
sf,facet,emo_lability,m,"[65,Inf)",0.75,51.1,43.1,61.1,0.5419,0
sf,facet,emo_lability,m,"[65,Inf)",1,55.5,45.5,64.4,0.7096,0
sf,facet,emo_lability,m,"[65,Inf)",1.25,59.8,48,67.4,0.8365,0
sf,facet,emo_lability,m,"[65,Inf)",1.5,64,50.6,70.2,0.9192,0
sf,facet,emo_lability,m,"[65,Inf)",1.75,68,53.7,73.2,0.9643,0
sf,facet,emo_lability,m,"[65,Inf)",2,72.1,56.7,76.4,0.9863,0
sf,facet,emo_lability,m,"[65,Inf)",2.25,76.1,60,79.5,0.9955,1
sf,facet,emo_lability,m,"[65,Inf)",2.5,81.2,63.8,83,0.9991,1
sf,facet,emo_lability,m,"[65,Inf)",2.75,87.2,68,86.5,1,1
sf,facet,emo_lability,m,"[65,Inf)",3,87.2,72.5,87.2,1,1
sf,facet,grandiosity,all,all,0,45.9,45.8,53.2,0.3411,0
sf,facet,grandiosity,all,all,0.25,50.4,46.4,59.2,0.5173,0
sf,facet,grandiosity,all,all,0.5,54.3,48.3,62.7,0.6657,0
sf,facet,grandiosity,all,all,0.75,58.1,49.8,65.8,0.7901,0
sf,facet,grandiosity,all,all,1,61.9,52.2,68.5,0.8837,0
sf,facet,grandiosity,all,all,1.25,65.6,54.3,71.1,0.9411,0
sf,facet,grandiosity,all,all,1.5,69.1,56.7,73.7,0.9718,0
sf,facet,grandiosity,all,all,1.75,72.5,59.3,76.3,0.9877,0
sf,facet,grandiosity,all,all,2,75.7,62.1,78.6,0.9949,0
sf,facet,grandiosity,all,all,2.25,78.4,65,80.5,0.9978,1
sf,facet,grandiosity,all,all,2.5,80.7,68.3,82.6,0.9989,1
sf,facet,grandiosity,all,all,2.75,82.4,72.2,86.2,0.9994,1
sf,facet,grandiosity,all,all,3,87.2,77,87.1,1,1
sf,facet,grandiosity,f,"[18,35)",0,45.4,45.2,52.9,0.3244,0
sf,facet,grandiosity,f,"[18,35)",0.25,50,46,58.5,0.5011,0
sf,facet,grandiosity,f,"[18,35)",0.5,53.9,47.8,61.7,0.651,0
sf,facet,grandiosity,f,"[18,35)",0.75,57.5,49.4,64.5,0.7735,0
sf,facet,grandiosity,f,"[18,35)",1,60.9,51.8,67.2,0.8628,0
sf,facet,grandiosity,f,"[18,35)",1.25,64.2,53.9,70,0.9216,0
sf,facet,grandiosity,f,"[18,35)",1.5,67.3,56.4,72.5,0.9585,0
sf,facet,grandiosity,f,"[18,35)",1.75,70.6,58.9,75,0.9803,0
sf,facet,grandiosity,f,"[18,35)",2,73.3,61.6,77.5,0.9902,0
sf,facet,grandiosity,f,"[18,35)",2.25,77.2,64.3,80.3,0.9967,1
sf,facet,grandiosity,f,"[18,35)",2.5,87.2,67.4,83.5,1,1
sf,facet,grandiosity,f,"[18,35)",2.75,87.2,70.9,87,1,1
sf,facet,grandiosity,f,"[18,35)",3,87.2,75,87.2,1,1
sf,facet,grandiosity,f,"[35,50)",0,47.9,47.6,54.2,0.4158,0
sf,facet,grandiosity,f,"[35,50)",0.25,52.2,48.3,60.3,0.5868,0
sf,facet,grandiosity,f,"[35,50)",0.5,55.7,49.9,63.9,0.715,0
sf,facet,grandiosity,f,"[35,50)",0.75,59.3,51.4,67.1,0.8236,0
sf,facet,grandiosity,f,"[35,50)",1,63.1,53.6,69.9,0.9053,0
sf,facet,grandiosity,f,"[35,50)",1.25,67,55.6,72.5,0.9552,0
sf,facet,grandiosity,f,"[35,50)",1.5,70.7,57.9,75.3,0.9809,0
sf,facet,grandiosity,f,"[35,50)",1.75,74.5,60.4,77.9,0.9928,0
sf,facet,grandiosity,f,"[35,50)",2,78.8,63,80.3,0.998,1
sf,facet,grandiosity,f,"[35,50)",2.25,78.8,65.8,83.2,0.998,1
sf,facet,grandiosity,f,"[35,50)",2.5,87.2,69,86.1,1,1
sf,facet,grandiosity,f,"[35,50)",2.75,87.2,73.3,87.2,1,1
sf,facet,grandiosity,f,"[35,50)",3,87.2,77.8,87.2,1,1
sf,facet,grandiosity,f,"[50,65)",0,48.9,48.7,55.9,0.4546,0
sf,facet,grandiosity,f,"[50,65)",0.25,53.6,49.3,62.3,0.6422,0
sf,facet,grandiosity,f,"[50,65)",0.5,57.8,51.1,65.8,0.7813,0
sf,facet,grandiosity,f,"[50,65)",0.75,61.8,52.6,68.7,0.8819,0
sf,facet,grandiosity,f,"[50,65)",1,65.8,54.8,71.3,0.9428,0
sf,facet,grandiosity,f,"[50,65)",1.25,69.4,57,74.4,0.974,0
sf,facet,grandiosity,f,"[50,65)",1.5,72.8,59.3,78,0.9886,0
sf,facet,grandiosity,f,"[50,65)",1.75,76.8,62.1,81.5,0.9963,1
sf,facet,grandiosity,f,"[50,65)",2,80.3,65,84.7,0.9988,1
sf,facet,grandiosity,f,"[50,65)",2.25,87.2,67.7,87.1,1,1
sf,facet,grandiosity,f,"[50,65)",2.5,87.2,70.6,87.2,1,1
sf,facet,grandiosity,f,"[50,65)",2.75,87.2,73.9,87.2,1,1
sf,facet,grandiosity,f,"[50,65)",3,87.2,76.8,87.2,1,1
sf,facet,grandiosity,f,"[65,Inf)",0,47.9,47.7,55.3,0.416,0
sf,facet,grandiosity,f,"[65,Inf)",0.25,52.7,48.4,61.9,0.607,0
sf,facet,grandiosity,f,"[65,Inf)",0.5,57,50.2,65.5,0.7576,0
sf,facet,grandiosity,f,"[65,Inf)",0.75,61.2,51.8,68.5,0.8691,0
sf,facet,grandiosity,f,"[65,Inf)",1,65.3,54.1,71.3,0.9373,0
sf,facet,grandiosity,f,"[65,Inf)",1.25,69.2,56.3,74.6,0.9727,0
sf,facet,grandiosity,f,"[65,Inf)",1.5,73.1,58.7,78.5,0.9894,0
sf,facet,grandiosity,f,"[65,Inf)",1.75,77.9,61.5,82.1,0.9973,1
sf,facet,grandiosity,f,"[65,Inf)",2,87.2,64.4,84.8,1,1
sf,facet,grandiosity,f,"[65,Inf)",2.25,87.2,67,87.1,1,1
sf,facet,grandiosity,f,"[65,Inf)",2.5,87.2,70.1,87.2,1,1
sf,facet,grandiosity,f,"[65,Inf)",2.75,87.2,73.4,87.2,1,1
sf,facet,grandiosity,f,"[65,Inf)",3,87.2,76.6,87.2,1,1
sf,facet,grandiosity,m,"[18,35)",0,42.8,42.6,51,0.2366,0
sf,facet,grandiosity,m,"[18,35)",0.25,47.5,43.6,56.5,0.4032,0
sf,facet,grandiosity,m,"[18,35)",0.5,51.4,45.5,59.9,0.5573,0
sf,facet,grandiosity,m,"[18,35)",0.75,54.9,47.2,63,0.6886,0
sf,facet,grandiosity,m,"[18,35)",1,58.6,49.6,65.7,0.8057,0
sf,facet,grandiosity,m,"[18,35)",1.25,62.3,51.8,68.2,0.8902,0
sf,facet,grandiosity,m,"[18,35)",1.5,65.6,54.3,70.6,0.9401,0
sf,facet,grandiosity,m,"[18,35)",1.75,68.7,56.9,72.7,0.9694,0
sf,facet,grandiosity,m,"[18,35)",2,72.1,59.5,74.6,0.9863,0
sf,facet,grandiosity,m,"[18,35)",2.25,73.8,62.4,76.2,0.9913,0
sf,facet,grandiosity,m,"[18,35)",2.5,75.7,65.6,79.6,0.995,0
sf,facet,grandiosity,m,"[18,35)",2.75,75.7,69.3,85.9,0.995,0
sf,facet,grandiosity,m,"[18,35)",3,87.2,74.2,86.9,1,1
sf,facet,grandiosity,m,"[35,50)",0,43.9,43.5,51.4,0.2694,0
sf,facet,grandiosity,m,"[35,50)",0.25,48.2,44.4,57.7,0.4288,0
sf,facet,grandiosity,m,"[35,50)",0.5,52,46.2,61.4,0.5789,0
sf,facet,grandiosity,m,"[35,50)",0.75,55.9,48,64.7,0.7211,0
sf,facet,grandiosity,m,"[35,50)",1,60.1,50.3,67.3,0.8433,0
sf,facet,grandiosity,m,"[35,50)",1.25,64.2,52.4,69.6,0.9221,0
sf,facet,grandiosity,m,"[35,50)",1.5,67.8,54.9,72.1,0.9628,0
sf,facet,grandiosity,m,"[35,50)",1.75,71,57.5,74.7,0.9821,0
sf,facet,grandiosity,m,"[35,50)",2,73.8,60.3,77.1,0.9914,0
sf,facet,grandiosity,m,"[35,50)",2.25,76.3,63.5,79.3,0.9957,1
sf,facet,grandiosity,m,"[35,50)",2.5,78.5,67.2,82.1,0.9978,1
sf,facet,grandiosity,m,"[35,50)",2.75,87.2,71.2,86.1,1,1
sf,facet,grandiosity,m,"[35,50)",3,87.2,75.6,87,1,1
sf,facet,grandiosity,m,"[50,65)",0,44.5,44.3,52.3,0.2901,0
sf,facet,grandiosity,m,"[50,65)",0.25,49.2,45.1,58.6,0.4663,0
sf,facet,grandiosity,m,"[50,65)",0.5,53.1,47,62.4,0.6216,0
sf,facet,grandiosity,m,"[50,65)",0.75,57,48.7,65.6,0.7595,0
sf,facet,grandiosity,m,"[50,65)",1,61.3,51.1,68.3,0.8716,0
sf,facet,grandiosity,m,"[50,65)",1.25,65.4,53.3,70.9,0.9379,0
sf,facet,grandiosity,m,"[50,65)",1.5,69.1,55.8,73.7,0.972,0
sf,facet,grandiosity,m,"[50,65)",1.75,72.5,58.4,76.6,0.9879,0
sf,facet,grandiosity,m,"[50,65)",2,76.1,61.3,79.5,0.9954,1
sf,facet,grandiosity,m,"[50,65)",2.25,80.2,64.4,82.9,0.9987,1
sf,facet,grandiosity,m,"[50,65)",2.5,87.2,67.9,86.4,1,1
sf,facet,grandiosity,m,"[50,65)",2.75,87.2,72,87.2,1,1
sf,facet,grandiosity,m,"[50,65)",3,87.2,75.9,87.2,1,1
sf,facet,grandiosity,m,"[65,Inf)",0,44.4,44.1,52.4,0.2867,0
sf,facet,grandiosity,m,"[65,Inf)",0.25,49,45,58.7,0.4615,0
sf,facet,grandiosity,m,"[65,Inf)",0.5,53.1,46.9,62.5,0.6216,0
sf,facet,grandiosity,m,"[65,Inf)",0.75,57.2,48.6,65.7,0.7637,0
sf,facet,grandiosity,m,"[65,Inf)",1,61.5,51.1,68.7,0.8754,0
sf,facet,grandiosity,m,"[65,Inf)",1.25,65.6,53.2,71.7,0.9404,0
sf,facet,grandiosity,m,"[65,Inf)",1.5,69.5,55.8,75.3,0.9746,0
sf,facet,grandiosity,m,"[65,Inf)",1.75,73.9,58.5,79.3,0.9916,0
sf,facet,grandiosity,m,"[65,Inf)",2,80,61.4,82.6,0.9986,1
sf,facet,grandiosity,m,"[65,Inf)",2.25,87.2,64.3,86.1,1,1
sf,facet,grandiosity,m,"[65,Inf)",2.5,87.2,67.3,87.2,1,1
sf,facet,grandiosity,m,"[65,Inf)",2.75,87.2,70.8,87.2,1,1
sf,facet,grandiosity,m,"[65,Inf)",3,87.2,74.3,87.2,1,1
sf,facet,hostility,all,all,0,40.8,40.7,48.6,0.1793,0
sf,facet,hostility,all,all,0.25,45,41.5,54.2,0.3083,0
sf,facet,hostility,all,all,0.5,49,43.4,57.8,0.4614,0
sf,facet,hostility,all,all,0.75,52.9,45.7,61,0.6154,0
sf,facet,hostility,all,all,1,56.7,48,64,0.7494,0
sf,facet,hostility,all,all,1.25,60.4,50.6,66.8,0.85,0
sf,facet,hostility,all,all,1.5,63.9,53.3,69.4,0.9182,0
sf,facet,hostility,all,all,1.75,67.4,56.1,71.9,0.9588,0
sf,facet,hostility,all,all,2,70.6,58.7,74.5,0.9803,0
sf,facet,hostility,all,all,2.25,73.7,61.5,77.1,0.9911,0
sf,facet,hostility,all,all,2.5,76.8,64.7,79.4,0.9963,1
sf,facet,hostility,all,all,2.75,79.7,68.1,85,0.9985,1
sf,facet,hostility,all,all,3,87.2,72.7,87,1,1
sf,facet,hostility,f,"[18,35)",0,37.1,36.7,45.1,0.0989,0
sf,facet,hostility,f,"[18,35)",0.25,41,38,50.4,0.185,0
sf,facet,hostility,f,"[18,35)",0.5,44.8,39.8,53.9,0.3012,0
sf,facet,hostility,f,"[18,35)",0.75,48.5,42.3,57,0.4398,0
sf,facet,hostility,f,"[18,35)",1,52.1,44.5,60,0.5825,0
sf,facet,hostility,f,"[18,35)",1.25,55.6,47.1,62.9,0.7123,0
sf,facet,hostility,f,"[18,35)",1.5,59.1,49.8,65.7,0.8192,0
sf,facet,hostility,f,"[18,35)",1.75,62.6,52.4,68.2,0.8959,0
sf,facet,hostility,f,"[18,35)",2,65.9,55,70.7,0.9444,0
sf,facet,hostility,f,"[18,35)",2.25,69.4,57.8,73.5,0.9739,0
sf,facet,hostility,f,"[18,35)",2.5,72.6,60.8,76.6,0.988,0
sf,facet,hostility,f,"[18,35)",2.75,77.2,64.2,84.1,0.9967,1
sf,facet,hostility,f,"[18,35)",3,87.2,68.9,86.9,1,1
sf,facet,hostility,f,"[35,50)",0,40,39.7,47.5,0.1579,0
sf,facet,hostility,f,"[35,50)",0.25,44,40.7,53.1,0.273,0
sf,facet,hostility,f,"[35,50)",0.5,47.8,42.5,56.7,0.4148,0
sf,facet,hostility,f,"[35,50)",0.75,51.6,44.8,60,0.5639,0
sf,facet,hostility,f,"[35,50)",1,55.4,47.1,63.1,0.7071,0
sf,facet,hostility,f,"[35,50)",1.25,59.1,49.7,66,0.8195,0
sf,facet,hostility,f,"[35,50)",1.5,62.8,52.3,68.8,0.8993,0
sf,facet,hostility,f,"[35,50)",1.75,66.3,55,71.3,0.9486,0
sf,facet,hostility,f,"[35,50)",2,69.9,57.7,74,0.9769,0
sf,facet,hostility,f,"[35,50)",2.25,73.3,60.4,76.8,0.9901,0
sf,facet,hostility,f,"[35,50)",2.5,76.6,63.6,79.4,0.996,1
sf,facet,hostility,f,"[35,50)",2.75,78.8,67.1,84.7,0.998,1
sf,facet,hostility,f,"[35,50)",3,87.2,71.6,87,1,1
sf,facet,hostility,f,"[50,65)",0,41.5,41.3,49.4,0.1966,0
sf,facet,hostility,f,"[50,65)",0.25,45.7,42.2,55.3,0.3344,0
sf,facet,hostility,f,"[50,65)",0.5,49.9,44.1,59,0.4968,0
sf,facet,hostility,f,"[50,65)",0.75,54,46.3,62.3,0.6567,0
sf,facet,hostility,f,"[50,65)",1,58,48.8,65.6,0.7877,0
sf,facet,hostility,f,"[50,65)",1.25,61.9,51.4,68.5,0.8829,0
sf,facet,hostility,f,"[50,65)",1.5,65.8,54.2,71.3,0.9428,0
sf,facet,hostility,f,"[50,65)",1.75,69.6,57,74.2,0.9752,0
sf,facet,hostility,f,"[50,65)",2,73.2,59.6,77.1,0.9898,0
sf,facet,hostility,f,"[50,65)",2.25,76.8,62.5,80,0.9963,1
sf,facet,hostility,f,"[50,65)",2.5,80.3,65.9,83,0.9988,1
sf,facet,hostility,f,"[50,65)",2.75,87.2,69.5,86.3,1,1
sf,facet,hostility,f,"[50,65)",3,87.2,73.7,87.2,1,1
sf,facet,hostility,f,"[65,Inf)",0,41.7,41.3,50.6,0.2031,0
sf,facet,hostility,f,"[65,Inf)",0.25,46.5,42.6,56.7,0.3622,0
sf,facet,hostility,f,"[65,Inf)",0.5,51.2,44.6,60.7,0.546,0
sf,facet,hostility,f,"[65,Inf)",0.75,55.6,47,64.3,0.7136,0
sf,facet,hostility,f,"[65,Inf)",1,60,49.6,67.5,0.8424,0
sf,facet,hostility,f,"[65,Inf)",1.25,64.3,52.3,70.6,0.924,0
sf,facet,hostility,f,"[65,Inf)",1.5,68.6,55.2,73.8,0.9688,0
sf,facet,hostility,f,"[65,Inf)",1.75,72.8,58.1,77.2,0.9886,0
sf,facet,hostility,f,"[65,Inf)",2,77.2,60.9,80.5,0.9968,1
sf,facet,hostility,f,"[65,Inf)",2.25,87.2,64,84.5,1,1
sf,facet,hostility,f,"[65,Inf)",2.5,87.2,67.3,87.2,1,1
sf,facet,hostility,f,"[65,Inf)",2.75,87.2,70.8,87.2,1,1
sf,facet,hostility,f,"[65,Inf)",3,87.2,74,87.2,1,1
sf,facet,hostility,m,"[18,35)",0,39.1,38.6,46.8,0.1377,0
sf,facet,hostility,m,"[18,35)",0.25,43.1,39.8,52.3,0.2448,0
sf,facet,hostility,m,"[18,35)",0.5,46.9,41.6,55.8,0.3798,0
sf,facet,hostility,m,"[18,35)",0.75,50.7,44,58.9,0.5262,0
sf,facet,hostility,m,"[18,35)",1,54.3,46.3,61.9,0.6677,0
sf,facet,hostility,m,"[18,35)",1.25,57.9,48.9,64.6,0.7859,0
sf,facet,hostility,m,"[18,35)",1.5,61.5,51.5,67,0.8742,0
sf,facet,hostility,m,"[18,35)",1.75,64.7,54.1,69.2,0.9293,0
sf,facet,hostility,m,"[18,35)",2,67.7,56.8,71.5,0.962,0
sf,facet,hostility,m,"[18,35)",2.25,70.3,59.5,73.8,0.979,0
sf,facet,hostility,m,"[18,35)",2.5,73.2,62.6,76.8,0.9899,0
sf,facet,hostility,m,"[18,35)",2.75,75.7,66,85,0.995,0
sf,facet,hostility,m,"[18,35)",3,87.2,70.7,86.9,1,1
sf,facet,hostility,m,"[35,50)",0,40.2,39.9,47.8,0.163,0
sf,facet,hostility,m,"[35,50)",0.25,44.1,40.9,53.3,0.2788,0
sf,facet,hostility,m,"[35,50)",0.5,48.1,42.7,56.9,0.4229,0
sf,facet,hostility,m,"[35,50)",0.75,51.9,45,60.2,0.5754,0
sf,facet,hostility,m,"[35,50)",1,55.7,47.3,63.3,0.714,0
sf,facet,hostility,m,"[35,50)",1.25,59.3,49.9,66.3,0.8245,0
sf,facet,hostility,m,"[35,50)",1.5,63,52.5,69,0.9029,0
sf,facet,hostility,m,"[35,50)",1.75,66.6,55.2,71.6,0.952,0
sf,facet,hostility,m,"[35,50)",2,70.1,57.9,74.5,0.9779,0
sf,facet,hostility,m,"[35,50)",2.25,73.8,60.6,77.6,0.9914,0
sf,facet,hostility,m,"[35,50)",2.5,77.7,63.8,80.7,0.9972,1
sf,facet,hostility,m,"[35,50)",2.75,87.2,67.3,85.3,1,1
sf,facet,hostility,m,"[35,50)",3,87.2,71.4,87,1,1
sf,facet,hostility,m,"[50,65)",0,42.4,42.2,50,0.2228,0
sf,facet,hostility,m,"[50,65)",0.25,46.6,43,55.7,0.3668,0
sf,facet,hostility,m,"[50,65)",0.5,50.7,44.9,59.4,0.5271,0
sf,facet,hostility,m,"[50,65)",0.75,54.7,47,62.7,0.6795,0
sf,facet,hostility,m,"[50,65)",1,58.5,49.5,65.8,0.8036,0
sf,facet,hostility,m,"[50,65)",1.25,62.3,52,68.8,0.8915,0
sf,facet,hostility,m,"[50,65)",1.5,66.1,54.7,71.6,0.9466,0
sf,facet,hostility,m,"[50,65)",1.75,69.9,57.5,74.6,0.9765,0
sf,facet,hostility,m,"[50,65)",2,73.6,60.1,77.6,0.9908,0
sf,facet,hostility,m,"[50,65)",2.25,77.1,63,80.8,0.9967,1
sf,facet,hostility,m,"[50,65)",2.5,81.5,66.2,83.8,0.9992,1
sf,facet,hostility,m,"[50,65)",2.75,87.2,69.8,86.9,1,1
sf,facet,hostility,m,"[50,65)",3,87.2,73.6,87.2,1,1
sf,facet,hostility,m,"[65,Inf)",0,42.4,41.9,50.5,0.2234,0
sf,facet,hostility,m,"[65,Inf)",0.25,46.9,43.1,56.6,0.3785,0
sf,facet,hostility,m,"[65,Inf)",0.5,51.2,45.1,60.5,0.5482,0
sf,facet,hostility,m,"[65,Inf)",0.75,55.5,47.3,64,0.7094,0
sf,facet,hostility,m,"[65,Inf)",1,59.8,49.9,67.3,0.8357,0
sf,facet,hostility,m,"[65,Inf)",1.25,64,52.4,70.3,0.9188,0
sf,facet,hostility,m,"[65,Inf)",1.5,68.2,55.3,73.4,0.9658,0
sf,facet,hostility,m,"[65,Inf)",1.75,72.2,58.1,76.5,0.9868,0
sf,facet,hostility,m,"[65,Inf)",2,76.1,60.8,79.6,0.9955,1
sf,facet,hostility,m,"[65,Inf)",2.25,80,63.8,83,0.9986,1
sf,facet,hostility,m,"[65,Inf)",2.5,87.2,67.2,86.3,1,1
sf,facet,hostility,m,"[65,Inf)",2.75,87.2,70.8,87.2,1,1
sf,facet,hostility,m,"[65,Inf)",3,87.2,74.5,87.2,1,1
sf,facet,impulsivity,all,all,0,35.3,35.2,46.9,0.0704,0
sf,facet,impulsivity,all,all,0.25,40.9,36.8,52.3,0.1806,0
sf,facet,impulsivity,all,all,0.5,45.4,39.1,56.5,0.3233,0
sf,facet,impulsivity,all,all,0.75,49.9,42.5,60.3,0.4944,0
sf,facet,impulsivity,all,all,1,54.7,44.9,63.3,0.6812,0
sf,facet,impulsivity,all,all,1.25,59.4,47.9,66,0.8275,0
sf,facet,impulsivity,all,all,1.5,63.5,50.8,68.9,0.9119,0
sf,facet,impulsivity,all,all,1.75,67.2,54.5,71.9,0.9577,0
sf,facet,impulsivity,all,all,2,70.9,58.1,74.6,0.9816,0
sf,facet,impulsivity,all,all,2.25,74.1,61.1,77,0.9921,0
sf,facet,impulsivity,all,all,2.5,76.9,64.9,80.1,0.9965,1
sf,facet,impulsivity,all,all,2.75,80.3,69.6,85.2,0.9988,1
sf,facet,impulsivity,all,all,3,87.2,74,87.1,1,1
sf,facet,impulsivity,f,"[18,35)",0,34.9,34.6,45.9,0.0654,0
sf,facet,impulsivity,f,"[18,35)",0.25,40.1,36.2,51,0.1612,0
sf,facet,impulsivity,f,"[18,35)",0.5,44.5,38.4,54.6,0.2898,0
sf,facet,impulsivity,f,"[18,35)",0.75,48.7,41.8,57.7,0.449,0
sf,facet,impulsivity,f,"[18,35)",1,53.1,44.1,60.4,0.621,0
sf,facet,impulsivity,f,"[18,35)",1.25,56.9,46.9,63.5,0.755,0
sf,facet,impulsivity,f,"[18,35)",1.5,60.1,49.9,67,0.8442,0
sf,facet,impulsivity,f,"[18,35)",1.75,63.7,53.4,70,0.9139,0
sf,facet,impulsivity,f,"[18,35)",2,67.7,56.7,72.8,0.9618,0
sf,facet,impulsivity,f,"[18,35)",2.25,71.6,59.4,75.3,0.9848,0
sf,facet,impulsivity,f,"[18,35)",2.5,74.8,62.7,77.9,0.9934,0
sf,facet,impulsivity,f,"[18,35)",2.75,77.2,66.6,84.5,0.9967,1
sf,facet,impulsivity,f,"[18,35)",3,87.2,71.2,87,1,1
sf,facet,impulsivity,f,"[35,50)",0,34.5,34.3,46.3,0.0611,0
sf,facet,impulsivity,f,"[35,50)",0.25,40,36.1,51.7,0.1577,0
sf,facet,impulsivity,f,"[35,50)",0.5,44.4,38.3,55.9,0.2885,0
sf,facet,impulsivity,f,"[35,50)",0.75,48.9,41.8,59.7,0.4579,0
sf,facet,impulsivity,f,"[35,50)",1,53.9,44.2,62.9,0.6507,0
sf,facet,impulsivity,f,"[35,50)",1.25,58.7,47.1,65.9,0.8067,0
sf,facet,impulsivity,f,"[35,50)",1.5,63,50.2,68.8,0.9031,0
sf,facet,impulsivity,f,"[35,50)",1.75,67,53.8,71.5,0.9558,0
sf,facet,impulsivity,f,"[35,50)",2,71,57.4,73.5,0.9822,0
sf,facet,impulsivity,f,"[35,50)",2.25,73.3,60.4,75.1,0.9901,0
sf,facet,impulsivity,f,"[35,50)",2.5,75.2,64.1,78.8,0.9941,0
sf,facet,impulsivity,f,"[35,50)",2.75,77.5,69.3,85.8,0.997,1
sf,facet,impulsivity,f,"[35,50)",3,87.2,73.9,87,1,1
sf,facet,impulsivity,f,"[50,65)",0,34.5,34.3,46.7,0.0604,0
sf,facet,impulsivity,f,"[50,65)",0.25,40.2,36.2,51.8,0.1639,0
sf,facet,impulsivity,f,"[50,65)",0.5,44.9,38.4,56.1,0.305,0
sf,facet,impulsivity,f,"[50,65)",0.75,49.4,42,60,0.4744,0
sf,facet,impulsivity,f,"[50,65)",1,54.1,44.5,63.2,0.6586,0
sf,facet,impulsivity,f,"[50,65)",1.25,58.9,47.5,66.2,0.8141,0
sf,facet,impulsivity,f,"[50,65)",1.5,63.3,50.5,69.2,0.9086,0
sf,facet,impulsivity,f,"[50,65)",1.75,67.4,54.1,72.2,0.9594,0
sf,facet,impulsivity,f,"[50,65)",2,71.3,57.6,74.6,0.9834,0
sf,facet,impulsivity,f,"[50,65)",2.25,74.4,60.7,77.1,0.9927,0
sf,facet,impulsivity,f,"[50,65)",2.5,77.2,64.5,80.4,0.9968,1
sf,facet,impulsivity,f,"[50,65)",2.75,80.3,69.5,85.3,0.9988,1
sf,facet,impulsivity,f,"[50,65)",3,87.2,74.3,87.1,1,1
sf,facet,impulsivity,f,"[65,Inf)",0,33.7,33.4,46.4,0.0511,0
sf,facet,impulsivity,f,"[65,Inf)",0.25,39.5,35.6,51.7,0.1479,0
sf,facet,impulsivity,f,"[65,Inf)",0.5,44.3,37.8,56.1,0.2857,0
sf,facet,impulsivity,f,"[65,Inf)",0.75,48.9,41.5,60.1,0.457,0
sf,facet,impulsivity,f,"[65,Inf)",1,53.9,44,63.4,0.6519,0
sf,facet,impulsivity,f,"[65,Inf)",1.25,58.9,47.1,66.2,0.8145,0
sf,facet,impulsivity,f,"[65,Inf)",1.5,63.5,50.1,69.1,0.912,0
sf,facet,impulsivity,f,"[65,Inf)",1.75,67.7,53.8,71.8,0.9613,0
sf,facet,impulsivity,f,"[65,Inf)",2,71.4,57.4,73.9,0.9837,0
sf,facet,impulsivity,f,"[65,Inf)",2.25,73.7,60.5,76.2,0.9912,0
sf,facet,impulsivity,f,"[65,Inf)",2.5,75.4,64.5,80.4,0.9944,0
sf,facet,impulsivity,f,"[65,Inf)",2.75,79.5,69.8,85.5,0.9984,1
sf,facet,impulsivity,f,"[65,Inf)",3,87.2,74.2,87,1,1
sf,facet,impulsivity,m,"[18,35)",0,36.5,36.2,47.9,0.0881,0
sf,facet,impulsivity,m,"[18,35)",0.25,42.2,37.9,53,0.219,0
sf,facet,impulsivity,m,"[18,35)",0.5,46.9,40.3,57,0.3792,0
sf,facet,impulsivity,m,"[18,35)",0.75,51.3,43.5,60.4,0.5503,0
sf,facet,impulsivity,m,"[18,35)",1,55.7,46.1,63,0.7157,0
sf,facet,impulsivity,m,"[18,35)",1.25,60,48.9,65.2,0.8409,0
sf,facet,impulsivity,m,"[18,35)",1.5,63.4,51.8,67.6,0.9103,0
sf,facet,impulsivity,m,"[18,35)",1.75,66.2,55.3,70.3,0.9469,0
sf,facet,impulsivity,m,"[18,35)",2,68.7,58.8,73.2,0.9693,0
sf,facet,impulsivity,m,"[18,35)",2.25,71.4,61.8,76.5,0.9839,0
sf,facet,impulsivity,m,"[18,35)",2.5,75.7,65.4,80.8,0.995,0
sf,facet,impulsivity,m,"[18,35)",2.75,87.2,68.8,84.7,1,1
sf,facet,impulsivity,m,"[18,35)",3,87.2,71.9,87,1,1
sf,facet,impulsivity,m,"[35,50)",0,36.5,36.3,47.3,0.0879,0
sf,facet,impulsivity,m,"[35,50)",0.25,41.8,37.7,52.8,0.2065,0
sf,facet,impulsivity,m,"[35,50)",0.5,46.2,40,57.1,0.3518,0
sf,facet,impulsivity,m,"[35,50)",0.75,50.6,43.2,61,0.5246,0
sf,facet,impulsivity,m,"[35,50)",1,55.4,45.6,64.1,0.7061,0
sf,facet,impulsivity,m,"[35,50)",1.25,60.2,48.5,66.8,0.8463,0
sf,facet,impulsivity,m,"[35,50)",1.5,64.5,51.4,70,0.9263,0
sf,facet,impulsivity,m,"[35,50)",1.75,68.4,55,73.7,0.9671,0
sf,facet,impulsivity,m,"[35,50)",2,72.3,58.6,77.8,0.9871,0
sf,facet,impulsivity,m,"[35,50)",2.25,78.5,61.8,81.9,0.9978,1
sf,facet,impulsivity,m,"[35,50)",2.5,87.2,65.6,85.8,1,1
sf,facet,impulsivity,m,"[35,50)",2.75,87.2,69.9,87.2,1,1
sf,facet,impulsivity,m,"[35,50)",3,87.2,73.6,87.2,1,1
sf,facet,impulsivity,m,"[50,65)",0,36.4,36.3,47.8,0.0871,0
sf,facet,impulsivity,m,"[50,65)",0.25,42.2,37.8,53.4,0.217,0
sf,facet,impulsivity,m,"[50,65)",0.5,46.7,40.2,58,0.3707,0
sf,facet,impulsivity,m,"[50,65)",0.75,51.1,43.5,62.1,0.5455,0
sf,facet,impulsivity,m,"[50,65)",1,56.2,46.1,65.2,0.7339,0
sf,facet,impulsivity,m,"[50,65)",1.25,61.4,49,67.9,0.8739,0
sf,facet,impulsivity,m,"[50,65)",1.5,66,51.8,71.4,0.9453,0
sf,facet,impulsivity,m,"[50,65)",1.75,70,55.5,75,0.9775,0
sf,facet,impulsivity,m,"[50,65)",2,74.3,59.1,78.7,0.9925,0
sf,facet,impulsivity,m,"[50,65)",2.25,78.7,62.5,82.5,0.9979,1
sf,facet,impulsivity,m,"[50,65)",2.5,87.2,66.5,86.7,1,1
sf,facet,impulsivity,m,"[50,65)",2.75,87.2,71.1,87.2,1,1
sf,facet,impulsivity,m,"[50,65)",3,87.2,75.1,87.2,1,1
sf,facet,impulsivity,m,"[65,Inf)",0,34.9,34.6,47.1,0.0653,0
sf,facet,impulsivity,m,"[65,Inf)",0.25,40.7,36.6,52.9,0.1755,0
sf,facet,impulsivity,m,"[65,Inf)",0.5,45.3,38.9,57.6,0.3192,0
sf,facet,impulsivity,m,"[65,Inf)",0.75,50,42.5,61.7,0.4984,0
sf,facet,impulsivity,m,"[65,Inf)",1,55.5,44.9,64.6,0.7076,0
sf,facet,impulsivity,m,"[65,Inf)",1.25,61,47.9,67.3,0.8642,0
sf,facet,impulsivity,m,"[65,Inf)",1.5,65.4,50.9,70.7,0.9386,0
sf,facet,impulsivity,m,"[65,Inf)",1.75,69.4,54.7,74.2,0.9736,0
sf,facet,impulsivity,m,"[65,Inf)",2,73.6,58.5,76.8,0.9909,0
sf,facet,impulsivity,m,"[65,Inf)",2.25,77.3,62,78.8,0.9968,1
sf,facet,impulsivity,m,"[65,Inf)",2.5,80,66,81.9,0.9986,1
sf,facet,impulsivity,m,"[65,Inf)",2.75,87.2,70.9,86.1,1,1
sf,facet,impulsivity,m,"[65,Inf)",3,87.2,76.1,87.1,1,1
sf,facet,intimacy_avoid,all,all,0,42.1,42,49.3,0.2152,0
sf,facet,intimacy_avoid,all,all,0.25,45.6,42.7,54.8,0.3317,0
sf,facet,intimacy_avoid,all,all,0.5,49.1,44,58.1,0.4625,0
sf,facet,intimacy_avoid,all,all,0.75,52.4,45.2,60.9,0.5943,0
sf,facet,intimacy_avoid,all,all,1,55.7,47.5,63.4,0.7148,0
sf,facet,intimacy_avoid,all,all,1.25,58.9,49.2,65.9,0.8131,0
sf,facet,intimacy_avoid,all,all,1.5,62.1,51.3,68.3,0.8865,0
sf,facet,intimacy_avoid,all,all,1.75,65.2,53.7,70.5,0.936,0
sf,facet,intimacy_avoid,all,all,2,68.3,56.2,72.5,0.9663,0
sf,facet,intimacy_avoid,all,all,2.25,71.2,58.7,74.8,0.9832,0
sf,facet,intimacy_avoid,all,all,2.5,74.2,61.3,77.1,0.9922,0
sf,facet,intimacy_avoid,all,all,2.75,77,64.5,81.9,0.9965,1
sf,facet,intimacy_avoid,all,all,3,87.2,69.2,87.2,1,1
sf,facet,intimacy_avoid,f,"[18,35)",0,44.2,43.8,50.6,0.2811,0
sf,facet,intimacy_avoid,f,"[18,35)",0.25,47.6,44.6,55.7,0.4062,0
sf,facet,intimacy_avoid,f,"[18,35)",0.5,50.9,45.9,58.6,0.5349,0
sf,facet,intimacy_avoid,f,"[18,35)",0.75,54,46.9,61,0.6536,0
sf,facet,intimacy_avoid,f,"[18,35)",1,56.8,49.1,63.3,0.7506,0
sf,facet,intimacy_avoid,f,"[18,35)",1.25,59.5,50.7,65.5,0.8301,0
sf,facet,intimacy_avoid,f,"[18,35)",1.5,62.2,52.7,67.6,0.8889,0
sf,facet,intimacy_avoid,f,"[18,35)",1.75,64.6,54.9,69.5,0.9282,0
sf,facet,intimacy_avoid,f,"[18,35)",2,67.2,57.2,71.5,0.9575,0
sf,facet,intimacy_avoid,f,"[18,35)",2.25,69.6,59.6,73.3,0.9749,0
sf,facet,intimacy_avoid,f,"[18,35)",2.5,72.2,62,77.3,0.9869,0
sf,facet,intimacy_avoid,f,"[18,35)",2.75,74.8,64.8,83.1,0.9934,0
sf,facet,intimacy_avoid,f,"[18,35)",3,87.2,69,87.2,1,1
sf,facet,intimacy_avoid,f,"[35,50)",0,43.3,43.1,50.4,0.252,0
sf,facet,intimacy_avoid,f,"[35,50)",0.25,46.9,43.9,55.9,0.3798,0
sf,facet,intimacy_avoid,f,"[35,50)",0.5,50.4,45.2,59,0.517,0
sf,facet,intimacy_avoid,f,"[35,50)",0.75,53.8,46.3,61.7,0.6468,0
sf,facet,intimacy_avoid,f,"[35,50)",1,57,48.6,64.2,0.7568,0
sf,facet,intimacy_avoid,f,"[35,50)",1.25,60.1,50.3,66.7,0.8442,0
sf,facet,intimacy_avoid,f,"[35,50)",1.5,63.1,52.4,68.9,0.9046,0
sf,facet,intimacy_avoid,f,"[35,50)",1.75,66.1,54.7,71,0.9467,0
sf,facet,intimacy_avoid,f,"[35,50)",2,69,57.2,73.1,0.9711,0
sf,facet,intimacy_avoid,f,"[35,50)",2.25,71.7,59.7,75.2,0.9848,0
sf,facet,intimacy_avoid,f,"[35,50)",2.5,74.5,62.3,77.8,0.9928,0
sf,facet,intimacy_avoid,f,"[35,50)",2.75,77.2,65.5,82.5,0.9967,1
sf,facet,intimacy_avoid,f,"[35,50)",3,87.2,70.1,87.2,1,1
sf,facet,intimacy_avoid,f,"[50,65)",0,40.6,40.3,49.1,0.1726,0
sf,facet,intimacy_avoid,f,"[50,65)",0.25,44.5,41.4,54.6,0.2922,0
sf,facet,intimacy_avoid,f,"[50,65)",0.5,48.3,42.8,57.9,0.4321,0
sf,facet,intimacy_avoid,f,"[50,65)",0.75,52,44.2,60.8,0.5778,0
sf,facet,intimacy_avoid,f,"[50,65)",1,55.5,46.6,63.4,0.7075,0
sf,facet,intimacy_avoid,f,"[50,65)",1.25,58.8,48.4,66,0.8107,0
sf,facet,intimacy_avoid,f,"[50,65)",1.5,62.1,50.7,68.5,0.8872,0
sf,facet,intimacy_avoid,f,"[50,65)",1.75,65.4,53.2,70.7,0.9383,0
sf,facet,intimacy_avoid,f,"[50,65)",2,68.6,55.8,72.9,0.9684,0
sf,facet,intimacy_avoid,f,"[50,65)",2.25,71.7,58.5,75.2,0.985,0
sf,facet,intimacy_avoid,f,"[50,65)",2.5,74.6,61.2,77.3,0.9931,0
sf,facet,intimacy_avoid,f,"[50,65)",2.75,77.2,64.4,82,0.9968,1
sf,facet,intimacy_avoid,f,"[50,65)",3,87.2,69.3,87.2,1,1
sf,facet,intimacy_avoid,f,"[65,Inf)",0,37.8,37.5,46.8,0.111,0
sf,facet,intimacy_avoid,f,"[65,Inf)",0.25,41.7,38.8,52.2,0.2043,0
sf,facet,intimacy_avoid,f,"[65,Inf)",0.5,45.4,40.2,55.7,0.3217,0
sf,facet,intimacy_avoid,f,"[65,Inf)",0.75,48.9,41.8,58.7,0.4574,0
sf,facet,intimacy_avoid,f,"[65,Inf)",1,52.4,44.1,61.4,0.5942,0
sf,facet,intimacy_avoid,f,"[65,Inf)",1.25,55.9,46.1,64,0.7218,0
sf,facet,intimacy_avoid,f,"[65,Inf)",1.5,59.4,48.4,66.5,0.8251,0
sf,facet,intimacy_avoid,f,"[65,Inf)",1.75,62.8,50.9,68.9,0.9,0
sf,facet,intimacy_avoid,f,"[65,Inf)",2,66.2,53.5,71,0.9473,0
sf,facet,intimacy_avoid,f,"[65,Inf)",2.25,69.4,56.1,73.4,0.9739,0
sf,facet,intimacy_avoid,f,"[65,Inf)",2.5,72.7,58.9,75.9,0.9885,0
sf,facet,intimacy_avoid,f,"[65,Inf)",2.75,75.9,62.2,81.1,0.9952,1
sf,facet,intimacy_avoid,f,"[65,Inf)",3,87.2,67.2,87.2,1,1
sf,facet,intimacy_avoid,m,"[18,35)",0,45.6,45.2,51.5,0.3304,0
sf,facet,intimacy_avoid,m,"[18,35)",0.25,48.9,45.9,57.1,0.4551,0
sf,facet,intimacy_avoid,m,"[18,35)",0.5,52,47,60.1,0.5811,0
sf,facet,intimacy_avoid,m,"[18,35)",0.75,55.2,48.1,62.7,0.6982,0
sf,facet,intimacy_avoid,m,"[18,35)",1,58.4,50.2,65.1,0.7988,0
sf,facet,intimacy_avoid,m,"[18,35)",1.25,61.3,51.8,67.5,0.8704,0
sf,facet,intimacy_avoid,m,"[18,35)",1.5,64.2,53.8,69.7,0.922,0
sf,facet,intimacy_avoid,m,"[18,35)",1.75,67.1,56,71.6,0.9562,0
sf,facet,intimacy_avoid,m,"[18,35)",2,69.9,58.4,73.5,0.9767,0
sf,facet,intimacy_avoid,m,"[18,35)",2.25,72.5,60.8,75.3,0.9877,0
sf,facet,intimacy_avoid,m,"[18,35)",2.5,74.4,63.3,78.1,0.9927,0
sf,facet,intimacy_avoid,m,"[18,35)",2.75,76.8,66.3,83.7,0.9964,1
sf,facet,intimacy_avoid,m,"[18,35)",3,87.2,71.1,87.2,1,1
sf,facet,intimacy_avoid,m,"[35,50)",0,44.1,43.8,50.8,0.2781,0
sf,facet,intimacy_avoid,m,"[35,50)",0.25,47.6,44.6,56.4,0.4061,0
sf,facet,intimacy_avoid,m,"[35,50)",0.5,51,45.9,59.4,0.5415,0
sf,facet,intimacy_avoid,m,"[35,50)",0.75,54.3,46.9,62.1,0.6655,0
sf,facet,intimacy_avoid,m,"[35,50)",1,57.5,49.2,64.6,0.7732,0
sf,facet,intimacy_avoid,m,"[35,50)",1.25,60.6,50.9,67.1,0.8555,0
sf,facet,intimacy_avoid,m,"[35,50)",1.5,63.7,52.9,69.5,0.9141,0
sf,facet,intimacy_avoid,m,"[35,50)",1.75,66.6,55.2,71.8,0.952,0
sf,facet,intimacy_avoid,m,"[35,50)",2,69.6,57.7,74,0.9749,0
sf,facet,intimacy_avoid,m,"[35,50)",2.25,72.5,60.2,76.3,0.9878,0
sf,facet,intimacy_avoid,m,"[35,50)",2.5,75.8,62.8,79,0.995,1
sf,facet,intimacy_avoid,m,"[35,50)",2.75,78.5,65.8,82.8,0.9978,1
sf,facet,intimacy_avoid,m,"[35,50)",3,87.2,70.2,87.2,1,1
sf,facet,intimacy_avoid,m,"[50,65)",0,42,41.8,49.6,0.2118,0
sf,facet,intimacy_avoid,m,"[50,65)",0.25,45.7,42.6,55.4,0.3338,0
sf,facet,intimacy_avoid,m,"[50,65)",0.5,49.2,44,58.7,0.4697,0
sf,facet,intimacy_avoid,m,"[50,65)",0.75,52.8,45.2,61.7,0.6092,0
sf,facet,intimacy_avoid,m,"[50,65)",1,56.2,47.6,64.4,0.7334,0
sf,facet,intimacy_avoid,m,"[50,65)",1.25,59.7,49.3,67.1,0.8345,0
sf,facet,intimacy_avoid,m,"[50,65)",1.5,63.2,51.5,69.6,0.9063,0
sf,facet,intimacy_avoid,m,"[50,65)",1.75,66.6,53.9,71.9,0.9513,0
sf,facet,intimacy_avoid,m,"[50,65)",2,69.9,56.5,74.3,0.9769,0
sf,facet,intimacy_avoid,m,"[50,65)",2.25,73.3,59.1,77,0.99,0
sf,facet,intimacy_avoid,m,"[50,65)",2.5,76.7,61.9,79.5,0.9962,1
sf,facet,intimacy_avoid,m,"[50,65)",2.75,80.2,65.1,83.2,0.9987,1
sf,facet,intimacy_avoid,m,"[50,65)",3,87.2,70,87.2,1,1
sf,facet,intimacy_avoid,m,"[65,Inf)",0,38.7,38.3,47.6,0.1293,0
sf,facet,intimacy_avoid,m,"[65,Inf)",0.25,42.5,39.7,53.1,0.2277,0
sf,facet,intimacy_avoid,m,"[65,Inf)",0.5,46.3,41.1,56.6,0.3552,0
sf,facet,intimacy_avoid,m,"[65,Inf)",0.75,49.9,42.6,59.7,0.4953,0
sf,facet,intimacy_avoid,m,"[65,Inf)",1,53.5,44.9,62.5,0.6359,0
sf,facet,intimacy_avoid,m,"[65,Inf)",1.25,57.1,46.9,65.2,0.7602,0
sf,facet,intimacy_avoid,m,"[65,Inf)",1.5,60.7,49.2,67.8,0.8586,0
sf,facet,intimacy_avoid,m,"[65,Inf)",1.75,64.3,51.7,70.1,0.9235,0
sf,facet,intimacy_avoid,m,"[65,Inf)",2,67.9,54.3,72.4,0.963,0
sf,facet,intimacy_avoid,m,"[65,Inf)",2.25,71.3,56.9,74.9,0.9833,0
sf,facet,intimacy_avoid,m,"[65,Inf)",2.5,74.6,59.8,77.2,0.993,0
sf,facet,intimacy_avoid,m,"[65,Inf)",2.75,77.8,63.1,81.9,0.9973,1
sf,facet,intimacy_avoid,m,"[65,Inf)",3,87.2,68.2,87.2,1,1
sf,facet,irresponsibility,all,all,0,46.5,46.3,56.3,0.3616,0
sf,facet,irresponsibility,all,all,0.25,51.9,47.1,62.5,0.5772,0
sf,facet,irresponsibility,all,all,0.5,56.5,48.7,65.9,0.7433,0
sf,facet,irresponsibility,all,all,0.75,60.7,50.1,68.8,0.8579,0
sf,facet,irresponsibility,all,all,1,64.7,52.3,71.4,0.9296,0
sf,facet,irresponsibility,all,all,1.25,68.6,54.5,73.8,0.9686,0
sf,facet,irresponsibility,all,all,1.5,72.3,56.5,76.6,0.987,0
sf,facet,irresponsibility,all,all,1.75,75.9,58.7,79.2,0.9952,1
sf,facet,irresponsibility,all,all,2,79.4,61.3,81.6,0.9984,1
sf,facet,irresponsibility,all,all,2.25,83.3,64.2,84.4,0.9996,1
sf,facet,irresponsibility,all,all,2.5,87.2,67.2,86.8,1,1
sf,facet,irresponsibility,all,all,2.75,87.2,70.7,87.2,1,1
sf,facet,irresponsibility,all,all,3,87.2,75.8,87.2,1,1
sf,facet,irresponsibility,f,"[18,35)",0,44.6,44.4,55.2,0.2956,0
sf,facet,irresponsibility,f,"[18,35)",0.25,50,45.4,61.6,0.5019,0
sf,facet,irresponsibility,f,"[18,35)",0.5,54.8,47.3,64.9,0.6826,0
sf,facet,irresponsibility,f,"[18,35)",0.75,59.2,48.6,68,0.8213,0
sf,facet,irresponsibility,f,"[18,35)",1,63.5,50.8,70.6,0.9118,0
sf,facet,irresponsibility,f,"[18,35)",1.25,67.5,53,73.1,0.9597,0
sf,facet,irresponsibility,f,"[18,35)",1.5,71.3,55.1,76.2,0.9836,0
sf,facet,irresponsibility,f,"[18,35)",1.75,74.8,57.4,79.3,0.9934,0
sf,facet,irresponsibility,f,"[18,35)",2,87.2,60,82.3,1,1
sf,facet,irresponsibility,f,"[18,35)",2.25,87.2,63,85.4,1,1
sf,facet,irresponsibility,f,"[18,35)",2.5,87.2,66.1,87.2,1,1
sf,facet,irresponsibility,f,"[18,35)",2.75,87.2,69.3,87.2,1,1
sf,facet,irresponsibility,f,"[18,35)",3,87.2,73,87.2,1,1
sf,facet,irresponsibility,f,"[35,50)",0,47.8,47.5,56.6,0.4125,0
sf,facet,irresponsibility,f,"[35,50)",0.25,53,48.3,62.5,0.6177,0
sf,facet,irresponsibility,f,"[35,50)",0.5,57.3,49.6,65.7,0.767,0
sf,facet,irresponsibility,f,"[35,50)",0.75,61.1,51.1,68.6,0.8658,0
sf,facet,irresponsibility,f,"[35,50)",1,64.7,53.2,71,0.9295,0
sf,facet,irresponsibility,f,"[35,50)",1.25,68.1,55.3,73.2,0.9651,0
sf,facet,irresponsibility,f,"[35,50)",1.5,71.5,57.3,75.6,0.9842,0
sf,facet,irresponsibility,f,"[35,50)",1.75,74.8,59.5,78.3,0.9934,0
sf,facet,irresponsibility,f,"[35,50)",2,76.6,62,81.3,0.996,1
sf,facet,irresponsibility,f,"[35,50)",2.25,87.2,64.8,84.6,1,1
sf,facet,irresponsibility,f,"[35,50)",2.5,87.2,67.9,87.2,1,1
sf,facet,irresponsibility,f,"[35,50)",2.75,87.2,71.4,87.2,1,1
sf,facet,irresponsibility,f,"[35,50)",3,87.2,75.2,87.2,1,1
sf,facet,irresponsibility,f,"[50,65)",0,49.6,49.4,58.6,0.485,0
sf,facet,irresponsibility,f,"[50,65)",0.25,55.4,50.1,65.3,0.7039,0
sf,facet,irresponsibility,f,"[50,65)",0.5,60,51.2,68.9,0.8422,0
sf,facet,irresponsibility,f,"[50,65)",0.75,64.4,53,71.8,0.9246,0
sf,facet,irresponsibility,f,"[50,65)",1,68.6,55,74.6,0.9684,0
sf,facet,irresponsibility,f,"[50,65)",1.25,72.8,57,78,0.9886,0
sf,facet,irresponsibility,f,"[50,65)",1.5,77.2,59.1,81.1,0.9968,1
sf,facet,irresponsibility,f,"[50,65)",1.75,87.2,61.1,84.1,1,1
sf,facet,irresponsibility,f,"[50,65)",2,87.2,63.6,86.7,1,1
sf,facet,irresponsibility,f,"[50,65)",2.25,87.2,65.9,87.2,1,1
sf,facet,irresponsibility,f,"[50,65)",2.5,87.2,68.8,87.2,1,1
sf,facet,irresponsibility,f,"[50,65)",2.75,87.2,71.3,87.2,1,1
sf,facet,irresponsibility,f,"[50,65)",3,87.2,73.7,87.2,1,1
sf,facet,irresponsibility,f,"[65,Inf)",0,50.2,49.7,60.2,0.5064,0
sf,facet,irresponsibility,f,"[65,Inf)",0.25,56.6,50.6,67.2,0.7444,0
sf,facet,irresponsibility,f,"[65,Inf)",0.5,62.1,51.8,70.4,0.8866,0
sf,facet,irresponsibility,f,"[65,Inf)",0.75,66.9,53.7,72.8,0.9545,0
sf,facet,irresponsibility,f,"[65,Inf)",1,71.4,55.5,75.5,0.9837,0
sf,facet,irresponsibility,f,"[65,Inf)",1.25,75.2,57.6,77.7,0.9941,0
sf,facet,irresponsibility,f,"[65,Inf)",1.5,77.5,59.8,80.3,0.9971,1
sf,facet,irresponsibility,f,"[65,Inf)",1.75,80,62.1,83.9,0.9987,1
sf,facet,irresponsibility,f,"[65,Inf)",2,87.2,64.5,86.5,1,1
sf,facet,irresponsibility,f,"[65,Inf)",2.25,87.2,67.9,87.2,1,1
sf,facet,irresponsibility,f,"[65,Inf)",2.5,87.2,71.7,87.2,1,1
sf,facet,irresponsibility,f,"[65,Inf)",2.75,87.2,75.3,87.2,1,1
sf,facet,irresponsibility,f,"[65,Inf)",3,87.2,78.2,87.2,1,1
sf,facet,irresponsibility,m,"[18,35)",0,41.9,41.6,53.3,0.2092,0
sf,facet,irresponsibility,m,"[18,35)",0.25,47.4,42.9,59.5,0.3977,0
sf,facet,irresponsibility,m,"[18,35)",0.5,52,44.9,62.9,0.5802,0
sf,facet,irresponsibility,m,"[18,35)",0.75,56.3,46.3,65.9,0.7364,0
sf,facet,irresponsibility,m,"[18,35)",1,60.6,48.8,68.8,0.8552,0
sf,facet,irresponsibility,m,"[18,35)",1.25,64.7,50.9,71.2,0.9293,0
sf,facet,irresponsibility,m,"[18,35)",1.5,68.7,53.1,73.5,0.9693,0
sf,facet,irresponsibility,m,"[18,35)",1.75,72.9,55.5,75.9,0.9891,0
sf,facet,irresponsibility,m,"[18,35)",2,76.8,58,78.2,0.9964,1
sf,facet,irresponsibility,m,"[18,35)",2.25,76.8,60.9,81.6,0.9964,1
sf,facet,irresponsibility,m,"[18,35)",2.5,87.2,64.2,85.5,1,1
sf,facet,irresponsibility,m,"[18,35)",2.75,87.2,68.3,87.2,1,1
sf,facet,irresponsibility,m,"[18,35)",3,87.2,73.6,87.2,1,1
sf,facet,irresponsibility,m,"[35,50)",0,43.8,43.6,54.6,0.2685,0
sf,facet,irresponsibility,m,"[35,50)",0.25,49.5,44.7,60.5,0.479,0
sf,facet,irresponsibility,m,"[35,50)",0.5,54.1,46.7,63.9,0.6587,0
sf,facet,irresponsibility,m,"[35,50)",0.75,58.2,48,67.1,0.7938,0
sf,facet,irresponsibility,m,"[35,50)",1,62.1,50.3,70,0.887,0
sf,facet,irresponsibility,m,"[35,50)",1.25,66.2,52.5,72.5,0.947,0
sf,facet,irresponsibility,m,"[35,50)",1.5,70.1,54.7,75.3,0.9778,0
sf,facet,irresponsibility,m,"[35,50)",1.75,74.2,57,78.4,0.9921,0
sf,facet,irresponsibility,m,"[35,50)",2,78.5,59.5,81.5,0.9978,1
sf,facet,irresponsibility,m,"[35,50)",2.25,87.2,62.3,84.8,1,1
sf,facet,irresponsibility,m,"[35,50)",2.5,87.2,65.3,86.6,1,1
sf,facet,irresponsibility,m,"[35,50)",2.75,87.2,68.4,87.2,1,1
sf,facet,irresponsibility,m,"[35,50)",3,87.2,72.4,87.2,1,1
sf,facet,irresponsibility,m,"[50,65)",0,45.8,45.6,55.9,0.3389,0
sf,facet,irresponsibility,m,"[50,65)",0.25,51.4,46.5,62.6,0.5571,0
sf,facet,irresponsibility,m,"[50,65)",0.5,56,48.4,66.2,0.7241,0
sf,facet,irresponsibility,m,"[50,65)",0.75,60.4,49.7,69.3,0.8503,0
sf,facet,irresponsibility,m,"[50,65)",1,65,51.9,71.7,0.9329,0
sf,facet,irresponsibility,m,"[50,65)",1.25,69.3,54,74.4,0.9733,0
sf,facet,irresponsibility,m,"[50,65)",1.5,73.1,56,77.5,0.9896,0
sf,facet,irresponsibility,m,"[50,65)",1.75,77.1,58.2,80.6,0.9967,1
sf,facet,irresponsibility,m,"[50,65)",2,81.5,60.7,83.9,0.9992,1
sf,facet,irresponsibility,m,"[50,65)",2.25,87.2,63.6,86.8,1,1
sf,facet,irresponsibility,m,"[50,65)",2.5,87.2,66.5,87.2,1,1
sf,facet,irresponsibility,m,"[50,65)",2.75,87.2,70,87.2,1,1
sf,facet,irresponsibility,m,"[50,65)",3,87.2,73.5,87.2,1,1
sf,facet,irresponsibility,m,"[65,Inf)",0,45.2,44.7,57,0.3146,0
sf,facet,irresponsibility,m,"[65,Inf)",0.25,51.2,46,63.4,0.5459,0
sf,facet,irresponsibility,m,"[65,Inf)",0.5,56.7,48,66.9,0.747,0
sf,facet,irresponsibility,m,"[65,Inf)",0.75,61.7,49.3,69.8,0.8786,0
sf,facet,irresponsibility,m,"[65,Inf)",1,66.3,51.5,72.4,0.9486,0
sf,facet,irresponsibility,m,"[65,Inf)",1.25,70.5,53.9,75.5,0.98,0
sf,facet,irresponsibility,m,"[65,Inf)",1.5,74.6,56,78.8,0.993,0
sf,facet,irresponsibility,m,"[65,Inf)",1.75,80,58.3,82.3,0.9986,1
sf,facet,irresponsibility,m,"[65,Inf)",2,87.2,61.1,85.5,1,1
sf,facet,irresponsibility,m,"[65,Inf)",2.25,87.2,63.8,87.2,1,1
sf,facet,irresponsibility,m,"[65,Inf)",2.5,87.2,67.1,87.2,1,1
sf,facet,irresponsibility,m,"[65,Inf)",2.75,87.2,70.3,87.2,1,1
sf,facet,irresponsibility,m,"[65,Inf)",3,87.2,73.3,87.2,1,1
sf,facet,manipulativeness,all,all,0,40.1,40,51.5,0.1607,0
sf,facet,manipulativeness,all,all,0.25,46.4,41.8,56.7,0.359,0
sf,facet,manipulativeness,all,all,0.5,51.4,43.9,60.2,0.5554,0
sf,facet,manipulativeness,all,all,0.75,55.4,46.4,63.5,0.7069,0
sf,facet,manipulativeness,all,all,1,59.2,49.3,66.4,0.822,0
sf,facet,manipulativeness,all,all,1.25,63.1,52,69,0.9052,0
sf,facet,manipulativeness,all,all,1.5,66.8,54.7,71.6,0.9535,0
sf,facet,manipulativeness,all,all,1.75,70.2,57.3,74.3,0.9784,0
sf,facet,manipulativeness,all,all,2,73.4,60.2,76.8,0.9903,0
sf,facet,manipulativeness,all,all,2.25,76.3,63.4,79,0.9958,1
sf,facet,manipulativeness,all,all,2.5,78.8,66.9,81.1,0.998,1
sf,facet,manipulativeness,all,all,2.75,81.7,70.5,85.5,0.9992,1
sf,facet,manipulativeness,all,all,3,87.2,75.4,87.2,1,1
sf,facet,manipulativeness,f,"[18,35)",0,38.3,38.1,49.4,0.122,0
sf,facet,manipulativeness,f,"[18,35)",0.25,44,40.1,55,0.2753,0
sf,facet,manipulativeness,f,"[18,35)",0.5,48.8,42,58.6,0.4531,0
sf,facet,manipulativeness,f,"[18,35)",0.75,53,44.6,62.1,0.618,0
sf,facet,manipulativeness,f,"[18,35)",1,57,47.4,65.2,0.7579,0
sf,facet,manipulativeness,f,"[18,35)",1.25,61.2,50.1,67.7,0.868,0
sf,facet,manipulativeness,f,"[18,35)",1.5,65.2,52.7,70.1,0.9357,0
sf,facet,manipulativeness,f,"[18,35)",1.75,68.7,55.5,72.3,0.9695,0
sf,facet,manipulativeness,f,"[18,35)",2,71.6,58.3,74.6,0.9848,0
sf,facet,manipulativeness,f,"[18,35)",2.25,73.3,61.6,77.5,0.9902,0
sf,facet,manipulativeness,f,"[18,35)",2.5,77.2,65.4,81.7,0.9967,1
sf,facet,manipulativeness,f,"[18,35)",2.75,87.2,69.4,85.6,1,1
sf,facet,manipulativeness,f,"[18,35)",3,87.2,73.8,87.2,1,1
sf,facet,manipulativeness,f,"[35,50)",0,40.4,40.2,52.1,0.1684,0
sf,facet,manipulativeness,f,"[35,50)",0.25,46.6,42.1,57.7,0.3677,0
sf,facet,manipulativeness,f,"[35,50)",0.5,52,44.2,61.4,0.5782,0
sf,facet,manipulativeness,f,"[35,50)",0.75,56.4,46.7,65,0.7393,0
sf,facet,manipulativeness,f,"[35,50)",1,60.6,49.7,68.2,0.8545,0
sf,facet,manipulativeness,f,"[35,50)",1.25,64.9,52.4,70.9,0.9322,0
sf,facet,manipulativeness,f,"[35,50)",1.5,69.2,55.2,73.8,0.9724,0
sf,facet,manipulativeness,f,"[35,50)",1.75,73.1,57.9,76.9,0.9895,0
sf,facet,manipulativeness,f,"[35,50)",2,76.6,60.9,80.4,0.996,1
sf,facet,manipulativeness,f,"[35,50)",2.25,78.8,64.3,84.3,0.998,1
sf,facet,manipulativeness,f,"[35,50)",2.5,87.2,67.9,87.2,1,1
sf,facet,manipulativeness,f,"[35,50)",2.75,87.2,71.9,87.2,1,1
sf,facet,manipulativeness,f,"[35,50)",3,87.2,75.9,87.2,1,1
sf,facet,manipulativeness,f,"[50,65)",0,42.6,42.4,55,0.2289,0
sf,facet,manipulativeness,f,"[50,65)",0.25,49.7,44.2,60.8,0.4874,0
sf,facet,manipulativeness,f,"[50,65)",0.5,55.6,46.6,64.3,0.7137,0
sf,facet,manipulativeness,f,"[50,65)",0.75,60.5,48.9,67.8,0.852,0
sf,facet,manipulativeness,f,"[50,65)",1,64.6,52.2,70.7,0.9279,0
sf,facet,manipulativeness,f,"[50,65)",1.25,68.9,55,73.8,0.9704,0
sf,facet,manipulativeness,f,"[50,65)",1.5,72.9,57.7,76.4,0.9891,0
sf,facet,manipulativeness,f,"[50,65)",1.75,76.1,60.7,78.6,0.9955,1
sf,facet,manipulativeness,f,"[50,65)",2,78.1,63.7,81.7,0.9976,1
sf,facet,manipulativeness,f,"[50,65)",2.25,80.3,67,85.2,0.9988,1
sf,facet,manipulativeness,f,"[50,65)",2.5,87.2,71,87.2,1,1
sf,facet,manipulativeness,f,"[50,65)",2.75,87.2,75.6,87.2,1,1
sf,facet,manipulativeness,f,"[50,65)",3,87.2,79.3,87.2,1,1
sf,facet,manipulativeness,f,"[65,Inf)",0,43.7,43.3,56.4,0.2631,0
sf,facet,manipulativeness,f,"[65,Inf)",0.25,51.4,45.3,62.2,0.5547,0
sf,facet,manipulativeness,f,"[65,Inf)",0.5,57.5,48,66,0.7749,0
sf,facet,manipulativeness,f,"[65,Inf)",0.75,62.3,50.1,69.5,0.8907,0
sf,facet,manipulativeness,f,"[65,Inf)",1,66.9,53.3,73.3,0.954,0
sf,facet,manipulativeness,f,"[65,Inf)",1.25,71.5,56.3,77.4,0.9843,0
sf,facet,manipulativeness,f,"[65,Inf)",1.5,77.2,59,80.9,0.9968,1
sf,facet,manipulativeness,f,"[65,Inf)",1.75,87.2,61.9,84.4,1,1
sf,facet,manipulativeness,f,"[65,Inf)",2,87.2,64.5,86.9,1,1
sf,facet,manipulativeness,f,"[65,Inf)",2.25,87.2,67.5,87.2,1,1
sf,facet,manipulativeness,f,"[65,Inf)",2.5,87.2,70.6,87.2,1,1
sf,facet,manipulativeness,f,"[65,Inf)",2.75,87.2,73.4,87.2,1,1
sf,facet,manipulativeness,f,"[65,Inf)",3,87.2,76.8,87.2,1,1
sf,facet,manipulativeness,m,"[18,35)",0,33.5,33.1,45.8,0.0497,0
sf,facet,manipulativeness,m,"[18,35)",0.25,38.9,36,51.1,0.1339,0
sf,facet,manipulativeness,m,"[18,35)",0.5,43.6,37.5,54.7,0.262,0
sf,facet,manipulativeness,m,"[18,35)",0.75,47.8,40.7,57.8,0.4141,0
sf,facet,manipulativeness,m,"[18,35)",1,51.9,43.1,60.9,0.575,0
sf,facet,manipulativeness,m,"[18,35)",1.25,56,46,63.9,0.7257,0
sf,facet,manipulativeness,m,"[18,35)",1.5,59.9,48.7,66.7,0.8397,0
sf,facet,manipulativeness,m,"[18,35)",1.75,63.8,51.6,69.1,0.9156,0
sf,facet,manipulativeness,m,"[18,35)",2,67.4,54.6,71.5,0.9593,0
sf,facet,manipulativeness,m,"[18,35)",2.25,70.8,57.7,73.4,0.9813,0
sf,facet,manipulativeness,m,"[18,35)",2.5,73.2,61.1,76.2,0.9899,0
sf,facet,manipulativeness,m,"[18,35)",2.75,75.7,64.8,85,0.995,0
sf,facet,manipulativeness,m,"[18,35)",3,87.2,70.5,87.1,1,1
sf,facet,manipulativeness,m,"[35,50)",0,36.8,36.5,49.1,0.0931,0
sf,facet,manipulativeness,m,"[35,50)",0.25,42.8,39.1,54.5,0.2344,0
sf,facet,manipulativeness,m,"[35,50)",0.5,47.8,40.7,58,0.414,0
sf,facet,manipulativeness,m,"[35,50)",0.75,52.3,43.6,61.4,0.5899,0
sf,facet,manipulativeness,m,"[35,50)",1,56.4,46.4,64.6,0.7387,0
sf,facet,manipulativeness,m,"[35,50)",1.25,60.5,49.3,67.6,0.8528,0
sf,facet,manipulativeness,m,"[35,50)",1.5,64.5,52.1,70.6,0.9265,0
sf,facet,manipulativeness,m,"[35,50)",1.75,68.4,54.9,74.2,0.9671,0
sf,facet,manipulativeness,m,"[35,50)",2,72.5,57.9,78.2,0.9878,0
sf,facet,manipulativeness,m,"[35,50)",2.25,78.5,61.2,82.3,0.9978,1
sf,facet,manipulativeness,m,"[35,50)",2.5,87.2,64.6,86.1,1,1
sf,facet,manipulativeness,m,"[35,50)",2.75,87.2,68.1,87.2,1,1
sf,facet,manipulativeness,m,"[35,50)",3,87.2,72,87.2,1,1
sf,facet,manipulativeness,m,"[50,65)",0,39.3,39,51.3,0.1429,0
sf,facet,manipulativeness,m,"[50,65)",0.25,45.8,41.3,56.7,0.337,0
sf,facet,manipulativeness,m,"[50,65)",0.5,50.9,43.3,60.6,0.5373,0
sf,facet,manipulativeness,m,"[50,65)",0.75,55.2,45.9,64.4,0.699,0
sf,facet,manipulativeness,m,"[50,65)",1,59.4,48.9,67.6,0.8258,0
sf,facet,manipulativeness,m,"[50,65)",1.25,63.9,51.7,70.1,0.9183,0
sf,facet,manipulativeness,m,"[50,65)",1.5,68.4,54.4,72.9,0.9671,0
sf,facet,manipulativeness,m,"[50,65)",1.75,72.2,57.1,75.6,0.9867,0
sf,facet,manipulativeness,m,"[50,65)",2,75.2,59.9,78.2,0.9942,0
sf,facet,manipulativeness,m,"[50,65)",2.25,78.1,63.3,80.3,0.9975,1
sf,facet,manipulativeness,m,"[50,65)",2.5,80.2,67.1,83,0.9987,1
sf,facet,manipulativeness,m,"[50,65)",2.75,87.2,71.5,86.1,1,1
sf,facet,manipulativeness,m,"[50,65)",3,87.2,76.8,87.2,1,1
sf,facet,manipulativeness,m,"[65,Inf)",0,40.5,40.2,52.9,0.1713,0
sf,facet,manipulativeness,m,"[65,Inf)",0.25,47.5,42.5,58.5,0.3999,0
sf,facet,manipulativeness,m,"[65,Inf)",0.5,52.9,44.7,62.5,0.6145,0
sf,facet,manipulativeness,m,"[65,Inf)",0.75,57.4,47.3,66.3,0.7696,0
sf,facet,manipulativeness,m,"[65,Inf)",1,61.8,50.4,69.2,0.8815,0
sf,facet,manipulativeness,m,"[65,Inf)",1.25,66.6,53.1,72.2,0.952,0
sf,facet,manipulativeness,m,"[65,Inf)",1.5,71,55.8,75.2,0.9823,0
sf,facet,manipulativeness,m,"[65,Inf)",1.75,74.7,58.5,78.4,0.9932,0
sf,facet,manipulativeness,m,"[65,Inf)",2,78.4,61.5,82.2,0.9977,1
sf,facet,manipulativeness,m,"[65,Inf)",2.25,87.2,64.9,85.4,1,1
sf,facet,manipulativeness,m,"[65,Inf)",2.5,87.2,68.5,87.2,1,1
sf,facet,manipulativeness,m,"[65,Inf)",2.75,87.2,72.6,87.2,1,1
sf,facet,manipulativeness,m,"[65,Inf)",3,87.2,76.5,87.2,1,1
sf,facet,percept_dysreg,all,all,0,47.4,47.2,54.3,0.3961,0
sf,facet,percept_dysreg,all,all,0.25,51.5,47.9,60.7,0.5591,0
sf,facet,percept_dysreg,all,all,0.5,55.3,49.5,63.9,0.7007,0
sf,facet,percept_dysreg,all,all,0.75,58.9,50.6,66.7,0.8133,0
sf,facet,percept_dysreg,all,all,1,62.4,52.5,69.4,0.893,0
sf,facet,percept_dysreg,all,all,1.25,65.9,54.3,71.8,0.944,0
sf,facet,percept_dysreg,all,all,1.5,69.2,56.2,74.1,0.9727,0
sf,facet,percept_dysreg,all,all,1.75,72.5,58.2,76.5,0.9878,0
sf,facet,percept_dysreg,all,all,2,75.7,60.4,79,0.9949,0
sf,facet,percept_dysreg,all,all,2.25,78.8,62.8,81.1,0.998,1
sf,facet,percept_dysreg,all,all,2.5,81.8,65.6,83.4,0.9993,1
sf,facet,percept_dysreg,all,all,2.75,85.1,68.9,86,0.9998,1
sf,facet,percept_dysreg,all,all,3,87.2,73.8,87.2,1,1
sf,facet,percept_dysreg,f,"[18,35)",0,45.6,45.4,52.7,0.3292,0
sf,facet,percept_dysreg,f,"[18,35)",0.25,49.6,46.2,58.6,0.4858,0
sf,facet,percept_dysreg,f,"[18,35)",0.5,53.3,47.8,61.6,0.6275,0
sf,facet,percept_dysreg,f,"[18,35)",0.75,56.6,48.9,64.4,0.744,0
sf,facet,percept_dysreg,f,"[18,35)",1,59.9,50.9,67.1,0.8378,0
sf,facet,percept_dysreg,f,"[18,35)",1.25,62.9,52.7,69.7,0.902,0
sf,facet,percept_dysreg,f,"[18,35)",1.5,66.1,54.6,72.1,0.9467,0
sf,facet,percept_dysreg,f,"[18,35)",1.75,69.6,56.6,74.3,0.9749,0
sf,facet,percept_dysreg,f,"[18,35)",2,73,58.8,76.6,0.9892,0
sf,facet,percept_dysreg,f,"[18,35)",2.25,77.2,61,78.7,0.9967,1
sf,facet,percept_dysreg,f,"[18,35)",2.5,87.2,63.7,81.4,1,1
sf,facet,percept_dysreg,f,"[18,35)",2.75,87.2,66.7,85.3,1,1
sf,facet,percept_dysreg,f,"[18,35)",3,87.2,71.7,87.2,1,1
sf,facet,percept_dysreg,f,"[35,50)",0,47.9,47.5,54.4,0.4152,0
sf,facet,percept_dysreg,f,"[35,50)",0.25,51.9,48.4,60.6,0.5769,0
sf,facet,percept_dysreg,f,"[35,50)",0.5,55.5,49.8,63.7,0.7093,0
sf,facet,percept_dysreg,f,"[35,50)",0.75,58.9,51,66.5,0.812,0
sf,facet,percept_dysreg,f,"[35,50)",1,62.2,52.8,69.1,0.8894,0
sf,facet,percept_dysreg,f,"[35,50)",1.25,65.4,54.6,71.6,0.9388,0
sf,facet,percept_dysreg,f,"[35,50)",1.5,68.8,56.4,73.9,0.9697,0
sf,facet,percept_dysreg,f,"[35,50)",1.75,72,58.5,76.4,0.9861,0
sf,facet,percept_dysreg,f,"[35,50)",2,75.2,60.5,78.9,0.9941,0
sf,facet,percept_dysreg,f,"[35,50)",2.25,78.8,62.9,81.3,0.998,1
sf,facet,percept_dysreg,f,"[35,50)",2.5,87.2,65.6,84.3,1,1
sf,facet,percept_dysreg,f,"[35,50)",2.75,87.2,68.7,86.9,1,1
sf,facet,percept_dysreg,f,"[35,50)",3,87.2,73.2,87.2,1,1
sf,facet,percept_dysreg,f,"[50,65)",0,48.3,48.1,55.2,0.4322,0
sf,facet,percept_dysreg,f,"[50,65)",0.25,52.6,48.8,61.7,0.602,0
sf,facet,percept_dysreg,f,"[50,65)",0.5,56.4,50.4,64.9,0.7395,0
sf,facet,percept_dysreg,f,"[50,65)",0.75,60.1,51.5,67.9,0.8437,0
sf,facet,percept_dysreg,f,"[50,65)",1,63.7,53.3,70.6,0.9152,0
sf,facet,percept_dysreg,f,"[50,65)",1.25,67.3,55.2,73.1,0.9578,0
sf,facet,percept_dysreg,f,"[50,65)",1.5,70.8,57.1,75.6,0.9813,0
sf,facet,percept_dysreg,f,"[50,65)",1.75,74.2,59.1,78.3,0.9923,0
sf,facet,percept_dysreg,f,"[50,65)",2,78.1,61.2,81.2,0.9976,1
sf,facet,percept_dysreg,f,"[50,65)",2.25,81.6,63.7,83.8,0.9992,1
sf,facet,percept_dysreg,f,"[50,65)",2.5,87.2,66.4,86.7,1,1
sf,facet,percept_dysreg,f,"[50,65)",2.75,87.2,69.5,87.2,1,1
sf,facet,percept_dysreg,f,"[50,65)",3,87.2,73.8,87.2,1,1
sf,facet,percept_dysreg,f,"[65,Inf)",0,47.1,46.8,55.2,0.3847,0
sf,facet,percept_dysreg,f,"[65,Inf)",0.25,51.6,47.7,62.3,0.5645,0
sf,facet,percept_dysreg,f,"[65,Inf)",0.5,56.1,49.4,65.8,0.7278,0
sf,facet,percept_dysreg,f,"[65,Inf)",0.75,60.4,50.6,69.1,0.8514,0
sf,facet,percept_dysreg,f,"[65,Inf)",1,64.8,52.6,71.7,0.9301,0
sf,facet,percept_dysreg,f,"[65,Inf)",1.25,68.9,54.5,74.4,0.9708,0
sf,facet,percept_dysreg,f,"[65,Inf)",1.5,73,56.4,77.3,0.9894,0
sf,facet,percept_dysreg,f,"[65,Inf)",1.75,77.2,58.5,80.1,0.9968,1
sf,facet,percept_dysreg,f,"[65,Inf)",2,87.2,60.8,83.2,1,1
sf,facet,percept_dysreg,f,"[65,Inf)",2.25,87.2,63.3,86,1,1
sf,facet,percept_dysreg,f,"[65,Inf)",2.5,87.2,65.9,87.2,1,1
sf,facet,percept_dysreg,f,"[65,Inf)",2.75,87.2,69.4,87.2,1,1
sf,facet,percept_dysreg,f,"[65,Inf)",3,87.2,73.4,87.2,1,1
sf,facet,percept_dysreg,m,"[18,35)",0,46.1,45.7,52.9,0.3468,0
sf,facet,percept_dysreg,m,"[18,35)",0.25,50,46.6,59,0.4984,0
sf,facet,percept_dysreg,m,"[18,35)",0.5,53.6,48.1,61.9,0.6392,0
sf,facet,percept_dysreg,m,"[18,35)",0.75,56.9,49.3,64.5,0.7551,0
sf,facet,percept_dysreg,m,"[18,35)",1,60.2,51.2,67,0.8457,0
sf,facet,percept_dysreg,m,"[18,35)",1.25,63.2,52.9,69.4,0.9071,0
sf,facet,percept_dysreg,m,"[18,35)",1.5,66.4,54.8,71.6,0.9496,0
sf,facet,percept_dysreg,m,"[18,35)",1.75,69.3,56.8,73.8,0.973,0
sf,facet,percept_dysreg,m,"[18,35)",2,72.1,59,76.1,0.9864,0
sf,facet,percept_dysreg,m,"[18,35)",2.25,75.7,61.4,78.3,0.995,0
sf,facet,percept_dysreg,m,"[18,35)",2.5,87.2,64.1,81.1,1,1
sf,facet,percept_dysreg,m,"[18,35)",2.75,87.2,67.2,84.9,1,1
sf,facet,percept_dysreg,m,"[18,35)",3,87.2,72,87.1,1,1
sf,facet,percept_dysreg,m,"[35,50)",0,47.8,47.6,54.2,0.4147,0
sf,facet,percept_dysreg,m,"[35,50)",0.25,51.8,48.3,60.7,0.5698,0
sf,facet,percept_dysreg,m,"[35,50)",0.5,55.3,49.8,63.9,0.7026,0
sf,facet,percept_dysreg,m,"[35,50)",0.75,58.8,50.9,66.9,0.8098,0
sf,facet,percept_dysreg,m,"[35,50)",1,62.3,52.7,69.7,0.8905,0
sf,facet,percept_dysreg,m,"[35,50)",1.25,65.8,54.5,72.3,0.9432,0
sf,facet,percept_dysreg,m,"[35,50)",1.5,69.5,56.3,74.8,0.9743,0
sf,facet,percept_dysreg,m,"[35,50)",1.75,73.3,58.3,77.7,0.99,0
sf,facet,percept_dysreg,m,"[35,50)",2,76.9,60.4,80.6,0.9964,1
sf,facet,percept_dysreg,m,"[35,50)",2.25,87.2,62.7,83.8,1,1
sf,facet,percept_dysreg,m,"[35,50)",2.5,87.2,65.3,86.2,1,1
sf,facet,percept_dysreg,m,"[35,50)",2.75,87.2,68.3,87.2,1,1
sf,facet,percept_dysreg,m,"[35,50)",3,87.2,72.2,87.2,1,1
sf,facet,percept_dysreg,m,"[50,65)",0,48.7,48.5,55.3,0.4493,0
sf,facet,percept_dysreg,m,"[50,65)",0.25,52.8,49.2,61.8,0.612,0
sf,facet,percept_dysreg,m,"[50,65)",0.5,56.6,50.7,65.1,0.7442,0
sf,facet,percept_dysreg,m,"[50,65)",0.75,60.2,51.8,68.1,0.8462,0
sf,facet,percept_dysreg,m,"[50,65)",1,63.8,53.6,70.9,0.9162,0
sf,facet,percept_dysreg,m,"[50,65)",1.25,67.5,55.4,73.4,0.96,0
sf,facet,percept_dysreg,m,"[50,65)",1.5,71.1,57.3,76,0.9825,0
sf,facet,percept_dysreg,m,"[50,65)",1.75,75,59.2,78.8,0.9937,0
sf,facet,percept_dysreg,m,"[50,65)",2,78.7,61.3,81.5,0.9979,1
sf,facet,percept_dysreg,m,"[50,65)",2.25,87.2,63.7,84.3,1,1
sf,facet,percept_dysreg,m,"[50,65)",2.5,87.2,66.3,86.8,1,1
sf,facet,percept_dysreg,m,"[50,65)",2.75,87.2,69.3,87.2,1,1
sf,facet,percept_dysreg,m,"[50,65)",3,87.2,73.5,87.2,1,1
sf,facet,percept_dysreg,m,"[65,Inf)",0,46.9,46.7,54.2,0.3777,0
sf,facet,percept_dysreg,m,"[65,Inf)",0.25,51.1,47.5,61.2,0.5429,0
sf,facet,percept_dysreg,m,"[65,Inf)",0.5,55.1,49,64.5,0.6937,0
sf,facet,percept_dysreg,m,"[65,Inf)",0.75,59,50.2,67.6,0.8167,0
sf,facet,percept_dysreg,m,"[65,Inf)",1,63,52.2,70.5,0.9035,0
sf,facet,percept_dysreg,m,"[65,Inf)",1.25,66.9,54,73,0.9548,0
sf,facet,percept_dysreg,m,"[65,Inf)",1.5,70.8,55.9,75.7,0.9812,0
sf,facet,percept_dysreg,m,"[65,Inf)",1.75,74.9,58,78.3,0.9936,0
sf,facet,percept_dysreg,m,"[65,Inf)",2,78.4,60.1,80.8,0.9977,1
sf,facet,percept_dysreg,m,"[65,Inf)",2.25,87.2,62.6,83.9,1,1
sf,facet,percept_dysreg,m,"[65,Inf)",2.5,87.2,65.3,86.6,1,1
sf,facet,percept_dysreg,m,"[65,Inf)",2.75,87.2,68.6,87.2,1,1
sf,facet,percept_dysreg,m,"[65,Inf)",3,87.2,73.4,87.2,1,1
sf,facet,perseveration,all,all,0,37.1,37,48.3,0.0986,0
sf,facet,perseveration,all,all,0.25,42.5,38.4,54,0.2258,0
sf,facet,perseveration,all,all,0.5,47,40.5,57.9,0.3816,0
sf,facet,perseveration,all,all,0.75,51.2,43.1,61.4,0.5478,0
sf,facet,perseveration,all,all,1,55.8,45.8,64.5,0.7177,0
sf,facet,perseveration,all,all,1.25,60.4,48.6,67.3,0.8508,0
sf,facet,perseveration,all,all,1.5,64.5,51.4,70.3,0.9268,0
sf,facet,perseveration,all,all,1.75,68.4,54.7,73.7,0.9669,0
sf,facet,perseveration,all,all,2,72.5,57.9,76.9,0.9878,0
sf,facet,perseveration,all,all,2.25,76.7,61.3,78.9,0.9962,1
sf,facet,perseveration,all,all,2.5,79.8,64.9,80.9,0.9986,1
sf,facet,perseveration,all,all,2.75,81.9,68.8,84.9,0.9993,1
sf,facet,perseveration,all,all,3,87.2,74.5,87.2,1,1
sf,facet,perseveration,f,"[18,35)",0,36.4,36.2,47.8,0.0871,0
sf,facet,perseveration,f,"[18,35)",0.25,41.7,37.9,52.8,0.2038,0
sf,facet,perseveration,f,"[18,35)",0.5,46.3,39.8,56.4,0.3563,0
sf,facet,perseveration,f,"[18,35)",0.75,50.4,42.5,59.9,0.5175,0
sf,facet,perseveration,f,"[18,35)",1,54.4,45.1,63.1,0.67,0
sf,facet,perseveration,f,"[18,35)",1.25,58.5,47.9,66.1,0.8021,0
sf,facet,perseveration,f,"[18,35)",1.5,62.6,50.9,68.9,0.8963,0
sf,facet,perseveration,f,"[18,35)",1.75,66.6,53.9,71.7,0.9518,0
sf,facet,perseveration,f,"[18,35)",2,70.6,57.1,74.6,0.9803,0
sf,facet,perseveration,f,"[18,35)",2.25,74.8,60.1,77.4,0.9934,0
sf,facet,perseveration,f,"[18,35)",2.5,77.2,63.5,80.7,0.9967,1
sf,facet,perseveration,f,"[18,35)",2.75,87.2,67.6,85.3,1,1
sf,facet,perseveration,f,"[18,35)",3,87.2,73,87.2,1,1
sf,facet,perseveration,f,"[35,50)",0,38.4,38.2,49.2,0.1226,0
sf,facet,perseveration,f,"[35,50)",0.25,43.7,39.6,54.8,0.2638,0
sf,facet,perseveration,f,"[35,50)",0.5,48.2,41.6,58.7,0.4302,0
sf,facet,perseveration,f,"[35,50)",0.75,52.5,44.1,62.2,0.5972,0
sf,facet,perseveration,f,"[35,50)",1,56.9,46.8,65.3,0.7551,0
sf,facet,perseveration,f,"[35,50)",1.25,61.4,49.5,68.1,0.8723,0
sf,facet,perseveration,f,"[35,50)",1.5,65.5,52.4,71.3,0.9394,0
sf,facet,perseveration,f,"[35,50)",1.75,69.5,55.6,74.9,0.9743,0
sf,facet,perseveration,f,"[35,50)",2,73.6,58.8,78.8,0.9908,0
sf,facet,perseveration,f,"[35,50)",2.25,78.8,62.2,82.4,0.998,1
sf,facet,perseveration,f,"[35,50)",2.5,87.2,65.7,86,1,1
sf,facet,perseveration,f,"[35,50)",2.75,87.2,69.5,87.2,1,1
sf,facet,perseveration,f,"[35,50)",3,87.2,73.9,87.2,1,1
sf,facet,perseveration,f,"[50,65)",0,38.4,38.2,49.1,0.1227,0
sf,facet,perseveration,f,"[50,65)",0.25,43.7,39.5,54.9,0.2632,0
sf,facet,perseveration,f,"[50,65)",0.5,48.2,41.6,58.9,0.4268,0
sf,facet,perseveration,f,"[50,65)",0.75,52.4,44.1,62.7,0.5939,0
sf,facet,perseveration,f,"[50,65)",1,57,46.8,65.8,0.7575,0
sf,facet,perseveration,f,"[50,65)",1.25,61.8,49.5,68.7,0.8809,0
sf,facet,perseveration,f,"[50,65)",1.5,66.2,52.3,72.2,0.9469,0
sf,facet,perseveration,f,"[50,65)",1.75,70.5,55.5,76.3,0.9798,0
sf,facet,perseveration,f,"[50,65)",2,75.3,58.8,80.8,0.9943,0
sf,facet,perseveration,f,"[50,65)",2.25,81.6,62.3,83.9,0.9992,1
sf,facet,perseveration,f,"[50,65)",2.5,87.2,65.8,86.9,1,1
sf,facet,perseveration,f,"[50,65)",2.75,87.2,69.5,87.2,1,1
sf,facet,perseveration,f,"[50,65)",3,87.2,73.5,87.2,1,1
sf,facet,perseveration,f,"[65,Inf)",0,36.5,36.3,48.6,0.0886,0
sf,facet,perseveration,f,"[65,Inf)",0.25,42.1,38.1,54.7,0.2134,0
sf,facet,perseveration,f,"[65,Inf)",0.5,46.8,40.1,58.6,0.3737,0
sf,facet,perseveration,f,"[65,Inf)",0.75,51.4,42.9,62.2,0.5568,0
sf,facet,perseveration,f,"[65,Inf)",1,56.5,45.6,65.2,0.7431,0
sf,facet,perseveration,f,"[65,Inf)",1.25,61.4,48.5,68.3,0.8737,0
sf,facet,perseveration,f,"[65,Inf)",1.5,65.6,51.4,72.1,0.9409,0
sf,facet,perseveration,f,"[65,Inf)",1.75,69.9,54.9,76.7,0.9766,0
sf,facet,perseveration,f,"[65,Inf)",2,75.4,58.3,81.2,0.9944,0
sf,facet,perseveration,f,"[65,Inf)",2.25,87.2,61.9,84.9,1,1
sf,facet,perseveration,f,"[65,Inf)",2.5,87.2,65.3,87.2,1,1
sf,facet,perseveration,f,"[65,Inf)",2.75,87.2,68.8,87.2,1,1
sf,facet,perseveration,f,"[65,Inf)",3,87.2,72.4,87.2,1,1
sf,facet,perseveration,m,"[18,35)",0,36.4,36.1,48,0.0866,0
sf,facet,perseveration,m,"[18,35)",0.25,42.1,38,52.8,0.2148,0
sf,facet,perseveration,m,"[18,35)",0.5,46.8,40,56.2,0.3735,0
sf,facet,perseveration,m,"[18,35)",0.75,50.7,42.6,59.2,0.5283,0
sf,facet,perseveration,m,"[18,35)",1,54.6,45.4,61.9,0.6766,0
sf,facet,perseveration,m,"[18,35)",1.25,58.3,48.1,64.7,0.7963,0
sf,facet,perseveration,m,"[18,35)",1.5,61.5,51,67.7,0.8752,0
sf,facet,perseveration,m,"[18,35)",1.75,64.8,54.1,70.2,0.9301,0
sf,facet,perseveration,m,"[18,35)",2,68.3,57.2,72.5,0.9667,0
sf,facet,perseveration,m,"[18,35)",2.25,72.1,60.1,74.1,0.9863,0
sf,facet,perseveration,m,"[18,35)",2.5,73.8,63,76.3,0.9913,0
sf,facet,perseveration,m,"[18,35)",2.75,75.7,66.4,85.4,0.995,0
sf,facet,perseveration,m,"[18,35)",3,87.2,72.1,87.1,1,1
sf,facet,perseveration,m,"[35,50)",0,37.2,36.9,47.5,0.1,0
sf,facet,perseveration,m,"[35,50)",0.25,42.2,38.3,53.5,0.2173,0
sf,facet,perseveration,m,"[35,50)",0.5,46.3,40.3,57.7,0.3573,0
sf,facet,perseveration,m,"[35,50)",0.75,50.4,42.9,61.4,0.514,0
sf,facet,perseveration,m,"[35,50)",1,55,45.4,64.7,0.692,0
sf,facet,perseveration,m,"[35,50)",1.25,60,48.2,67.6,0.8412,0
sf,facet,perseveration,m,"[35,50)",1.5,64.6,50.9,70.7,0.9278,0
sf,facet,perseveration,m,"[35,50)",1.75,68.8,54.1,74.4,0.97,0
sf,facet,perseveration,m,"[35,50)",2,73.3,57.4,78.3,0.99,0
sf,facet,perseveration,m,"[35,50)",2.25,78.5,60.8,82,0.9978,1
sf,facet,perseveration,m,"[35,50)",2.5,87.2,64.6,86,1,1
sf,facet,perseveration,m,"[35,50)",2.75,87.2,68.7,87.2,1,1
sf,facet,perseveration,m,"[35,50)",3,87.2,73.3,87.2,1,1
sf,facet,perseveration,m,"[50,65)",0,37.3,37.1,48.8,0.1017,0
sf,facet,perseveration,m,"[50,65)",0.25,42.9,38.7,54.5,0.2393,0
sf,facet,perseveration,m,"[50,65)",0.5,47.5,40.8,58.7,0.403,0
sf,facet,perseveration,m,"[50,65)",0.75,51.8,43.5,62.4,0.5718,0
sf,facet,perseveration,m,"[50,65)",1,56.5,46.2,65.5,0.7425,0
sf,facet,perseveration,m,"[50,65)",1.25,61.5,49,68.1,0.8742,0
sf,facet,perseveration,m,"[50,65)",1.5,65.9,51.8,71.3,0.9438,0
sf,facet,perseveration,m,"[50,65)",1.75,69.7,55.1,75,0.9759,0
sf,facet,perseveration,m,"[50,65)",2,73.9,58.4,79.1,0.9917,0
sf,facet,perseveration,m,"[50,65)",2.25,78.7,62,82.8,0.9979,1
sf,facet,perseveration,m,"[50,65)",2.5,87.2,65.8,86.4,1,1
sf,facet,perseveration,m,"[50,65)",2.75,87.2,69.7,87.2,1,1
sf,facet,perseveration,m,"[50,65)",3,87.2,74,87.2,1,1
sf,facet,perseveration,m,"[65,Inf)",0,35.3,35.1,47.3,0.0709,0
sf,facet,perseveration,m,"[65,Inf)",0.25,40.7,37,53.5,0.1758,0
sf,facet,perseveration,m,"[65,Inf)",0.5,45.2,38.9,57.9,0.3152,0
sf,facet,perseveration,m,"[65,Inf)",0.75,49.6,41.9,61.6,0.4847,0
sf,facet,perseveration,m,"[65,Inf)",1,54.8,44.5,64.7,0.6838,0
sf,facet,perseveration,m,"[65,Inf)",1.25,60.3,47.4,67.4,0.8481,0
sf,facet,perseveration,m,"[65,Inf)",1.5,65,50.2,70.8,0.9328,0
sf,facet,perseveration,m,"[65,Inf)",1.75,69,53.6,74.9,0.971,0
sf,facet,perseveration,m,"[65,Inf)",2,73.7,57.1,79.3,0.9911,0
sf,facet,perseveration,m,"[65,Inf)",2.25,80,60.8,82.9,0.9986,1
sf,facet,perseveration,m,"[65,Inf)",2.5,87.2,64.7,86.6,1,1
sf,facet,perseveration,m,"[65,Inf)",2.75,87.2,68.6,87.2,1,1
sf,facet,perseveration,m,"[65,Inf)",3,87.2,72.9,87.2,1,1
sf,facet,restricted_aff,all,all,0,37.7,37.6,46.6,0.1092,0
sf,facet,restricted_aff,all,all,0.25,41.6,38.6,52.6,0.2009,0
sf,facet,restricted_aff,all,all,0.5,45.5,40.3,56.2,0.3269,0
sf,facet,restricted_aff,all,all,0.75,49.5,42.6,59.4,0.479,0
sf,facet,restricted_aff,all,all,1,53.4,44.7,62.5,0.6326,0
sf,facet,restricted_aff,all,all,1.25,57.3,47.2,65.6,0.7683,0
sf,facet,restricted_aff,all,all,1.5,61.3,49.6,68.4,0.8709,0
sf,facet,restricted_aff,all,all,1.75,65.3,52.3,71,0.9367,0
sf,facet,restricted_aff,all,all,2,69.3,55.1,74.2,0.9729,0
sf,facet,restricted_aff,all,all,2.25,73.2,58.1,77.2,0.9898,0
sf,facet,restricted_aff,all,all,2.5,77.3,61.4,79.7,0.9968,1
sf,facet,restricted_aff,all,all,2.75,81.3,65.4,84,0.9991,1
sf,facet,restricted_aff,all,all,3,87.2,70.7,87.1,1,1
sf,facet,restricted_aff,f,"[18,35)",0,39.8,39.4,47.9,0.1549,0
sf,facet,restricted_aff,f,"[18,35)",0.25,43.7,40.6,54,0.2638,0
sf,facet,restricted_aff,f,"[18,35)",0.5,47.5,42.2,57.4,0.4001,0
sf,facet,restricted_aff,f,"[18,35)",0.75,51.3,44.3,60.5,0.5509,0
sf,facet,restricted_aff,f,"[18,35)",1,55.1,46.4,63.5,0.696,0
sf,facet,restricted_aff,f,"[18,35)",1.25,58.8,48.7,66.3,0.8116,0
sf,facet,restricted_aff,f,"[18,35)",1.5,62.6,51,68.9,0.8966,0
sf,facet,restricted_aff,f,"[18,35)",1.75,66.3,53.6,71.5,0.9489,0
sf,facet,restricted_aff,f,"[18,35)",2,70,56.4,74.4,0.9771,0
sf,facet,restricted_aff,f,"[18,35)",2.25,73.8,59.4,77.4,0.9913,0
sf,facet,restricted_aff,f,"[18,35)",2.5,77.2,62.6,80.4,0.9967,1
sf,facet,restricted_aff,f,"[18,35)",2.75,87.2,66.5,84.9,1,1
sf,facet,restricted_aff,f,"[18,35)",3,87.2,71.7,87.1,1,1
sf,facet,restricted_aff,f,"[35,50)",0,41.5,41.2,49.8,0.1979,0
sf,facet,restricted_aff,f,"[35,50)",0.25,45.6,42.2,56.1,0.3287,0
sf,facet,restricted_aff,f,"[35,50)",0.5,49.6,43.9,59.6,0.4856,0
sf,facet,restricted_aff,f,"[35,50)",0.75,53.8,45.9,62.9,0.6467,0
sf,facet,restricted_aff,f,"[35,50)",1,57.8,48.2,66.1,0.7827,0
sf,facet,restricted_aff,f,"[35,50)",1.25,61.8,50.5,68.9,0.8815,0
sf,facet,restricted_aff,f,"[35,50)",1.5,65.8,52.9,71.5,0.9424,0
sf,facet,restricted_aff,f,"[35,50)",1.75,69.7,55.4,74.5,0.9756,0
sf,facet,restricted_aff,f,"[35,50)",2,73.3,58.3,77.5,0.9902,0
sf,facet,restricted_aff,f,"[35,50)",2.25,77.2,61.4,80,0.9967,1
sf,facet,restricted_aff,f,"[35,50)",2.5,87.2,64.6,83.4,1,1
sf,facet,restricted_aff,f,"[35,50)",2.75,87.2,68.6,86.3,1,1
sf,facet,restricted_aff,f,"[35,50)",3,87.2,74.2,87.2,1,1
sf,facet,restricted_aff,f,"[50,65)",0,40.9,40.7,49.6,0.1823,0
sf,facet,restricted_aff,f,"[50,65)",0.25,45.2,41.7,56,0.315,0
sf,facet,restricted_aff,f,"[50,65)",0.5,49.4,43.5,59.6,0.4741,0
sf,facet,restricted_aff,f,"[50,65)",0.75,53.5,45.6,63,0.6379,0
sf,facet,restricted_aff,f,"[50,65)",1,57.7,47.9,66.2,0.7785,0
sf,facet,restricted_aff,f,"[50,65)",1.25,61.7,50.2,69.2,0.8799,0
sf,facet,restricted_aff,f,"[50,65)",1.5,65.9,52.6,71.9,0.9445,0
sf,facet,restricted_aff,f,"[50,65)",1.75,70.2,55.2,75.2,0.9781,0
sf,facet,restricted_aff,f,"[50,65)",2,74.2,58.1,78.4,0.9923,0
sf,facet,restricted_aff,f,"[50,65)",2.25,78.8,61.2,81.5,0.998,1
sf,facet,restricted_aff,f,"[50,65)",2.5,87.2,64.4,85.1,1,1
sf,facet,restricted_aff,f,"[50,65)",2.75,87.2,68.1,87.2,1,1
sf,facet,restricted_aff,f,"[50,65)",3,87.2,73.7,87.2,1,1
sf,facet,restricted_aff,f,"[65,Inf)",0,37,36.6,47.5,0.0973,0
sf,facet,restricted_aff,f,"[65,Inf)",0.25,41.4,38.3,53.7,0.1957,0
sf,facet,restricted_aff,f,"[65,Inf)",0.5,45.9,40.1,57.6,0.3391,0
sf,facet,restricted_aff,f,"[65,Inf)",0.75,50.2,42.6,61,0.5093,0
sf,facet,restricted_aff,f,"[65,Inf)",1,54.6,44.9,64.5,0.677,0
sf,facet,restricted_aff,f,"[65,Inf)",1.25,59.1,47.5,67.7,0.8183,0
sf,facet,restricted_aff,f,"[65,Inf)",1.5,63.6,50,70.5,0.9134,0
sf,facet,restricted_aff,f,"[65,Inf)",1.75,68.2,52.8,73.9,0.9659,0
sf,facet,restricted_aff,f,"[65,Inf)",2,72.9,55.7,77.2,0.9891,0
sf,facet,restricted_aff,f,"[65,Inf)",2.25,77.9,58.9,80.4,0.9973,1
sf,facet,restricted_aff,f,"[65,Inf)",2.5,87.2,62.2,83.7,1,1
sf,facet,restricted_aff,f,"[65,Inf)",2.75,87.2,66.1,86.9,1,1
sf,facet,restricted_aff,f,"[65,Inf)",3,87.2,71.9,87.2,1,1
sf,facet,restricted_aff,m,"[18,35)",0,33.8,33.2,43.6,0.0522,0
sf,facet,restricted_aff,m,"[18,35)",0.25,37.6,35.1,49.2,0.1075,0
sf,facet,restricted_aff,m,"[18,35)",0.5,41.5,36.6,52.8,0.1969,0
sf,facet,restricted_aff,m,"[18,35)",0.75,45.3,39.3,56.1,0.3192,0
sf,facet,restricted_aff,m,"[18,35)",1,49.1,41.3,59.1,0.4656,0
sf,facet,restricted_aff,m,"[18,35)",1.25,53.1,43.8,62.1,0.6222,0
sf,facet,restricted_aff,m,"[18,35)",1.5,57,46.4,65,0.7568,0
sf,facet,restricted_aff,m,"[18,35)",1.75,61,49,67.8,0.8634,0
sf,facet,restricted_aff,m,"[18,35)",2,64.9,51.9,70.6,0.9319,0
sf,facet,restricted_aff,m,"[18,35)",2.25,68.9,55,73.8,0.9708,0
sf,facet,restricted_aff,m,"[18,35)",2.5,72.9,58.2,76.9,0.9891,0
sf,facet,restricted_aff,m,"[18,35)",2.75,76.8,62.1,82.6,0.9964,1
sf,facet,restricted_aff,m,"[18,35)",3,87.2,67.6,87,1,1
sf,facet,restricted_aff,m,"[35,50)",0,35.7,35.4,45.6,0.0764,0
sf,facet,restricted_aff,m,"[35,50)",0.25,39.8,36.9,51.3,0.1529,0
sf,facet,restricted_aff,m,"[35,50)",0.5,43.8,38.6,55,0.268,0
sf,facet,restricted_aff,m,"[35,50)",0.75,47.8,41.1,58.2,0.4135,0
sf,facet,restricted_aff,m,"[35,50)",1,51.7,43.2,61.3,0.5689,0
sf,facet,restricted_aff,m,"[35,50)",1.25,55.8,45.8,64.3,0.7189,0
sf,facet,restricted_aff,m,"[35,50)",1.5,59.7,48.3,67.2,0.8348,0
sf,facet,restricted_aff,m,"[35,50)",1.75,63.8,51,69.9,0.9156,0
sf,facet,restricted_aff,m,"[35,50)",2,67.8,53.9,73,0.9621,0
sf,facet,restricted_aff,m,"[35,50)",2.25,71.9,56.9,76,0.9857,0
sf,facet,restricted_aff,m,"[35,50)",2.5,76.3,60.2,78.6,0.9957,1
sf,facet,restricted_aff,m,"[35,50)",2.75,79.9,64.2,83.5,0.9986,1
sf,facet,restricted_aff,m,"[35,50)",3,87.2,69.6,87.1,1,1
sf,facet,restricted_aff,m,"[50,65)",0,35.8,35.6,46.1,0.0773,0
sf,facet,restricted_aff,m,"[50,65)",0.25,40,37.1,52,0.1579,0
sf,facet,restricted_aff,m,"[50,65)",0.5,44.1,38.7,55.7,0.279,0
sf,facet,restricted_aff,m,"[50,65)",0.75,48.3,41.4,59,0.4343,0
sf,facet,restricted_aff,m,"[50,65)",1,52.5,43.5,62.2,0.5984,0
sf,facet,restricted_aff,m,"[50,65)",1.25,56.7,46.2,65.3,0.748,0
sf,facet,restricted_aff,m,"[50,65)",1.5,60.9,48.6,68.2,0.8612,0
sf,facet,restricted_aff,m,"[50,65)",1.75,65,51.4,70.9,0.9335,0
sf,facet,restricted_aff,m,"[50,65)",2,69.1,54.4,74.1,0.9721,0
sf,facet,restricted_aff,m,"[50,65)",2.25,73.3,57.5,77.2,0.99,0
sf,facet,restricted_aff,m,"[50,65)",2.5,77.6,60.8,80.1,0.9971,1
sf,facet,restricted_aff,m,"[50,65)",2.75,81.5,64.9,84.3,0.9992,1
sf,facet,restricted_aff,m,"[50,65)",3,87.2,70.4,87.1,1,1
sf,facet,restricted_aff,m,"[65,Inf)",0,31.3,30.9,43.7,0.0311,0
sf,facet,restricted_aff,m,"[65,Inf)",0.25,35.8,33.4,49.7,0.0773,0
sf,facet,restricted_aff,m,"[65,Inf)",0.5,40.2,35,53.8,0.1639,0
sf,facet,restricted_aff,m,"[65,Inf)",0.75,44.7,38,57.5,0.2966,0
sf,facet,restricted_aff,m,"[65,Inf)",1,49.2,40.4,60.7,0.4664,0
sf,facet,restricted_aff,m,"[65,Inf)",1.25,53.8,43.2,64.1,0.6471,0
sf,facet,restricted_aff,m,"[65,Inf)",1.5,58.5,46,67.3,0.8029,0
sf,facet,restricted_aff,m,"[65,Inf)",1.75,63.3,48.8,70.3,0.9087,0
sf,facet,restricted_aff,m,"[65,Inf)",2,68.2,51.9,73.9,0.9656,0
sf,facet,restricted_aff,m,"[65,Inf)",2.25,73.3,55.1,77.1,0.99,0
sf,facet,restricted_aff,m,"[65,Inf)",2.5,78.4,58.6,80.7,0.9977,1
sf,facet,restricted_aff,m,"[65,Inf)",2.75,87.2,62.8,85.2,1,1
sf,facet,restricted_aff,m,"[65,Inf)",3,87.2,68.5,87.1,1,1
sf,facet,rigid_perfect,all,all,0,34.6,34.5,44.4,0.0617,0
sf,facet,rigid_perfect,all,all,0.25,38.8,35.7,49.8,0.1303,0
sf,facet,rigid_perfect,all,all,0.5,42.2,37.3,53.3,0.2192,0
sf,facet,rigid_perfect,all,all,0.75,45.8,39.6,56.2,0.3356,0
sf,facet,rigid_perfect,all,all,1,49.5,41.7,59.1,0.4786,0
sf,facet,rigid_perfect,all,all,1.25,53.1,44.1,61.9,0.622,0
sf,facet,rigid_perfect,all,all,1.5,56.7,46.4,64.9,0.7488,0
sf,facet,rigid_perfect,all,all,1.75,60.5,49.1,67.4,0.854,0
sf,facet,rigid_perfect,all,all,2,64.5,52,69.7,0.9263,0
sf,facet,rigid_perfect,all,all,2.25,68.2,54.9,72.6,0.9658,0
sf,facet,rigid_perfect,all,all,2.5,71.7,58.1,75.9,0.9852,0
sf,facet,rigid_perfect,all,all,2.75,75.7,62.1,81.3,0.9949,0
sf,facet,rigid_perfect,all,all,3,87.2,67.4,87.2,1,1
sf,facet,rigid_perfect,f,"[18,35)",0,33.5,33,43,0.049,0
sf,facet,rigid_perfect,f,"[18,35)",0.25,37.5,34.6,48.2,0.1056,0
sf,facet,rigid_perfect,f,"[18,35)",0.5,40.7,36.1,51.5,0.1774,0
sf,facet,rigid_perfect,f,"[18,35)",0.75,44.1,38.4,54.3,0.2766,0
sf,facet,rigid_perfect,f,"[18,35)",1,47.6,40.4,57.1,0.4059,0
sf,facet,rigid_perfect,f,"[18,35)",1.25,51.1,42.7,59.8,0.543,0
sf,facet,rigid_perfect,f,"[18,35)",1.5,54.4,45.1,62.5,0.6715,0
sf,facet,rigid_perfect,f,"[18,35)",1.75,58,47.7,65,0.7874,0
sf,facet,rigid_perfect,f,"[18,35)",2,61.7,50.4,67.2,0.879,0
sf,facet,rigid_perfect,f,"[18,35)",2.25,65.1,53.3,70,0.9347,0
sf,facet,rigid_perfect,f,"[18,35)",2.5,68.4,56.5,75,0.9674,0
sf,facet,rigid_perfect,f,"[18,35)",2.75,72.6,60.3,81.6,0.988,0
sf,facet,rigid_perfect,f,"[18,35)",3,87.2,65.3,87.2,1,1
sf,facet,rigid_perfect,f,"[35,50)",0,35.7,35.4,44.3,0.0757,0
sf,facet,rigid_perfect,f,"[35,50)",0.25,39.7,36.6,49.3,0.1526,0
sf,facet,rigid_perfect,f,"[35,50)",0.5,43,38.2,52.5,0.2406,0
sf,facet,rigid_perfect,f,"[35,50)",0.75,46,40.2,55.4,0.3431,0
sf,facet,rigid_perfect,f,"[35,50)",1,49.2,42.2,58.2,0.4675,0
sf,facet,rigid_perfect,f,"[35,50)",1.25,52.4,44.4,60.8,0.5966,0
sf,facet,rigid_perfect,f,"[35,50)",1.5,55.7,46.7,63.7,0.716,0
sf,facet,rigid_perfect,f,"[35,50)",1.75,59.2,49.1,66.3,0.8216,0
sf,facet,rigid_perfect,f,"[35,50)",2,62.9,51.7,68.7,0.9019,0
sf,facet,rigid_perfect,f,"[35,50)",2.25,66.6,54.5,71.6,0.9513,0
sf,facet,rigid_perfect,f,"[35,50)",2.5,70.3,57.6,75.6,0.9789,0
sf,facet,rigid_perfect,f,"[35,50)",2.75,74.5,61.3,80.9,0.9928,0
sf,facet,rigid_perfect,f,"[35,50)",3,87.2,66.1,87.2,1,1
sf,facet,rigid_perfect,f,"[50,65)",0,35.8,35.6,45.7,0.0774,0
sf,facet,rigid_perfect,f,"[50,65)",0.25,40.2,36.9,51.1,0.1641,0
sf,facet,rigid_perfect,f,"[50,65)",0.5,43.8,38.6,54.6,0.2681,0
sf,facet,rigid_perfect,f,"[50,65)",0.75,47.3,40.8,57.6,0.3943,0
sf,facet,rigid_perfect,f,"[50,65)",1,51,43,60.4,0.5404,0
sf,facet,rigid_perfect,f,"[50,65)",1.25,54.8,45.4,63.4,0.6841,0
sf,facet,rigid_perfect,f,"[50,65)",1.5,58.5,47.7,66.5,0.8025,0
sf,facet,rigid_perfect,f,"[50,65)",1.75,62.4,50.3,69.1,0.8917,0
sf,facet,rigid_perfect,f,"[50,65)",2,66.5,53.2,71.7,0.9505,0
sf,facet,rigid_perfect,f,"[50,65)",2.25,70.5,56.1,74.8,0.9798,0
sf,facet,rigid_perfect,f,"[50,65)",2.5,74.3,59.4,77.6,0.9923,0
sf,facet,rigid_perfect,f,"[50,65)",2.75,78.1,63.4,82.3,0.9976,1
sf,facet,rigid_perfect,f,"[50,65)",3,87.2,68.5,87.2,1,1
sf,facet,rigid_perfect,f,"[65,Inf)",0,33.9,33.8,45.4,0.0541,0
sf,facet,rigid_perfect,f,"[65,Inf)",0.25,38.8,35.7,51,0.1311,0
sf,facet,rigid_perfect,f,"[65,Inf)",0.5,42.8,37.2,54.4,0.2345,0
sf,facet,rigid_perfect,f,"[65,Inf)",0.75,46.6,39.8,57.3,0.3679,0
sf,facet,rigid_perfect,f,"[65,Inf)",1,50.6,42,60,0.5249,0
sf,facet,rigid_perfect,f,"[65,Inf)",1.25,54.6,44.6,63.1,0.6778,0
sf,facet,rigid_perfect,f,"[65,Inf)",1.5,58.2,47,66.3,0.794,0
sf,facet,rigid_perfect,f,"[65,Inf)",1.75,62,49.8,69.1,0.8845,0
sf,facet,rigid_perfect,f,"[65,Inf)",2,66.2,52.8,71.8,0.9475,0
sf,facet,rigid_perfect,f,"[65,Inf)",2.25,70.5,55.9,74.8,0.98,0
sf,facet,rigid_perfect,f,"[65,Inf)",2.5,74.6,59.2,77.5,0.9931,0
sf,facet,rigid_perfect,f,"[65,Inf)",2.75,79.5,63.1,82.4,0.9984,1
sf,facet,rigid_perfect,f,"[65,Inf)",3,87.2,68.1,87.2,1,1
sf,facet,rigid_perfect,m,"[18,35)",0,33.9,33.4,42.8,0.0536,0
sf,facet,rigid_perfect,m,"[18,35)",0.25,37.3,34.8,48.7,0.1022,0
sf,facet,rigid_perfect,m,"[18,35)",0.5,40.3,36.2,52.1,0.1666,0
sf,facet,rigid_perfect,m,"[18,35)",0.75,43.9,38.5,55.2,0.2718,0
sf,facet,rigid_perfect,m,"[18,35)",1,47.8,40.3,58.1,0.4115,0
sf,facet,rigid_perfect,m,"[18,35)",1.25,51.5,42.6,60.7,0.5585,0
sf,facet,rigid_perfect,m,"[18,35)",1.5,55.2,45.1,63.5,0.6991,0
sf,facet,rigid_perfect,m,"[18,35)",1.75,59.2,47.7,65.8,0.8216,0
sf,facet,rigid_perfect,m,"[18,35)",2,63.1,50.6,68.1,0.9043,0
sf,facet,rigid_perfect,m,"[18,35)",2.25,66.5,53.6,70.9,0.9503,0
sf,facet,rigid_perfect,m,"[18,35)",2.5,69.8,56.9,75.4,0.9762,0
sf,facet,rigid_perfect,m,"[18,35)",2.75,73.6,61,81.7,0.9908,0
sf,facet,rigid_perfect,m,"[18,35)",3,87.2,66.3,87.2,1,1
sf,facet,rigid_perfect,m,"[35,50)",0,34.3,34,43.9,0.0578,0
sf,facet,rigid_perfect,m,"[35,50)",0.25,38.3,35.4,49,0.1207,0
sf,facet,rigid_perfect,m,"[35,50)",0.5,41.8,36.9,52.5,0.2051,0
sf,facet,rigid_perfect,m,"[35,50)",0.75,45.2,39.2,55.7,0.3146,0
sf,facet,rigid_perfect,m,"[35,50)",1,48.6,41.2,58.9,0.4426,0
sf,facet,rigid_perfect,m,"[35,50)",1.25,52.1,43.6,61.8,0.5835,0
sf,facet,rigid_perfect,m,"[35,50)",1.5,55.8,46,64.8,0.7206,0
sf,facet,rigid_perfect,m,"[35,50)",1.75,60,48.6,67.3,0.8418,0
sf,facet,rigid_perfect,m,"[35,50)",2,64.3,51.3,69.7,0.9236,0
sf,facet,rigid_perfect,m,"[35,50)",2.25,68.3,54.2,72.7,0.9664,0
sf,facet,rigid_perfect,m,"[35,50)",2.5,72.1,57.4,76,0.9864,0
sf,facet,rigid_perfect,m,"[35,50)",2.75,76.3,61.5,81.5,0.9957,1
sf,facet,rigid_perfect,m,"[35,50)",3,87.2,67,87.2,1,1
sf,facet,rigid_perfect,m,"[50,65)",0,35.2,35,45.1,0.0699,0
sf,facet,rigid_perfect,m,"[50,65)",0.25,39.4,36.4,50.5,0.1445,0
sf,facet,rigid_perfect,m,"[50,65)",0.5,43,38,54,0.243,0
sf,facet,rigid_perfect,m,"[50,65)",0.75,46.6,40.2,57.2,0.3668,0
sf,facet,rigid_perfect,m,"[50,65)",1,50.3,42.3,60.2,0.5124,0
sf,facet,rigid_perfect,m,"[50,65)",1.25,54,44.8,63.2,0.6555,0
sf,facet,rigid_perfect,m,"[50,65)",1.5,57.8,47.1,66.4,0.782,0
sf,facet,rigid_perfect,m,"[50,65)",1.75,61.9,49.8,69.1,0.883,0
sf,facet,rigid_perfect,m,"[50,65)",2,66.3,52.6,71.9,0.9483,0
sf,facet,rigid_perfect,m,"[50,65)",2.25,70.6,55.5,75,0.9804,0
sf,facet,rigid_perfect,m,"[50,65)",2.5,74.6,58.8,77.9,0.993,0
sf,facet,rigid_perfect,m,"[50,65)",2.75,78.7,62.9,82.5,0.9979,1
sf,facet,rigid_perfect,m,"[50,65)",3,87.2,68,87.2,1,1
sf,facet,rigid_perfect,m,"[65,Inf)",0,33.6,33.4,44.3,0.0508,0
sf,facet,rigid_perfect,m,"[65,Inf)",0.25,37.9,35,50.3,0.1123,0
sf,facet,rigid_perfect,m,"[65,Inf)",0.5,41.5,36.6,53.8,0.1965,0
sf,facet,rigid_perfect,m,"[65,Inf)",0.75,45.3,39.1,56.7,0.3203,0
sf,facet,rigid_perfect,m,"[65,Inf)",1,49.6,41.1,59.5,0.4838,0
sf,facet,rigid_perfect,m,"[65,Inf)",1.25,53.6,43.7,62.4,0.6403,0
sf,facet,rigid_perfect,m,"[65,Inf)",1.5,57.4,46.1,65.4,0.7698,0
sf,facet,rigid_perfect,m,"[65,Inf)",1.75,61.3,48.9,68,0.8703,0
sf,facet,rigid_perfect,m,"[65,Inf)",2,65.3,52,70.5,0.9371,0
sf,facet,rigid_perfect,m,"[65,Inf)",2.25,69.2,55,73.4,0.9724,0
sf,facet,rigid_perfect,m,"[65,Inf)",2.5,72.7,58.5,76.5,0.9884,0
sf,facet,rigid_perfect,m,"[65,Inf)",2.75,76.8,62.6,81.7,0.9964,1
sf,facet,rigid_perfect,m,"[65,Inf)",3,87.2,67.9,87.2,1,1
sf,facet,risk_taking,all,all,0,42.6,42.4,49.3,0.2294,0
sf,facet,risk_taking,all,all,0.25,46.5,43.3,55.4,0.3634,0
sf,facet,risk_taking,all,all,0.5,50.4,45,58.9,0.5147,0
sf,facet,risk_taking,all,all,0.75,54.2,47,62,0.6611,0
sf,facet,risk_taking,all,all,1,57.9,49.3,65,0.7838,0
sf,facet,risk_taking,all,all,1.25,61.5,51.7,67.8,0.8746,0
sf,facet,risk_taking,all,all,1.5,65,54.2,70.4,0.9332,0
sf,facet,risk_taking,all,all,1.75,68.4,56.8,73,0.9674,0
sf,facet,risk_taking,all,all,2,71.7,59.4,75.6,0.9851,0
sf,facet,risk_taking,all,all,2.25,74.9,62.3,78.2,0.9936,0
sf,facet,risk_taking,all,all,2.5,78,65.6,80.6,0.9975,1
sf,facet,risk_taking,all,all,2.75,81.1,69.1,84.2,0.9991,1
sf,facet,risk_taking,all,all,3,87.2,73.6,87.2,1,1
sf,facet,risk_taking,f,"[18,35)",0,42.9,42.6,48.9,0.2396,0
sf,facet,risk_taking,f,"[18,35)",0.25,46.5,43.5,54.8,0.3616,0
sf,facet,risk_taking,f,"[18,35)",0.5,50,45.1,58.1,0.5004,0
sf,facet,risk_taking,f,"[18,35)",0.75,53.5,46.9,61.2,0.6361,0
sf,facet,risk_taking,f,"[18,35)",1,57,49.1,64.1,0.7592,0
sf,facet,risk_taking,f,"[18,35)",1.25,60.5,51.4,66.9,0.8529,0
sf,facet,risk_taking,f,"[18,35)",1.5,63.9,53.8,69.6,0.9184,0
sf,facet,risk_taking,f,"[18,35)",1.75,67.2,56.3,72.2,0.9575,0
sf,facet,risk_taking,f,"[18,35)",2,70.9,58.8,74.9,0.9815,0
sf,facet,risk_taking,f,"[18,35)",2.25,73.8,61.6,77.7,0.9913,0
sf,facet,risk_taking,f,"[18,35)",2.5,77.2,64.8,81,0.9967,1
sf,facet,risk_taking,f,"[18,35)",2.75,87.2,68.2,85.5,1,1
sf,facet,risk_taking,f,"[18,35)",3,87.2,72.5,87.2,1,1
sf,facet,risk_taking,f,"[35,50)",0,44.2,43.7,50.4,0.2816,0
sf,facet,risk_taking,f,"[35,50)",0.25,48,44.8,56.5,0.4198,0
sf,facet,risk_taking,f,"[35,50)",0.5,51.7,46.5,59.9,0.5663,0
sf,facet,risk_taking,f,"[35,50)",0.75,55.4,48.3,63,0.7058,0
sf,facet,risk_taking,f,"[35,50)",1,59,50.5,66,0.8167,0
sf,facet,risk_taking,f,"[35,50)",1.25,62.6,52.8,68.7,0.8953,0
sf,facet,risk_taking,f,"[35,50)",1.5,66.1,55.3,71.4,0.9467,0
sf,facet,risk_taking,f,"[35,50)",1.75,69.6,57.8,74.1,0.9749,0
sf,facet,risk_taking,f,"[35,50)",2,72.8,60.3,76.7,0.9888,0
sf,facet,risk_taking,f,"[35,50)",2.25,76.6,63.2,79,0.996,1
sf,facet,risk_taking,f,"[35,50)",2.5,78.8,66.5,81.7,0.998,1
sf,facet,risk_taking,f,"[35,50)",2.75,87.2,70,85.3,1,1
sf,facet,risk_taking,f,"[35,50)",3,87.2,74.5,87.2,1,1
sf,facet,risk_taking,f,"[50,65)",0,44.8,44.5,51.4,0.3016,0
sf,facet,risk_taking,f,"[50,65)",0.25,48.8,45.4,57.8,0.4539,0
sf,facet,risk_taking,f,"[50,65)",0.5,52.8,47.2,61.4,0.6104,0
sf,facet,risk_taking,f,"[50,65)",0.75,56.8,49,64.6,0.7507,0
sf,facet,risk_taking,f,"[50,65)",1,60.7,51.4,67.8,0.8569,0
sf,facet,risk_taking,f,"[50,65)",1.25,64.6,53.7,70.6,0.9274,0
sf,facet,risk_taking,f,"[50,65)",1.5,68.4,56.3,73.7,0.9672,0
sf,facet,risk_taking,f,"[50,65)",1.75,72.3,58.8,76.8,0.987,0
sf,facet,risk_taking,f,"[50,65)",2,76.1,61.5,79.6,0.9955,1
sf,facet,risk_taking,f,"[50,65)",2.25,80.3,64.5,82.5,0.9988,1
sf,facet,risk_taking,f,"[50,65)",2.5,87.2,67.9,85.1,1,1
sf,facet,risk_taking,f,"[50,65)",2.75,87.2,71.7,87.2,1,1
sf,facet,risk_taking,f,"[50,65)",3,87.2,76.3,87.2,1,1
sf,facet,risk_taking,f,"[65,Inf)",0,44.3,43.7,51.8,0.284,0
sf,facet,risk_taking,f,"[65,Inf)",0.25,48.8,45,58.6,0.4517,0
sf,facet,risk_taking,f,"[65,Inf)",0.5,53.2,46.9,62.4,0.6249,0
sf,facet,risk_taking,f,"[65,Inf)",0.75,57.6,48.9,65.9,0.7762,0
sf,facet,risk_taking,f,"[65,Inf)",1,61.9,51.4,69,0.8836,0
sf,facet,risk_taking,f,"[65,Inf)",1.25,66.3,53.9,72.1,0.9484,0
sf,facet,risk_taking,f,"[65,Inf)",1.5,70.5,56.6,75.5,0.98,0
sf,facet,risk_taking,f,"[65,Inf)",1.75,74.6,59.2,78.8,0.9931,0
sf,facet,risk_taking,f,"[65,Inf)",2,79.5,62.1,82,0.9984,1
sf,facet,risk_taking,f,"[65,Inf)",2.25,87.2,65.2,85.1,1,1
sf,facet,risk_taking,f,"[65,Inf)",2.5,87.2,68.6,87.2,1,1
sf,facet,risk_taking,f,"[65,Inf)",2.75,87.2,72.5,87.2,1,1
sf,facet,risk_taking,f,"[65,Inf)",3,87.2,76.7,87.2,1,1
sf,facet,risk_taking,m,"[18,35)",0,39.3,38.9,46,0.1426,0
sf,facet,risk_taking,m,"[18,35)",0.25,43,40.2,51.8,0.2408,0
sf,facet,risk_taking,m,"[18,35)",0.5,46.5,41.7,55.1,0.3628,0
sf,facet,risk_taking,m,"[18,35)",0.75,50.1,43.8,58.1,0.5026,0
sf,facet,risk_taking,m,"[18,35)",1,53.5,45.9,61.1,0.6366,0
sf,facet,risk_taking,m,"[18,35)",1.25,57,48.4,63.9,0.7569,0
sf,facet,risk_taking,m,"[18,35)",1.5,60.4,50.8,66.5,0.8499,0
sf,facet,risk_taking,m,"[18,35)",1.75,63.7,53.3,68.9,0.9143,0
sf,facet,risk_taking,m,"[18,35)",2,66.9,56,71.5,0.9543,0
sf,facet,risk_taking,m,"[18,35)",2.25,69.9,58.7,74,0.9767,0
sf,facet,risk_taking,m,"[18,35)",2.5,73.2,61.8,77,0.9899,0
sf,facet,risk_taking,m,"[18,35)",2.75,75.7,65.2,83.5,0.995,0
sf,facet,risk_taking,m,"[18,35)",3,87.2,69.7,87.2,1,1
sf,facet,risk_taking,m,"[35,50)",0,41.2,40.8,47.9,0.1903,0
sf,facet,risk_taking,m,"[35,50)",0.25,45.1,42,53.9,0.3103,0
sf,facet,risk_taking,m,"[35,50)",0.5,48.7,43.6,57.3,0.4498,0
sf,facet,risk_taking,m,"[35,50)",0.75,52.4,45.6,60.4,0.5934,0
sf,facet,risk_taking,m,"[35,50)",1,56,47.9,63.4,0.7256,0
sf,facet,risk_taking,m,"[35,50)",1.25,59.6,50.3,66.4,0.8306,0
sf,facet,risk_taking,m,"[35,50)",1.5,63.1,52.8,69.2,0.9043,0
sf,facet,risk_taking,m,"[35,50)",1.75,66.7,55.3,71.9,0.9521,0
sf,facet,risk_taking,m,"[35,50)",2,70.1,58,74.8,0.9778,0
sf,facet,risk_taking,m,"[35,50)",2.25,73.8,60.8,77.6,0.9914,0
sf,facet,risk_taking,m,"[35,50)",2.5,76.9,64,80.8,0.9964,1
sf,facet,risk_taking,m,"[35,50)",2.75,87.2,67.5,84.5,1,1
sf,facet,risk_taking,m,"[35,50)",3,87.2,71.9,87.2,1,1
sf,facet,risk_taking,m,"[50,65)",0,41.6,41.2,48.8,0.2003,0
sf,facet,risk_taking,m,"[50,65)",0.25,45.6,42.3,55,0.3302,0
sf,facet,risk_taking,m,"[50,65)",0.5,49.6,44.1,58.5,0.4829,0
sf,facet,risk_taking,m,"[50,65)",0.75,53.5,46.2,61.9,0.636,0
sf,facet,risk_taking,m,"[50,65)",1,57.4,48.5,65,0.7692,0
sf,facet,risk_taking,m,"[50,65)",1.25,61.2,51,68,0.8691,0
sf,facet,risk_taking,m,"[50,65)",1.5,65,53.6,70.8,0.9338,0
sf,facet,risk_taking,m,"[50,65)",1.75,68.9,56.3,73.7,0.9704,0
sf,facet,risk_taking,m,"[50,65)",2,72.6,58.9,76.7,0.9879,0
sf,facet,risk_taking,m,"[50,65)",2.25,76.1,61.9,79.7,0.9954,1
sf,facet,risk_taking,m,"[50,65)",2.5,80.2,65.4,82.7,0.9987,1
sf,facet,risk_taking,m,"[50,65)",2.75,87.2,69.1,86.3,1,1
sf,facet,risk_taking,m,"[50,65)",3,87.2,73.5,87.2,1,1
sf,facet,risk_taking,m,"[65,Inf)",0,40.7,40.1,48.9,0.1751,0
sf,facet,risk_taking,m,"[65,Inf)",0.25,45,41.8,55.4,0.3094,0
sf,facet,risk_taking,m,"[65,Inf)",0.5,49.5,43.5,59.2,0.4785,0
sf,facet,risk_taking,m,"[65,Inf)",0.75,53.8,45.8,62.7,0.6473,0
sf,facet,risk_taking,m,"[65,Inf)",1,58.1,48.3,65.9,0.7898,0
sf,facet,risk_taking,m,"[65,Inf)",1.25,62.2,50.9,68.9,0.8896,0
sf,facet,risk_taking,m,"[65,Inf)",1.5,66.5,53.6,71.9,0.9504,0
sf,facet,risk_taking,m,"[65,Inf)",1.75,70.4,56.4,75.1,0.9794,0
sf,facet,risk_taking,m,"[65,Inf)",2,74.4,59.2,78.3,0.9927,0
sf,facet,risk_taking,m,"[65,Inf)",2.25,78.4,62.4,81.1,0.9977,1
sf,facet,risk_taking,m,"[65,Inf)",2.5,87.2,66,84.3,1,1
sf,facet,risk_taking,m,"[65,Inf)",2.75,87.2,69.9,86.9,1,1
sf,facet,risk_taking,m,"[65,Inf)",3,87.2,74.4,87.2,1,1
sf,facet,separation_insec,all,all,0,38.4,38.3,48.3,0.1233,0
sf,facet,separation_insec,all,all,0.25,42.6,39.3,53.6,0.2308,0
sf,facet,separation_insec,all,all,0.5,46.6,40.9,56.8,0.3667,0
sf,facet,separation_insec,all,all,0.75,50.3,42.7,59.5,0.5133,0
sf,facet,separation_insec,all,all,1,53.9,45,62,0.6504,0
sf,facet,separation_insec,all,all,1.25,57.3,47,64.5,0.7661,0
sf,facet,separation_insec,all,all,1.5,60.5,49.3,66.9,0.8537,0
sf,facet,separation_insec,all,all,1.75,63.7,51.7,69.1,0.9143,0
sf,facet,separation_insec,all,all,2,66.8,54.2,71.1,0.9533,0
sf,facet,separation_insec,all,all,2.25,69.8,56.9,73.6,0.976,0
sf,facet,separation_insec,all,all,2.5,72.7,59.9,76.6,0.9885,0
sf,facet,separation_insec,all,all,2.75,75.6,63.3,83.6,0.9948,0
sf,facet,separation_insec,all,all,3,87.2,68.1,87.1,1,1
sf,facet,separation_insec,f,"[18,35)",0,36.9,36.5,46.9,0.0945,0
sf,facet,separation_insec,f,"[18,35)",0.25,41,37.9,52,0.1828,0
sf,facet,separation_insec,f,"[18,35)",0.5,44.9,39.4,55.1,0.3037,0
sf,facet,separation_insec,f,"[18,35)",0.75,48.5,41.3,57.7,0.4409,0
sf,facet,separation_insec,f,"[18,35)",1,51.9,43.5,60.1,0.5768,0
sf,facet,separation_insec,f,"[18,35)",1.25,55.2,45.6,62.4,0.6978,0
sf,facet,separation_insec,f,"[18,35)",1.5,58.3,47.8,64.6,0.798,0
sf,facet,separation_insec,f,"[18,35)",1.75,61.3,50.2,66.6,0.8715,0
sf,facet,separation_insec,f,"[18,35)",2,64.1,52.7,68.4,0.9214,0
sf,facet,separation_insec,f,"[18,35)",2.25,66.9,55.4,70.4,0.954,0
sf,facet,separation_insec,f,"[18,35)",2.5,69.2,58.3,75.7,0.9728,0
sf,facet,separation_insec,f,"[18,35)",2.75,71.6,61.5,84.4,0.9848,0
sf,facet,separation_insec,f,"[18,35)",3,87.2,66.5,87.1,1,1
sf,facet,separation_insec,f,"[35,50)",0,39.9,39.7,49.4,0.1573,0
sf,facet,separation_insec,f,"[35,50)",0.25,44.2,40.7,54.9,0.2797,0
sf,facet,separation_insec,f,"[35,50)",0.5,48.1,42.4,58,0.4261,0
sf,facet,separation_insec,f,"[35,50)",0.75,51.9,44,60.5,0.5734,0
sf,facet,separation_insec,f,"[35,50)",1,55.4,46.3,62.9,0.7059,0
sf,facet,separation_insec,f,"[35,50)",1.25,58.8,48.2,65.2,0.81,0
sf,facet,separation_insec,f,"[35,50)",1.5,61.9,50.5,67.4,0.8828,0
sf,facet,separation_insec,f,"[35,50)",1.75,64.8,52.8,69.5,0.9303,0
sf,facet,separation_insec,f,"[35,50)",2,67.4,55.4,71.5,0.9592,0
sf,facet,separation_insec,f,"[35,50)",2.25,70.1,58.1,73.7,0.9776,0
sf,facet,separation_insec,f,"[35,50)",2.5,72.8,61.1,77.8,0.9888,0
sf,facet,separation_insec,f,"[35,50)",2.75,75.6,64.5,84,0.9947,0
sf,facet,separation_insec,f,"[35,50)",3,87.2,69.1,87.1,1,1
sf,facet,separation_insec,f,"[50,65)",0,39.7,39.6,49.4,0.1526,0
sf,facet,separation_insec,f,"[50,65)",0.25,44,40.6,54.9,0.2752,0
sf,facet,separation_insec,f,"[50,65)",0.5,48.1,42.2,58.1,0.4234,0
sf,facet,separation_insec,f,"[50,65)",0.75,51.8,43.9,60.8,0.5732,0
sf,facet,separation_insec,f,"[50,65)",1,55.4,46.3,63.3,0.7066,0
sf,facet,separation_insec,f,"[50,65)",1.25,58.9,48.2,66,0.8123,0
sf,facet,separation_insec,f,"[50,65)",1.5,62.2,50.4,68.5,0.8879,0
sf,facet,separation_insec,f,"[50,65)",1.75,65.4,52.8,70.9,0.9388,0
sf,facet,separation_insec,f,"[50,65)",2,68.6,55.4,73.3,0.9689,0
sf,facet,separation_insec,f,"[50,65)",2.25,72,58.2,76,0.9862,0
sf,facet,separation_insec,f,"[50,65)",2.5,75.3,61.1,78.4,0.9944,0
sf,facet,separation_insec,f,"[50,65)",2.75,78.8,64.5,83,0.998,1
sf,facet,separation_insec,f,"[50,65)",3,87.2,69.2,87.1,1,1
sf,facet,separation_insec,f,"[65,Inf)",0,38.8,38.5,49,0.1318,0
sf,facet,separation_insec,f,"[65,Inf)",0.25,43.2,39.7,54.5,0.2482,0
sf,facet,separation_insec,f,"[65,Inf)",0.5,47.4,41.4,57.8,0.3964,0
sf,facet,separation_insec,f,"[65,Inf)",0.75,51.2,43.2,60.5,0.5485,0
sf,facet,separation_insec,f,"[65,Inf)",1,54.9,45.6,63.1,0.6882,0
sf,facet,separation_insec,f,"[65,Inf)",1.25,58.5,47.6,65.6,0.8013,0
sf,facet,separation_insec,f,"[65,Inf)",1.5,61.8,49.9,68.1,0.8815,0
sf,facet,separation_insec,f,"[65,Inf)",1.75,65.1,52.3,70.2,0.9351,0
sf,facet,separation_insec,f,"[65,Inf)",2,68.3,54.9,72.4,0.9662,0
sf,facet,separation_insec,f,"[65,Inf)",2.25,71.3,57.7,74.9,0.9834,0
sf,facet,separation_insec,f,"[65,Inf)",2.5,74.3,60.7,77.8,0.9924,0
sf,facet,separation_insec,f,"[65,Inf)",2.75,77.2,64.2,83.6,0.9968,1
sf,facet,separation_insec,f,"[65,Inf)",3,87.2,69.1,87.1,1,1
sf,facet,separation_insec,m,"[18,35)",0,37.3,37,47.3,0.1023,0
sf,facet,separation_insec,m,"[18,35)",0.25,41.5,38.4,52.4,0.1981,0
sf,facet,separation_insec,m,"[18,35)",0.5,45.4,39.9,55.5,0.3227,0
sf,facet,separation_insec,m,"[18,35)",0.75,49,41.8,58.2,0.4591,0
sf,facet,separation_insec,m,"[18,35)",1,52.4,44,60.7,0.5945,0
sf,facet,separation_insec,m,"[18,35)",1.25,55.7,46,63.2,0.7153,0
sf,facet,separation_insec,m,"[18,35)",1.5,58.9,48.3,65.6,0.813,0
sf,facet,separation_insec,m,"[18,35)",1.75,62,50.7,67.8,0.8858,0
sf,facet,separation_insec,m,"[18,35)",2,65.2,53.2,69.8,0.9351,0
sf,facet,separation_insec,m,"[18,35)",2.25,68.2,55.8,72,0.9655,0
sf,facet,separation_insec,m,"[18,35)",2.5,70.9,58.7,75.8,0.9818,0
sf,facet,separation_insec,m,"[18,35)",2.75,73.8,62,83.8,0.9913,0
sf,facet,separation_insec,m,"[18,35)",3,87.2,66.9,87.1,1,1
sf,facet,separation_insec,m,"[35,50)",0,38.1,37.8,48.3,0.118,0
sf,facet,separation_insec,m,"[35,50)",0.25,42.5,39.1,53.7,0.2251,0
sf,facet,separation_insec,m,"[35,50)",0.5,46.5,40.7,56.9,0.3624,0
sf,facet,separation_insec,m,"[35,50)",0.75,50.3,42.6,59.7,0.5119,0
sf,facet,separation_insec,m,"[35,50)",1,53.9,44.9,62.3,0.6514,0
sf,facet,separation_insec,m,"[35,50)",1.25,57.4,46.9,64.9,0.7692,0
sf,facet,separation_insec,m,"[35,50)",1.5,60.7,49.2,67.5,0.8587,0
sf,facet,separation_insec,m,"[35,50)",1.75,64.1,51.7,69.9,0.9207,0
sf,facet,separation_insec,m,"[35,50)",2,67.4,54.2,72.3,0.9586,0
sf,facet,separation_insec,m,"[35,50)",2.25,70.7,57,75.1,0.9808,0
sf,facet,separation_insec,m,"[35,50)",2.5,74.5,59.9,77.9,0.9929,0
sf,facet,separation_insec,m,"[35,50)",2.75,78.5,63.3,82.7,0.9978,1
sf,facet,separation_insec,m,"[35,50)",3,87.2,68,87.1,1,1
sf,facet,separation_insec,m,"[50,65)",0,38.3,38.2,48.4,0.1209,0
sf,facet,separation_insec,m,"[50,65)",0.25,42.6,39.3,54,0.2295,0
sf,facet,separation_insec,m,"[50,65)",0.5,46.6,40.9,57.3,0.3677,0
sf,facet,separation_insec,m,"[50,65)",0.75,50.5,42.7,60.1,0.5181,0
sf,facet,separation_insec,m,"[50,65)",1,54.2,45.1,62.7,0.6611,0
sf,facet,separation_insec,m,"[50,65)",1.25,57.7,47.1,65.3,0.7807,0
sf,facet,separation_insec,m,"[50,65)",1.5,61.2,49.4,67.8,0.8692,0
sf,facet,separation_insec,m,"[50,65)",1.75,64.6,51.8,70.1,0.9284,0
sf,facet,separation_insec,m,"[50,65)",2,67.9,54.4,72.5,0.9634,0
sf,facet,separation_insec,m,"[50,65)",2.25,71.2,57.1,75.3,0.9829,0
sf,facet,separation_insec,m,"[50,65)",2.5,74.5,60.2,78.2,0.9929,0
sf,facet,separation_insec,m,"[50,65)",2.75,78.1,63.7,82.8,0.9975,1
sf,facet,separation_insec,m,"[50,65)",3,87.2,68.5,87.1,1,1
sf,facet,separation_insec,m,"[65,Inf)",0,36.8,36.4,47.1,0.0937,0
sf,facet,separation_insec,m,"[65,Inf)",0.25,41.1,37.9,52.4,0.1859,0
sf,facet,separation_insec,m,"[65,Inf)",0.5,45,39.5,55.7,0.3095,0
sf,facet,separation_insec,m,"[65,Inf)",0.75,48.8,41.5,58.5,0.4507,0
sf,facet,separation_insec,m,"[65,Inf)",1,52.3,43.7,61.1,0.5901,0
sf,facet,separation_insec,m,"[65,Inf)",1.25,55.7,45.8,63.7,0.7169,0
sf,facet,separation_insec,m,"[65,Inf)",1.5,59.1,48.1,66.3,0.8198,0
sf,facet,separation_insec,m,"[65,Inf)",1.75,62.5,50.5,68.8,0.8947,0
sf,facet,separation_insec,m,"[65,Inf)",2,65.9,53,71,0.9446,0
sf,facet,separation_insec,m,"[65,Inf)",2.25,69.4,55.7,73.7,0.974,0
sf,facet,separation_insec,m,"[65,Inf)",2.5,72.9,58.7,76.5,0.9891,0
sf,facet,separation_insec,m,"[65,Inf)",2.75,76.3,62.1,82.4,0.9958,1
sf,facet,separation_insec,m,"[65,Inf)",3,87.2,66.9,87.1,1,1
sf,facet,submissiveness,all,all,0,35.9,35.7,44.4,0.0797,0
sf,facet,submissiveness,all,all,0.25,39.7,37,49.6,0.1524,0
sf,facet,submissiveness,all,all,0.5,43.6,38.5,52.9,0.2603,0
sf,facet,submissiveness,all,all,0.75,47.3,41,55.9,0.3948,0
sf,facet,submissiveness,all,all,1,51.1,43.2,58.9,0.5436,0
sf,facet,submissiveness,all,all,1.25,54.8,46,61.7,0.6859,0
sf,facet,submissiveness,all,all,1.5,58.6,49,64.4,0.8042,0
sf,facet,submissiveness,all,all,1.75,62.3,52.3,67.5,0.8899,0
sf,facet,submissiveness,all,all,2,66,55.9,70.8,0.9447,0
sf,facet,submissiveness,all,all,2.25,69.7,59.4,74.1,0.9753,0
sf,facet,submissiveness,all,all,2.5,73.4,63.4,77.4,0.9903,0
sf,facet,submissiveness,all,all,2.75,77,66.9,81.9,0.9966,1
sf,facet,submissiveness,all,all,3,87.2,70.8,87.2,1,1
sf,facet,submissiveness,f,"[18,35)",0,32.5,32.1,41.8,0.0402,0
sf,facet,submissiveness,f,"[18,35)",0.25,36.3,33.9,46.7,0.0861,0
sf,facet,submissiveness,f,"[18,35)",0.5,40.1,35.3,50,0.1614,0
sf,facet,submissiveness,f,"[18,35)",0.75,43.8,38,53.1,0.2688,0
sf,facet,submissiveness,f,"[18,35)",1,47.7,40.3,56,0.4077,0
sf,facet,submissiveness,f,"[18,35)",1.25,51.4,43,58.9,0.5554,0
sf,facet,submissiveness,f,"[18,35)",1.5,55.2,46.2,61.8,0.697,0
sf,facet,submissiveness,f,"[18,35)",1.75,58.9,49.5,64.9,0.8127,0
sf,facet,submissiveness,f,"[18,35)",2,62.8,53,68.3,0.8996,0
sf,facet,submissiveness,f,"[18,35)",2.25,66.6,56.6,71.7,0.952,0
sf,facet,submissiveness,f,"[18,35)",2.5,70.6,60.6,75.5,0.9803,0
sf,facet,submissiveness,f,"[18,35)",2.75,74.8,64,80.9,0.9934,0
sf,facet,submissiveness,f,"[18,35)",3,87.2,68,87.2,1,1
sf,facet,submissiveness,f,"[35,50)",0,35.1,34.8,43.6,0.0684,0
sf,facet,submissiveness,f,"[35,50)",0.25,38.8,36.2,48.7,0.1322,0
sf,facet,submissiveness,f,"[35,50)",0.5,42.6,37.7,52,0.2295,0
sf,facet,submissiveness,f,"[35,50)",0.75,46.3,40.2,55,0.3568,0
sf,facet,submissiveness,f,"[35,50)",1,50,42.4,58,0.4991,0
sf,facet,submissiveness,f,"[35,50)",1.25,53.7,45.1,60.8,0.6441,0
sf,facet,submissiveness,f,"[35,50)",1.5,57.5,48.2,63.6,0.7732,0
sf,facet,submissiveness,f,"[35,50)",1.75,61.3,51.4,66.7,0.8703,0
sf,facet,submissiveness,f,"[35,50)",2,65,54.9,70,0.9334,0
sf,facet,submissiveness,f,"[35,50)",2.25,68.7,58.4,73.2,0.9694,0
sf,facet,submissiveness,f,"[35,50)",2.5,72.4,62.5,76.9,0.9876,0
sf,facet,submissiveness,f,"[35,50)",2.75,76.6,66,81.8,0.996,1
sf,facet,submissiveness,f,"[35,50)",3,87.2,69.9,87.2,1,1
sf,facet,submissiveness,f,"[50,65)",0,36.8,36.4,45.3,0.0931,0
sf,facet,submissiveness,f,"[50,65)",0.25,40.7,37.8,50.6,0.1749,0
sf,facet,submissiveness,f,"[50,65)",0.5,44.5,39.3,53.9,0.2909,0
sf,facet,submissiveness,f,"[50,65)",0.75,48.4,41.8,57.1,0.4357,0
sf,facet,submissiveness,f,"[50,65)",1,52.2,44,60.1,0.5882,0
sf,facet,submissiveness,f,"[50,65)",1.25,56.1,46.8,62.9,0.7292,0
sf,facet,submissiveness,f,"[50,65)",1.5,60,49.9,65.8,0.8406,0
sf,facet,submissiveness,f,"[50,65)",1.75,63.8,53.2,69,0.916,0
sf,facet,submissiveness,f,"[50,65)",2,67.7,56.9,72.4,0.9615,0
sf,facet,submissiveness,f,"[50,65)",2.25,71.5,60.5,75.7,0.9842,0
sf,facet,submissiveness,f,"[50,65)",2.5,75.3,64.7,79,0.9943,0
sf,facet,submissiveness,f,"[50,65)",2.75,79.5,68.4,82.8,0.9984,1
sf,facet,submissiveness,f,"[50,65)",3,87.2,72.2,87.2,1,1
sf,facet,submissiveness,f,"[65,Inf)",0,38,37.4,46.6,0.1146,0
sf,facet,submissiveness,f,"[65,Inf)",0.25,42,39,52.2,0.2117,0
sf,facet,submissiveness,f,"[65,Inf)",0.5,46.1,40.6,55.6,0.348,0
sf,facet,submissiveness,f,"[65,Inf)",0.75,50.1,43,58.8,0.5038,0
sf,facet,submissiveness,f,"[65,Inf)",1,54.1,45.3,61.9,0.66,0
sf,facet,submissiveness,f,"[65,Inf)",1.25,58.1,48.2,64.8,0.7922,0
sf,facet,submissiveness,f,"[65,Inf)",1.5,62.2,51.3,67.8,0.8886,0
sf,facet,submissiveness,f,"[65,Inf)",1.75,66.2,54.7,71.2,0.9473,0
sf,facet,submissiveness,f,"[65,Inf)",2,70.3,58.5,74.7,0.979,0
sf,facet,submissiveness,f,"[65,Inf)",2.25,74.6,62.1,78,0.9931,0
sf,facet,submissiveness,f,"[65,Inf)",2.5,79.5,66.5,81.5,0.9984,1
sf,facet,submissiveness,f,"[65,Inf)",2.75,87.2,70.4,85.1,1,1
sf,facet,submissiveness,f,"[65,Inf)",3,87.2,74.4,87.2,1,1
sf,facet,submissiveness,m,"[18,35)",0,33.1,32.4,42.4,0.0456,0
sf,facet,submissiveness,m,"[18,35)",0.25,37,34.4,47.4,0.0972,0
sf,facet,submissiveness,m,"[18,35)",0.5,40.9,35.9,50.7,0.1802,0
sf,facet,submissiveness,m,"[18,35)",0.75,44.6,38.6,53.8,0.2933,0
sf,facet,submissiveness,m,"[18,35)",1,48.4,40.8,56.7,0.438,0
sf,facet,submissiveness,m,"[18,35)",1.25,52.3,43.6,59.6,0.59,0
sf,facet,submissiveness,m,"[18,35)",1.5,56,46.8,62.4,0.7256,0
sf,facet,submissiveness,m,"[18,35)",1.75,59.7,50.1,65.5,0.8345,0
sf,facet,submissiveness,m,"[18,35)",2,63.5,53.7,68.9,0.9107,0
sf,facet,submissiveness,m,"[18,35)",2.25,67.4,57.2,72.1,0.9587,0
sf,facet,submissiveness,m,"[18,35)",2.5,71.2,61.2,75.9,0.983,0
sf,facet,submissiveness,m,"[18,35)",2.75,75.1,64.7,81.3,0.994,0
sf,facet,submissiveness,m,"[18,35)",3,87.2,68.7,87.2,1,1
sf,facet,submissiveness,m,"[35,50)",0,34.5,34.1,43.1,0.0607,0
sf,facet,submissiveness,m,"[35,50)",0.25,38.2,35.6,48.2,0.1186,0
sf,facet,submissiveness,m,"[35,50)",0.5,41.9,37.1,51.4,0.2076,0
sf,facet,submissiveness,m,"[35,50)",0.75,45.6,39.6,54.5,0.3313,0
sf,facet,submissiveness,m,"[35,50)",1,49.4,41.8,57.4,0.4745,0
sf,facet,submissiveness,m,"[35,50)",1.25,53,44.6,60.2,0.6196,0
sf,facet,submissiveness,m,"[35,50)",1.5,56.9,47.6,63.1,0.7539,0
sf,facet,submissiveness,m,"[35,50)",1.75,60.6,50.9,66.2,0.8555,0
sf,facet,submissiveness,m,"[35,50)",2,64.4,54.4,69.4,0.9245,0
sf,facet,submissiveness,m,"[35,50)",2.25,68,57.9,72.7,0.9643,0
sf,facet,submissiveness,m,"[35,50)",2.5,71.9,61.9,76.4,0.9857,0
sf,facet,submissiveness,m,"[35,50)",2.75,75.8,65.4,81.4,0.995,1
sf,facet,submissiveness,m,"[35,50)",3,87.2,69.3,87.2,1,1
sf,facet,submissiveness,m,"[50,65)",0,36.4,36.1,45.1,0.0863,0
sf,facet,submissiveness,m,"[50,65)",0.25,40.3,37.5,50.4,0.1662,0
sf,facet,submissiveness,m,"[50,65)",0.5,44.2,39,53.8,0.2822,0
sf,facet,submissiveness,m,"[50,65)",0.75,48.1,41.5,56.9,0.4242,0
sf,facet,submissiveness,m,"[50,65)",1,52,43.8,59.9,0.5793,0
sf,facet,submissiveness,m,"[50,65)",1.25,55.9,46.6,62.9,0.7231,0
sf,facet,submissiveness,m,"[50,65)",1.5,59.8,49.7,65.7,0.8357,0
sf,facet,submissiveness,m,"[50,65)",1.75,63.7,53,69,0.9153,0
sf,facet,submissiveness,m,"[50,65)",2,67.6,56.7,72.4,0.9604,0
sf,facet,submissiveness,m,"[50,65)",2.25,71.5,60.3,75.9,0.9842,0
sf,facet,submissiveness,m,"[50,65)",2.5,75.5,64.6,79.4,0.9946,0
sf,facet,submissiveness,m,"[50,65)",2.75,80.2,68.3,83.1,0.9987,1
sf,facet,submissiveness,m,"[50,65)",3,87.2,72.1,87.2,1,1
sf,facet,submissiveness,m,"[65,Inf)",0,37.6,37.2,46.3,0.1081,0
sf,facet,submissiveness,m,"[65,Inf)",0.25,41.7,38.7,51.8,0.2023,0
sf,facet,submissiveness,m,"[65,Inf)",0.5,45.7,40.3,55.1,0.332,0
sf,facet,submissiveness,m,"[65,Inf)",0.75,49.6,42.7,58.3,0.4848,0
sf,facet,submissiveness,m,"[65,Inf)",1,53.6,45,61.4,0.6416,0
sf,facet,submissiveness,m,"[65,Inf)",1.25,57.5,47.8,64.3,0.7747,0
sf,facet,submissiveness,m,"[65,Inf)",1.5,61.5,50.9,67.3,0.8757,0
sf,facet,submissiveness,m,"[65,Inf)",1.75,65.6,54.3,70.6,0.9406,0
sf,facet,submissiveness,m,"[65,Inf)",2,69.6,58,74,0.9751,0
sf,facet,submissiveness,m,"[65,Inf)",2.25,73.8,61.7,77.4,0.9913,0
sf,facet,submissiveness,m,"[65,Inf)",2.5,77.8,66,81,0.9973,1
sf,facet,submissiveness,m,"[65,Inf)",2.75,87.2,69.9,84.8,1,1
sf,facet,submissiveness,m,"[65,Inf)",3,87.2,73.7,87.2,1,1
sf,facet,suspiciousness,all,all,0,38.7,38.7,49.5,0.1299,0
sf,facet,suspiciousness,all,all,0.25,43.3,39.6,55.3,0.2511,0
sf,facet,suspiciousness,all,all,0.5,47.7,41.3,58.6,0.4084,0
sf,facet,suspiciousness,all,all,0.75,51.9,43.7,61.6,0.5762,0
sf,facet,suspiciousness,all,all,1,56,46.3,64.6,0.727,0
sf,facet,suspiciousness,all,all,1.25,60,48.9,67.5,0.8423,0
sf,facet,suspiciousness,all,all,1.5,63.9,51.3,70,0.9183,0
sf,facet,suspiciousness,all,all,1.75,67.7,54,72.7,0.962,0
sf,facet,suspiciousness,all,all,2,71.4,56.9,75.5,0.9839,0
sf,facet,suspiciousness,all,all,2.25,75,60,78.1,0.9937,0
sf,facet,suspiciousness,all,all,2.5,78.3,63.3,80.3,0.9977,1
sf,facet,suspiciousness,all,all,2.75,81.5,67.1,84.2,0.9992,1
sf,facet,suspiciousness,all,all,3,87.2,72.4,87.2,1,1
sf,facet,suspiciousness,f,"[18,35)",0,37.5,37.3,47.7,0.1065,0
sf,facet,suspiciousness,f,"[18,35)",0.25,41.8,38.4,53.2,0.2057,0
sf,facet,suspiciousness,f,"[18,35)",0.5,45.8,40,56.5,0.3362,0
sf,facet,suspiciousness,f,"[18,35)",0.75,49.7,42.4,59.4,0.4868,0
sf,facet,suspiciousness,f,"[18,35)",1,53.5,44.8,62.2,0.635,0
sf,facet,suspiciousness,f,"[18,35)",1.25,57.2,47.4,65.1,0.7634,0
sf,facet,suspiciousness,f,"[18,35)",1.5,60.9,49.7,67.8,0.8618,0
sf,facet,suspiciousness,f,"[18,35)",1.75,64.6,52.3,70.3,0.928,0
sf,facet,suspiciousness,f,"[18,35)",2,68.3,55.1,72.9,0.9662,0
sf,facet,suspiciousness,f,"[18,35)",2.25,71.9,58,75.6,0.9859,0
sf,facet,suspiciousness,f,"[18,35)",2.5,75.5,61.2,78.5,0.9946,0
sf,facet,suspiciousness,f,"[18,35)",2.75,87.2,64.9,83.4,1,1
sf,facet,suspiciousness,f,"[18,35)",3,87.2,70,87.2,1,1
sf,facet,suspiciousness,f,"[35,50)",0,39.9,39.7,49.5,0.1564,0
sf,facet,suspiciousness,f,"[35,50)",0.25,44.1,40.6,55.4,0.2779,0
sf,facet,suspiciousness,f,"[35,50)",0.5,48.2,42.2,58.7,0.4294,0
sf,facet,suspiciousness,f,"[35,50)",0.75,52.2,44.4,61.7,0.5888,0
sf,facet,suspiciousness,f,"[35,50)",1,56.2,47,64.7,0.7322,0
sf,facet,suspiciousness,f,"[35,50)",1.25,60.1,49.4,67.6,0.8437,0
sf,facet,suspiciousness,f,"[35,50)",1.5,64,51.7,70.2,0.9197,0
sf,facet,suspiciousness,f,"[35,50)",1.75,67.8,54.3,72.9,0.9622,0
sf,facet,suspiciousness,f,"[35,50)",2,71.7,57.1,75.9,0.9848,0
sf,facet,suspiciousness,f,"[35,50)",2.25,75.2,60.1,78.8,0.9941,0
sf,facet,suspiciousness,f,"[35,50)",2.5,78.8,63.3,81.8,0.998,1
sf,facet,suspiciousness,f,"[35,50)",2.75,87.2,67.1,85.6,1,1
sf,facet,suspiciousness,f,"[35,50)",3,87.2,72.1,87.2,1,1
sf,facet,suspiciousness,f,"[50,65)",0,39.6,39.5,50.4,0.1491,0
sf,facet,suspiciousness,f,"[50,65)",0.25,44.3,40.4,56.4,0.2843,0
sf,facet,suspiciousness,f,"[50,65)",0.5,48.8,42.2,59.7,0.453,0
sf,facet,suspiciousness,f,"[50,65)",0.75,53.2,44.5,62.9,0.6239,0
sf,facet,suspiciousness,f,"[50,65)",1,57.4,47.3,66,0.7714,0
sf,facet,suspiciousness,f,"[50,65)",1.25,61.6,49.7,68.9,0.8763,0
sf,facet,suspiciousness,f,"[50,65)",1.5,65.7,52.3,71.6,0.9416,0
sf,facet,suspiciousness,f,"[50,65)",1.75,69.7,54.9,74.7,0.9757,0
sf,facet,suspiciousness,f,"[50,65)",2,73.7,57.8,77.6,0.9911,0
sf,facet,suspiciousness,f,"[50,65)",2.25,77.7,60.9,80.4,0.9972,1
sf,facet,suspiciousness,f,"[50,65)",2.5,81.6,64.1,83.7,0.9992,1
sf,facet,suspiciousness,f,"[50,65)",2.75,87.2,67.9,86.9,1,1
sf,facet,suspiciousness,f,"[50,65)",3,87.2,73.3,87.2,1,1
sf,facet,suspiciousness,f,"[65,Inf)",0,38.1,37.8,50.6,0.1161,0
sf,facet,suspiciousness,f,"[65,Inf)",0.25,43.2,39.2,56.6,0.2477,0
sf,facet,suspiciousness,f,"[65,Inf)",0.5,48.2,41.1,60,0.4274,0
sf,facet,suspiciousness,f,"[65,Inf)",0.75,52.9,43.7,63.4,0.6152,0
sf,facet,suspiciousness,f,"[65,Inf)",1,57.6,46.5,66.6,0.7765,0
sf,facet,suspiciousness,f,"[65,Inf)",1.25,62.1,49.2,69.6,0.8877,0
sf,facet,suspiciousness,f,"[65,Inf)",1.5,66.6,51.8,72.6,0.9514,0
sf,facet,suspiciousness,f,"[65,Inf)",1.75,71.1,54.6,76,0.9826,0
sf,facet,suspiciousness,f,"[65,Inf)",2,75.8,57.6,79.2,0.995,0
sf,facet,suspiciousness,f,"[65,Inf)",2.25,87.2,60.8,82.5,1,1
sf,facet,suspiciousness,f,"[65,Inf)",2.5,87.2,63.9,86.2,1,1
sf,facet,suspiciousness,f,"[65,Inf)",2.75,87.2,67.8,87.2,1,1
sf,facet,suspiciousness,f,"[65,Inf)",3,87.2,72.5,87.2,1,1
sf,facet,suspiciousness,m,"[18,35)",0,38.1,37.8,48.4,0.1174,0
sf,facet,suspiciousness,m,"[18,35)",0.25,42.4,38.9,54.1,0.223,0
sf,facet,suspiciousness,m,"[18,35)",0.5,46.5,40.6,57.3,0.3637,0
sf,facet,suspiciousness,m,"[18,35)",0.75,50.6,43,60.1,0.5228,0
sf,facet,suspiciousness,m,"[18,35)",1,54.5,45.4,62.9,0.6731,0
sf,facet,suspiciousness,m,"[18,35)",1.25,58.3,48,65.6,0.7965,0
sf,facet,suspiciousness,m,"[18,35)",1.5,61.9,50.3,68,0.8834,0
sf,facet,suspiciousness,m,"[18,35)",1.75,65.4,53,70.4,0.9384,0
sf,facet,suspiciousness,m,"[18,35)",2,68.5,55.8,72.9,0.968,0
sf,facet,suspiciousness,m,"[18,35)",2.25,71.8,58.8,75.1,0.9854,0
sf,facet,suspiciousness,m,"[18,35)",2.5,75.1,62,77.6,0.994,0
sf,facet,suspiciousness,m,"[18,35)",2.75,76.8,65.7,84.2,0.9964,1
sf,facet,suspiciousness,m,"[18,35)",3,87.2,70.9,87.1,1,1
sf,facet,suspiciousness,m,"[35,50)",0,39,38.8,49,0.1358,0
sf,facet,suspiciousness,m,"[35,50)",0.25,43.3,39.7,54.6,0.2499,0
sf,facet,suspiciousness,m,"[35,50)",0.5,47.4,41.4,57.9,0.3967,0
sf,facet,suspiciousness,m,"[35,50)",0.75,51.4,43.7,60.9,0.5555,0
sf,facet,suspiciousness,m,"[35,50)",1,55.3,46.2,63.8,0.7011,0
sf,facet,suspiciousness,m,"[35,50)",1.25,59.1,48.7,66.7,0.819,0
sf,facet,suspiciousness,m,"[35,50)",1.5,62.9,51.1,69.4,0.9013,0
sf,facet,suspiciousness,m,"[35,50)",1.75,66.6,53.7,72,0.9514,0
sf,facet,suspiciousness,m,"[35,50)",2,70.4,56.4,74.9,0.9793,0
sf,facet,suspiciousness,m,"[35,50)",2.25,74.2,59.4,77.7,0.9921,0
sf,facet,suspiciousness,m,"[35,50)",2.5,78.5,62.6,80.4,0.9978,1
sf,facet,suspiciousness,m,"[35,50)",2.75,87.2,66.3,84.7,1,1
sf,facet,suspiciousness,m,"[35,50)",3,87.2,71.3,87.2,1,1
sf,facet,suspiciousness,m,"[50,65)",0,39.4,39.1,50.2,0.145,0
sf,facet,suspiciousness,m,"[50,65)",0.25,44.1,40.2,56.1,0.2763,0
sf,facet,suspiciousness,m,"[50,65)",0.5,48.5,42,59.5,0.4402,0
sf,facet,suspiciousness,m,"[50,65)",0.75,52.8,44.3,62.6,0.6121,0
sf,facet,suspiciousness,m,"[50,65)",1,57.1,47,65.7,0.7599,0
sf,facet,suspiciousness,m,"[50,65)",1.25,61.2,49.5,68.6,0.8686,0
sf,facet,suspiciousness,m,"[50,65)",1.5,65.3,52,71.2,0.9364,0
sf,facet,suspiciousness,m,"[50,65)",1.75,69.3,54.7,74.3,0.9733,0
sf,facet,suspiciousness,m,"[50,65)",2,73.1,57.6,77.5,0.9896,0
sf,facet,suspiciousness,m,"[50,65)",2.25,77.1,60.7,80.4,0.9967,1
sf,facet,suspiciousness,m,"[50,65)",2.5,81.5,63.9,83.7,0.9992,1
sf,facet,suspiciousness,m,"[50,65)",2.75,87.2,67.7,86.8,1,1
sf,facet,suspiciousness,m,"[50,65)",3,87.2,72.7,87.2,1,1
sf,facet,suspiciousness,m,"[65,Inf)",0,37.6,37.3,49.6,0.1072,0
sf,facet,suspiciousness,m,"[65,Inf)",0.25,42.5,38.7,55.6,0.2257,0
sf,facet,suspiciousness,m,"[65,Inf)",0.5,47.2,40.5,59.1,0.389,0
sf,facet,suspiciousness,m,"[65,Inf)",0.75,51.7,43.2,62.3,0.5693,0
sf,facet,suspiciousness,m,"[65,Inf)",1,56.3,45.8,65.6,0.7346,0
sf,facet,suspiciousness,m,"[65,Inf)",1.25,60.7,48.5,68.6,0.8573,0
sf,facet,suspiciousness,m,"[65,Inf)",1.5,65.2,51.1,71.4,0.9353,0
sf,facet,suspiciousness,m,"[65,Inf)",1.75,69.5,53.8,74.5,0.9744,0
sf,facet,suspiciousness,m,"[65,Inf)",2,73.9,56.7,77.4,0.9916,0
sf,facet,suspiciousness,m,"[65,Inf)",2.25,78.4,59.9,80.5,0.9977,1
sf,facet,suspiciousness,m,"[65,Inf)",2.5,87.2,63.2,84.3,1,1
sf,facet,suspiciousness,m,"[65,Inf)",2.75,87.2,67.1,87.1,1,1
sf,facet,suspiciousness,m,"[65,Inf)",3,87.2,72.6,87.2,1,1
sf,facet,unusual_beliefs,all,all,0,44.4,44.3,53.1,0.2869,0
sf,facet,unusual_beliefs,all,all,0.25,48.6,45.1,59.7,0.4444,0
sf,facet,unusual_beliefs,all,all,0.5,52.7,46.7,62.8,0.6062,0
sf,facet,unusual_beliefs,all,all,0.75,56.6,47.9,65.6,0.7466,0
sf,facet,unusual_beliefs,all,all,1,60.5,50,68.4,0.8525,0
sf,facet,unusual_beliefs,all,all,1.25,64.2,51.8,70.9,0.9226,0
sf,facet,unusual_beliefs,all,all,1.5,67.9,53.7,73.1,0.9635,0
sf,facet,unusual_beliefs,all,all,1.75,71.6,55.9,75.8,0.9844,0
sf,facet,unusual_beliefs,all,all,2,75.1,58.1,78.5,0.9939,0
sf,facet,unusual_beliefs,all,all,2.25,78.7,60.6,80.9,0.998,1
sf,facet,unusual_beliefs,all,all,2.5,82.3,63.4,83.7,0.9994,1
sf,facet,unusual_beliefs,all,all,2.75,86.8,66.7,86.6,0.9999,1
sf,facet,unusual_beliefs,all,all,3,87.2,71.4,87.2,1,1
sf,facet,unusual_beliefs,f,"[18,35)",0,44.4,44.1,52.8,0.2885,0
sf,facet,unusual_beliefs,f,"[18,35)",0.25,48.6,45.1,58.9,0.4455,0
sf,facet,unusual_beliefs,f,"[18,35)",0.5,52.5,46.7,61.9,0.5999,0
sf,facet,unusual_beliefs,f,"[18,35)",0.75,56.1,47.9,64.6,0.7304,0
sf,facet,unusual_beliefs,f,"[18,35)",1,59.6,49.9,67.3,0.8322,0
sf,facet,unusual_beliefs,f,"[18,35)",1.25,63.1,51.7,69.9,0.9041,0
sf,facet,unusual_beliefs,f,"[18,35)",1.5,66.4,53.7,72.2,0.95,0
sf,facet,unusual_beliefs,f,"[18,35)",1.75,69.8,55.8,74.8,0.9761,0
sf,facet,unusual_beliefs,f,"[18,35)",2,73.3,58,77.7,0.9902,0
sf,facet,unusual_beliefs,f,"[18,35)",2.25,77.2,60.4,80.5,0.9967,1
sf,facet,unusual_beliefs,f,"[18,35)",2.5,87.2,63.1,83.8,1,1
sf,facet,unusual_beliefs,f,"[18,35)",2.75,87.2,66.2,87.2,1,1
sf,facet,unusual_beliefs,f,"[18,35)",3,87.2,70.3,87.2,1,1
sf,facet,unusual_beliefs,f,"[35,50)",0,44.5,44.3,53.2,0.292,0
sf,facet,unusual_beliefs,f,"[35,50)",0.25,48.7,45.2,59.8,0.4492,0
sf,facet,unusual_beliefs,f,"[35,50)",0.5,52.8,46.8,62.9,0.6097,0
sf,facet,unusual_beliefs,f,"[35,50)",0.75,56.7,48,65.7,0.7491,0
sf,facet,unusual_beliefs,f,"[35,50)",1,60.6,50.1,68.5,0.8547,0
sf,facet,unusual_beliefs,f,"[35,50)",1.25,64.3,51.8,70.9,0.9242,0
sf,facet,unusual_beliefs,f,"[35,50)",1.5,68.1,53.8,73.1,0.965,0
sf,facet,unusual_beliefs,f,"[35,50)",1.75,71.7,55.9,75.6,0.9848,0
sf,facet,unusual_beliefs,f,"[35,50)",2,75.2,58.1,78,0.9941,0
sf,facet,unusual_beliefs,f,"[35,50)",2.25,78.8,60.7,80.2,0.998,1
sf,facet,unusual_beliefs,f,"[35,50)",2.5,87.2,63.5,83.2,1,1
sf,facet,unusual_beliefs,f,"[35,50)",2.75,87.2,66.9,86.5,1,1
sf,facet,unusual_beliefs,f,"[35,50)",3,87.2,72.2,87.2,1,1
sf,facet,unusual_beliefs,f,"[50,65)",0,44.3,44.1,53.2,0.2844,0
sf,facet,unusual_beliefs,f,"[50,65)",0.25,48.6,45,59.7,0.4454,0
sf,facet,unusual_beliefs,f,"[50,65)",0.5,52.7,46.6,62.9,0.6071,0
sf,facet,unusual_beliefs,f,"[50,65)",0.75,56.7,47.9,65.8,0.7483,0
sf,facet,unusual_beliefs,f,"[50,65)",1,60.6,50,68.7,0.855,0
sf,facet,unusual_beliefs,f,"[50,65)",1.25,64.4,51.8,71.3,0.92490000000000006,0
sf,facet,unusual_beliefs,f,"[50,65)",1.5,68.3,53.7,73.6,0.9663,0
sf,facet,unusual_beliefs,f,"[50,65)",1.75,72.1,55.9,76.3,0.9866,0
sf,facet,unusual_beliefs,f,"[50,65)",2,75.8,58.1,79,0.9951,1
sf,facet,unusual_beliefs,f,"[50,65)",2.25,80.3,60.6,81.7,0.9988,1
sf,facet,unusual_beliefs,f,"[50,65)",2.5,87.2,63.3,84.9,1,1
sf,facet,unusual_beliefs,f,"[50,65)",2.75,87.2,66.5,86.9,1,1
sf,facet,unusual_beliefs,f,"[50,65)",3,87.2,71.1,87.2,1,1
sf,facet,unusual_beliefs,f,"[65,Inf)",0,42.6,42.3,52.6,0.2299,0
sf,facet,unusual_beliefs,f,"[65,Inf)",0.25,47.1,43.6,59.2,0.3848,0
sf,facet,unusual_beliefs,f,"[65,Inf)",0.5,51.4,45.2,62.5,0.5557,0
sf,facet,unusual_beliefs,f,"[65,Inf)",0.75,55.7,46.6,65.4,0.7153,0
sf,facet,unusual_beliefs,f,"[65,Inf)",1,59.8,48.9,68.4,0.8369,0
sf,facet,unusual_beliefs,f,"[65,Inf)",1.25,63.9,50.6,71,0.9179,0
sf,facet,unusual_beliefs,f,"[65,Inf)",1.5,68,52.7,73.5,0.964,0
sf,facet,unusual_beliefs,f,"[65,Inf)",1.75,72.1,54.9,76.3,0.9863,0
sf,facet,unusual_beliefs,f,"[65,Inf)",2,75.9,57.2,79.1,0.9952,1
sf,facet,unusual_beliefs,f,"[65,Inf)",2.25,80.8,59.7,82.3,0.9989,1
sf,facet,unusual_beliefs,f,"[65,Inf)",2.5,87.2,62.5,86,1,1
sf,facet,unusual_beliefs,f,"[65,Inf)",2.75,87.2,65.7,87.2,1,1
sf,facet,unusual_beliefs,f,"[65,Inf)",3,87.2,69.8,87.2,1,1
sf,facet,unusual_beliefs,m,"[18,35)",0,44.3,43.9,52.6,0.2837,0
sf,facet,unusual_beliefs,m,"[18,35)",0.25,48.4,45,59.1,0.4367,0
sf,facet,unusual_beliefs,m,"[18,35)",0.5,52.2,46.5,62.2,0.5887,0
sf,facet,unusual_beliefs,m,"[18,35)",0.75,56,47.7,64.7,0.7253,0
sf,facet,unusual_beliefs,m,"[18,35)",1,59.7,49.8,67.3,0.8345,0
sf,facet,unusual_beliefs,m,"[18,35)",1.25,63.3,51.5,69.7,0.9087,0
sf,facet,unusual_beliefs,m,"[18,35)",1.5,66.7,53.4,72,0.9523,0
sf,facet,unusual_beliefs,m,"[18,35)",1.75,69.9,55.5,74.5,0.9766,0
sf,facet,unusual_beliefs,m,"[18,35)",2,72.9,57.8,77.4,0.9891,0
sf,facet,unusual_beliefs,m,"[18,35)",2.25,76.8,60.3,80.4,0.9964,1
sf,facet,unusual_beliefs,m,"[18,35)",2.5,87.2,63.2,84.4,1,1
sf,facet,unusual_beliefs,m,"[18,35)",2.75,87.2,66.5,87.2,1,1
sf,facet,unusual_beliefs,m,"[18,35)",3,87.2,70.6,87.2,1,1
sf,facet,unusual_beliefs,m,"[35,50)",0,45.3,45,53.4,0.3208,0
sf,facet,unusual_beliefs,m,"[35,50)",0.25,49.5,46,60,0.4789,0
sf,facet,unusual_beliefs,m,"[35,50)",0.5,53.4,47.5,63.2,0.6332,0
sf,facet,unusual_beliefs,m,"[35,50)",0.75,57.2,48.7,66,0.7634,0
sf,facet,unusual_beliefs,m,"[35,50)",1,60.9,50.7,68.8,0.8616,0
sf,facet,unusual_beliefs,m,"[35,50)",1.25,64.6,52.4,71.4,0.9278,0
sf,facet,unusual_beliefs,m,"[35,50)",1.5,68.4,54.3,73.8,0.9671,0
sf,facet,unusual_beliefs,m,"[35,50)",1.75,72.1,56.4,76.5,0.9864,0
sf,facet,unusual_beliefs,m,"[35,50)",2,76.3,58.6,79.2,0.9957,1
sf,facet,unusual_beliefs,m,"[35,50)",2.25,79.9,61,82.3,0.9986,1
sf,facet,unusual_beliefs,m,"[35,50)",2.5,87.2,63.7,85.2,1,1
sf,facet,unusual_beliefs,m,"[35,50)",2.75,87.2,66.7,87.2,1,1
sf,facet,unusual_beliefs,m,"[35,50)",3,87.2,71,87.2,1,1
sf,facet,unusual_beliefs,m,"[50,65)",0,45.6,45.3,54.1,0.3294,0
sf,facet,unusual_beliefs,m,"[50,65)",0.25,49.9,46.2,60.9,0.4963,0
sf,facet,unusual_beliefs,m,"[50,65)",0.5,54.1,47.8,64,0.6585,0
sf,facet,unusual_beliefs,m,"[50,65)",0.75,58.1,49,67,0.7908,0
sf,facet,unusual_beliefs,m,"[50,65)",1,62.1,51,69.8,0.886,0
sf,facet,unusual_beliefs,m,"[50,65)",1.25,66,52.8,72.3,0.9453,0
sf,facet,unusual_beliefs,m,"[50,65)",1.5,69.8,54.8,74.8,0.976,0
sf,facet,unusual_beliefs,m,"[50,65)",1.75,73.7,56.9,77.7,0.9912,0
sf,facet,unusual_beliefs,m,"[50,65)",2,77.1,59.1,80.3,0.9967,1
sf,facet,unusual_beliefs,m,"[50,65)",2.25,81.5,61.5,83.5,0.9992,1
sf,facet,unusual_beliefs,m,"[50,65)",2.5,87.2,64.2,86.7,1,1
sf,facet,unusual_beliefs,m,"[50,65)",2.75,87.2,67.3,87.2,1,1
sf,facet,unusual_beliefs,m,"[50,65)",3,87.2,71.2,87.2,1,1
sf,facet,unusual_beliefs,m,"[65,Inf)",0,44.1,43.8,53.1,0.276,0
sf,facet,unusual_beliefs,m,"[65,Inf)",0.25,48.3,44.8,59.8,0.4327,0
sf,facet,unusual_beliefs,m,"[65,Inf)",0.5,52.5,46.4,62.9,0.6003,0
sf,facet,unusual_beliefs,m,"[65,Inf)",0.75,56.7,47.7,65.7,0.7487,0
sf,facet,unusual_beliefs,m,"[65,Inf)",1,60.7,49.8,68.5,0.8568,0
sf,facet,unusual_beliefs,m,"[65,Inf)",1.25,64.5,51.6,71.1,0.9265,0
sf,facet,unusual_beliefs,m,"[65,Inf)",1.5,68.4,53.6,73.5,0.9668,0
sf,facet,unusual_beliefs,m,"[65,Inf)",1.75,71.9,55.7,76.1,0.9857,0
sf,facet,unusual_beliefs,m,"[65,Inf)",2,75.8,58,78.7,0.995,1
sf,facet,unusual_beliefs,m,"[65,Inf)",2.25,80,60.6,81.7,0.9986,1
sf,facet,unusual_beliefs,m,"[65,Inf)",2.5,87.2,63.4,84.8,1,1
sf,facet,unusual_beliefs,m,"[65,Inf)",2.75,87.2,66.6,87.2,1,1
sf,facet,unusual_beliefs,m,"[65,Inf)",3,87.2,71.3,87.2,1,1
sf,facet,withdrawal,all,all,0,38.3,38.2,48.3,0.1213,0
sf,facet,withdrawal,all,all,0.25,43.1,39.7,53.8,0.2452,0
sf,facet,withdrawal,all,all,0.5,47.2,41.2,57.1,0.3903,0
sf,facet,withdrawal,all,all,0.75,51,43.1,60,0.5402,0
sf,facet,withdrawal,all,all,1,54.7,45.7,63,0.6825,0
sf,facet,withdrawal,all,all,1.25,58.5,48.3,65.9,0.8029,0
sf,facet,withdrawal,all,all,1.5,62.3,50.9,68.7,0.8903,0
sf,facet,withdrawal,all,all,1.75,66,53.8,71.5,0.9455,0
sf,facet,withdrawal,all,all,2,69.9,56.9,74.7,0.9766,0
sf,facet,withdrawal,all,all,2.25,73.8,60.1,77.8,0.9914,0
sf,facet,withdrawal,all,all,2.5,77.9,63.5,80.2,0.9973,1
sf,facet,withdrawal,all,all,2.75,81.7,67,83.9,0.9992,1
sf,facet,withdrawal,all,all,3,87.2,72.3,87.2,1,1
sf,facet,withdrawal,f,"[18,35)",0,39,38.7,47.9,0.1359,0
sf,facet,withdrawal,f,"[18,35)",0.25,43.4,40.1,53.2,0.2538,0
sf,facet,withdrawal,f,"[18,35)",0.5,47.2,41.6,56.4,0.3899,0
sf,facet,withdrawal,f,"[18,35)",0.75,50.7,43.4,59.5,0.5292,0
sf,facet,withdrawal,f,"[18,35)",1,54.1,45.8,62.4,0.6579,0
sf,facet,withdrawal,f,"[18,35)",1.25,57.6,48.3,65.2,0.7761,0
sf,facet,withdrawal,f,"[18,35)",1.5,61.4,50.8,67.8,0.8736,0
sf,facet,withdrawal,f,"[18,35)",1.75,65.1,53.5,70.5,0.9347,0
sf,facet,withdrawal,f,"[18,35)",2,68.7,56.4,73.8,0.9695,0
sf,facet,withdrawal,f,"[18,35)",2.25,72.6,59.6,77.4,0.988,0
sf,facet,withdrawal,f,"[18,35)",2.5,77.2,62.9,81,0.9967,1
sf,facet,withdrawal,f,"[18,35)",2.75,87.2,66.3,85,1,1
sf,facet,withdrawal,f,"[18,35)",3,87.2,71.2,87.2,1,1
sf,facet,withdrawal,f,"[35,50)",0,39.8,39.6,49.4,0.154,0
sf,facet,withdrawal,f,"[35,50)",0.25,44.6,41,55.3,0.2961,0
sf,facet,withdrawal,f,"[35,50)",0.5,48.7,42.6,58.5,0.4488,0
sf,facet,withdrawal,f,"[35,50)",0.75,52.6,44.4,61.5,0.6021,0
sf,facet,withdrawal,f,"[35,50)",1,56.5,47,64.4,0.7418,0
sf,facet,withdrawal,f,"[35,50)",1.25,60.4,49.5,67,0.8499,0
sf,facet,withdrawal,f,"[35,50)",1.5,64.1,52.2,69.5,0.9204,0
sf,facet,withdrawal,f,"[35,50)",1.75,67.6,55,72.2,0.9612,0
sf,facet,withdrawal,f,"[35,50)",2,71.2,58,75,0.9829,0
sf,facet,withdrawal,f,"[35,50)",2.25,74.5,61.5,77.5,0.9928,0
sf,facet,withdrawal,f,"[35,50)",2.5,77.2,65,80,0.9967,1
sf,facet,withdrawal,f,"[35,50)",2.75,80.1,68.5,83.9,0.9987,1
sf,facet,withdrawal,f,"[35,50)",3,87.2,74.1,87.2,1,1
sf,facet,withdrawal,f,"[50,65)",0,39.2,39,49.7,0.1396,0
sf,facet,withdrawal,f,"[50,65)",0.25,44.3,40.7,55.1,0.2847,0
sf,facet,withdrawal,f,"[50,65)",0.5,48.8,42.2,58.1,0.451,0
sf,facet,withdrawal,f,"[50,65)",0.75,52.8,44.1,61,0.6098,0
sf,facet,withdrawal,f,"[50,65)",1,56.5,46.8,63.9,0.7408,0
sf,facet,withdrawal,f,"[50,65)",1.25,60,49.4,66.8,0.8406,0
sf,facet,withdrawal,f,"[50,65)",1.5,63.5,52.2,69.7,0.912,0
sf,facet,withdrawal,f,"[50,65)",1.75,67.1,55.1,72.7,0.9566,0
sf,facet,withdrawal,f,"[50,65)",2,71,58.2,76.2,0.9821,0
sf,facet,withdrawal,f,"[50,65)",2.25,75.3,61.4,79.6,0.9943,0
sf,facet,withdrawal,f,"[50,65)",2.5,80.3,64.7,82.9,0.9988,1
sf,facet,withdrawal,f,"[50,65)",2.75,87.2,68,86.8,1,1
sf,facet,withdrawal,f,"[50,65)",3,87.2,72.5,87.2,1,1
sf,facet,withdrawal,f,"[65,Inf)",0,37.5,37.1,49.3,0.1063,0
sf,facet,withdrawal,f,"[65,Inf)",0.25,43,39.6,54.8,0.2427,0
sf,facet,withdrawal,f,"[65,Inf)",0.5,47.7,40.9,58.1,0.4101,0
sf,facet,withdrawal,f,"[65,Inf)",0.75,51.9,43,61.2,0.5771,0
sf,facet,withdrawal,f,"[65,Inf)",1,56,45.9,64.2,0.7244,0
sf,facet,withdrawal,f,"[65,Inf)",1.25,60,48.6,66.9,0.8415,0
sf,facet,withdrawal,f,"[65,Inf)",1.5,63.8,51.5,70,0.9166,0
sf,facet,withdrawal,f,"[65,Inf)",1.75,67.5,54.4,73.5,0.9602,0
sf,facet,withdrawal,f,"[65,Inf)",2,71.8,57.7,77.4,0.9853,0
sf,facet,withdrawal,f,"[65,Inf)",2.25,77.2,61.2,80.7,0.9968,1
sf,facet,withdrawal,f,"[65,Inf)",2.5,87.2,64.7,84.2,1,1
sf,facet,withdrawal,f,"[65,Inf)",2.75,87.2,68,86.6,1,1
sf,facet,withdrawal,f,"[65,Inf)",3,87.2,72.4,87.2,1,1
sf,facet,withdrawal,m,"[18,35)",0,38.3,38,46.8,0.1208,0
sf,facet,withdrawal,m,"[18,35)",0.25,42.4,39.3,52.4,0.2239,0
sf,facet,withdrawal,m,"[18,35)",0.5,45.9,40.7,55.8,0.3412,0
sf,facet,withdrawal,m,"[18,35)",0.75,49.3,42.6,58.9,0.4733,0
sf,facet,withdrawal,m,"[18,35)",1,53,44.9,61.8,0.6165,0
sf,facet,withdrawal,m,"[18,35)",1.25,56.7,47.3,64.6,0.7489,0
sf,facet,withdrawal,m,"[18,35)",1.5,60.6,49.8,67.2,0.8559,0
sf,facet,withdrawal,m,"[18,35)",1.75,64.5,52.5,69.9,0.9259,0
sf,facet,withdrawal,m,"[18,35)",2,68.1,55.5,72.9,0.9648,0
sf,facet,withdrawal,m,"[18,35)",2.25,71.8,58.8,75.7,0.9854,0
sf,facet,withdrawal,m,"[18,35)",2.5,75.1,62.1,78.4,0.994,0
sf,facet,withdrawal,m,"[18,35)",2.75,87.2,65.7,82.8,1,1
sf,facet,withdrawal,m,"[18,35)",3,87.2,71.4,87.2,1,1
sf,facet,withdrawal,m,"[35,50)",0,37.8,37.5,47.2,0.1121,0
sf,facet,withdrawal,m,"[35,50)",0.25,42.3,39.1,52.6,0.2211,0
sf,facet,withdrawal,m,"[35,50)",0.5,46.2,40.5,55.7,0.3523,0
sf,facet,withdrawal,m,"[35,50)",0.75,49.7,42.4,58.5,0.4888,0
sf,facet,withdrawal,m,"[35,50)",1,53.2,44.9,61.3,0.6273,0
sf,facet,withdrawal,m,"[35,50)",1.25,56.8,47.4,64.1,0.751,0
sf,facet,withdrawal,m,"[35,50)",1.5,60.2,50,67,0.8462,0
sf,facet,withdrawal,m,"[35,50)",1.75,63.7,52.7,70.1,0.9149,0
sf,facet,withdrawal,m,"[35,50)",2,67.5,55.8,73.3,0.9599,0
sf,facet,withdrawal,m,"[35,50)",2.25,71.9,59,76.6,0.9857,0
sf,facet,withdrawal,m,"[35,50)",2.5,76.3,62.1,79.2,0.9957,1
sf,facet,withdrawal,m,"[35,50)",2.75,87.2,65.2,83.4,1,1
sf,facet,withdrawal,m,"[35,50)",3,87.2,70.3,87.2,1,1
sf,facet,withdrawal,m,"[50,65)",0,38.1,37.9,48.1,0.1169,0
sf,facet,withdrawal,m,"[50,65)",0.25,42.9,39.5,53.6,0.2382,0
sf,facet,withdrawal,m,"[50,65)",0.5,46.9,40.9,57,0.3799,0
sf,facet,withdrawal,m,"[50,65)",0.75,50.7,42.9,60.1,0.5285,0
sf,facet,withdrawal,m,"[50,65)",1,54.5,45.5,63.4,0.6727,0
sf,facet,withdrawal,m,"[50,65)",1.25,58.3,48.1,66.6,0.7978,0
sf,facet,withdrawal,m,"[50,65)",1.5,62.4,50.8,69.7,0.8924,0
sf,facet,withdrawal,m,"[50,65)",1.75,66.7,53.6,73,0.9525,0
sf,facet,withdrawal,m,"[50,65)",2,71.4,56.7,76.8,0.9837,0
sf,facet,withdrawal,m,"[50,65)",2.25,76.4,59.9,79.8,0.9959,1
sf,facet,withdrawal,m,"[50,65)",2.5,81.5,63.3,83.6,0.9992,1
sf,facet,withdrawal,m,"[50,65)",2.75,87.2,66.8,87,1,1
sf,facet,withdrawal,m,"[50,65)",3,87.2,71.7,87.2,1,1
sf,facet,withdrawal,m,"[65,Inf)",0,36.4,36.1,47.6,0.0871,0
sf,facet,withdrawal,m,"[65,Inf)",0.25,41.6,38.4,53.4,0.1993,0
sf,facet,withdrawal,m,"[65,Inf)",0.5,45.8,39.6,57,0.3372,0
sf,facet,withdrawal,m,"[65,Inf)",0.75,49.8,41.9,60,0.4919,0
sf,facet,withdrawal,m,"[65,Inf)",1,54,44.5,63.1,0.656,0
sf,facet,withdrawal,m,"[65,Inf)",1.25,58.3,47.2,66,0.7977,0
sf,facet,withdrawal,m,"[65,Inf)",1.5,62.4,49.9,68.8,0.8921,0
sf,facet,withdrawal,m,"[65,Inf)",1.75,66.4,52.9,71.7,0.9496,0
sf,facet,withdrawal,m,"[65,Inf)",2,70.6,56.1,74.7,0.9802,0
sf,facet,withdrawal,m,"[65,Inf)",2.25,74.3,59.7,77.5,0.9925,0
sf,facet,withdrawal,m,"[65,Inf)",2.5,77.8,63.4,80.4,0.9973,1
sf,facet,withdrawal,m,"[65,Inf)",2.75,80,67.1,84.2,0.9986,1
sf,facet,withdrawal,m,"[65,Inf)",3,87.2,72.9,87.2,1,1
sf,total,total,all,all,0,19.8,21.4,23,0.0013,1
sf,total,total,all,all,0.01,20.7,21.5,24,0.0017,1
sf,total,total,all,all,0.02,21.4,21.6,24.9,0.0021,1
sf,total,total,all,all,0.03,22.2,21.7,25.9,0.0027,1
sf,total,total,all,all,0.04,22.9,21.8,26.8,0.0034,1
sf,total,total,all,all,0.05,23.7,21.9,27.8,0.0043,1
sf,total,total,all,all,0.06,24.4,22.4,28.4,0.0052,0
sf,total,total,all,all,0.07,25.1,22.9,29.1,0.0064,0
sf,total,total,all,all,0.08,25.8,23.5,29.7,0.0078,0
sf,total,total,all,all,0.09,26.4,24,30.4,0.0092,0
sf,total,total,all,all,0.1,27,24.5,31,0.0108,0
sf,total,total,all,all,0.11,27.6,25,31.5,0.0126,0
sf,total,total,all,all,0.12,28.2,25.5,32,0.0146,0
sf,total,total,all,all,0.13,28.7,26.1,32.6,0.0168,0
sf,total,total,all,all,0.14,29.3,26.6,33.1,0.0192,0
sf,total,total,all,all,0.15,29.8,27.1,33.6,0.0217,0
sf,total,total,all,all,0.16,30.3,27.6,34,0.0245,0
sf,total,total,all,all,0.17,30.8,28,34.5,0.0275,0
sf,total,total,all,all,0.18,31.3,28.5,34.9,0.0305,0
sf,total,total,all,all,0.19,31.7,28.9,35.4,0.0339,0
sf,total,total,all,all,0.2,32.2,29.4,35.8,0.0376,0
sf,total,total,all,all,0.21,32.6,29.8,36.2,0.0414,0
sf,total,total,all,all,0.22,33.1,30.2,36.6,0.0454,0
sf,total,total,all,all,0.23,33.5,30.7,37.1,0.0497,0
sf,total,total,all,all,0.24,34,31.1,37.5,0.0543,0
sf,total,total,all,all,0.25,34.4,31.5,37.9,0.0588,0
sf,total,total,all,all,0.26,34.8,31.9,38.3,0.0639,0
sf,total,total,all,all,0.27,35.2,32.3,38.7,0.0689,0
sf,total,total,all,all,0.28,35.5,32.6,39,0.0741,0
sf,total,total,all,all,0.29,35.9,33,39.4,0.0798,0
sf,total,total,all,all,0.3,36.3,33.4,39.8,0.0856,0
sf,total,total,all,all,0.31,36.7,33.8,40.2,0.0918,0
sf,total,total,all,all,0.32,37.1,34.1,40.5,0.0981,0
sf,total,total,all,all,0.33,37.4,34.5,40.9,0.1046,0
sf,total,total,all,all,0.34,37.8,34.8,41.2,0.1114,0
sf,total,total,all,all,0.35,38.2,35.2,41.6,0.1184,0
sf,total,total,all,all,0.36,38.5,35.5,41.9,0.1256,0
sf,total,total,all,all,0.37,38.9,35.9,42.3,0.1331,0
sf,total,total,all,all,0.38,39.2,36.2,42.6,0.1407,0
sf,total,total,all,all,0.39,39.6,36.6,43,0.1487,0
sf,total,total,all,all,0.4,39.9,36.9,43.3,0.1568,0
sf,total,total,all,all,0.41,40.3,37.2,43.6,0.1655,0
sf,total,total,all,all,0.42,40.6,37.5,43.9,0.1739,0
sf,total,total,all,all,0.43,41,37.9,44.3,0.1828,0
sf,total,total,all,all,0.44,41.3,38.2,44.6,0.1919,0
sf,total,total,all,all,0.45,41.6,38.5,44.9,0.2012,0
sf,total,total,all,all,0.46,42,38.8,45.2,0.2107,0
sf,total,total,all,all,0.47,42.3,39.1,45.5,0.2205,0
sf,total,total,all,all,0.48,42.6,39.5,45.9,0.2304,0
sf,total,total,all,all,0.49,43,39.8,46.2,0.2405,0
sf,total,total,all,all,0.5,43.3,40.1,46.5,0.2508,0
sf,total,total,all,all,0.51,43.6,40.4,46.8,0.2611,0
sf,total,total,all,all,0.52,43.9,40.7,47.1,0.2716,0
sf,total,total,all,all,0.53,44.2,41,47.4,0.2824,0
sf,total,total,all,all,0.54,44.6,41.3,47.7,0.2931,0
sf,total,total,all,all,0.55,44.9,41.6,48,0.3043,0
sf,total,total,all,all,0.56,45.2,41.9,48.3,0.3152,0
sf,total,total,all,all,0.57,45.5,42.2,48.6,0.3266,0
sf,total,total,all,all,0.58,45.8,42.5,48.9,0.3379,0
sf,total,total,all,all,0.59,46.1,42.8,49.2,0.3493,0
sf,total,total,all,all,0.6,46.4,43.1,49.5,0.3605,0
sf,total,total,all,all,0.61,46.7,43.4,49.8,0.3722,0
sf,total,total,all,all,0.62,47,43.7,50.1,0.3834,0
sf,total,total,all,all,0.63,47.3,44,50.4,0.3953,0
sf,total,total,all,all,0.64,47.6,44.3,50.7,0.4066,0
sf,total,total,all,all,0.65,47.9,44.6,51,0.4179,0
sf,total,total,all,all,0.66,48.2,44.9,51.3,0.4295,0
sf,total,total,all,all,0.67,48.5,45.2,51.6,0.441,0
sf,total,total,all,all,0.68,48.8,45.4,51.8,0.4525,0
sf,total,total,all,all,0.69,49.1,45.7,52.1,0.4637,0
sf,total,total,all,all,0.7,49.4,46,52.4,0.4752,0
sf,total,total,all,all,0.71,49.7,46.3,52.7,0.4868,0
sf,total,total,all,all,0.72,50,46.6,53,0.4982,0
sf,total,total,all,all,0.73,50.2,46.8,53.3,0.5098,0
sf,total,total,all,all,0.74,50.5,47.1,53.6,0.5211,0
sf,total,total,all,all,0.75,50.8,47.4,53.9,0.5323,0
sf,total,total,all,all,0.76,51.1,47.7,54.2,0.5434,0
sf,total,total,all,all,0.77,51.4,48,54.5,0.5547,0
sf,total,total,all,all,0.78,51.7,48.2,54.7,0.5658,0
sf,total,total,all,all,0.79,51.9,48.5,55,0.5772,0
sf,total,total,all,all,0.8,52.2,48.8,55.3,0.5881,0
sf,total,total,all,all,0.81,52.5,49.1,55.6,0.5994,0
sf,total,total,all,all,0.82,52.8,49.4,55.9,0.6098,0
sf,total,total,all,all,0.83,53.1,49.6,56.1,0.6204,0
sf,total,total,all,all,0.84,53.3,49.9,56.4,0.6312,0
sf,total,total,all,all,0.85,53.6,50.2,56.7,0.6418,0
sf,total,total,all,all,0.86,53.9,50.5,57,0.6523,0
sf,total,total,all,all,0.87,54.2,50.7,57.3,0.6626,0
sf,total,total,all,all,0.88,54.5,51,57.6,0.6728,0
sf,total,total,all,all,0.89,54.8,51.2,57.9,0.683,0
sf,total,total,all,all,0.9,55,51.5,58.2,0.6932,0
sf,total,total,all,all,0.91,55.3,51.8,58.5,0.7035,0
sf,total,total,all,all,0.92,55.6,52,58.8,0.7132,0
sf,total,total,all,all,0.93,55.9,52.3,59.1,0.7232,0
sf,total,total,all,all,0.94,56.2,52.5,59.4,0.7329,0
sf,total,total,all,all,0.95,56.5,52.8,59.7,0.7425,0
sf,total,total,all,all,0.96,56.8,53.1,60,0.7521,0
sf,total,total,all,all,0.97,57.1,53.3,60.3,0.7612,0
sf,total,total,all,all,0.98,57.4,53.6,60.6,0.77,0
sf,total,total,all,all,0.99,57.7,53.8,60.9,0.7793,0
sf,total,total,all,all,1,58,54.1,61.2,0.7879,0
sf,total,total,all,all,1.01,58.3,54.4,61.5,0.7964,0
sf,total,total,all,all,1.02,58.6,54.7,61.8,0.8049,0
sf,total,total,all,all,1.03,58.9,54.9,62,0.813,0
sf,total,total,all,all,1.04,59.2,55.2,62.3,0.8208,0
sf,total,total,all,all,1.05,59.5,55.5,62.6,0.829,0
sf,total,total,all,all,1.06,59.8,55.8,62.9,0.8368,0
sf,total,total,all,all,1.07,60.1,56,63.2,0.8439,0
sf,total,total,all,all,1.08,60.4,56.3,63.5,0.851,0
sf,total,total,all,all,1.09,60.7,56.5,63.8,0.8579,0
sf,total,total,all,all,1.1,61,56.8,64.1,0.8647,0
sf,total,total,all,all,1.11,61.3,57.1,64.4,0.8713,0
sf,total,total,all,all,1.12,61.6,57.4,64.7,0.8775,0
sf,total,total,all,all,1.13,61.9,57.7,64.9,0.8833,0
sf,total,total,all,all,1.14,62.2,58,65.2,0.8891,0
sf,total,total,all,all,1.15,62.5,58.3,65.5,0.8947,0
sf,total,total,all,all,1.16,62.8,58.6,65.8,0.9,0
sf,total,total,all,all,1.17,63.1,58.9,66,0.905,0
sf,total,total,all,all,1.18,63.4,59.1,66.3,0.9099,0
sf,total,total,all,all,1.19,63.7,59.4,66.5,0.9146,0
sf,total,total,all,all,1.2,64,59.7,66.8,0.919,0
sf,total,total,all,all,1.21,64.3,60,67.1,0.9233,0
sf,total,total,all,all,1.22,64.6,60.3,67.3,0.9272,0
sf,total,total,all,all,1.23,64.9,60.5,67.6,0.9312,0
sf,total,total,all,all,1.24,65.1,60.8,67.8,0.935,0
sf,total,total,all,all,1.25,65.4,61.1,68.1,0.9386,0
sf,total,total,all,all,1.26,65.7,61.4,68.4,0.942,0
sf,total,total,all,all,1.27,66,61.7,68.6,0.9449,0
sf,total,total,all,all,1.28,66.3,61.9,68.9,0.9481,0
sf,total,total,all,all,1.29,66.5,62.2,69.1,0.951,0
sf,total,total,all,all,1.3,66.8,62.5,69.4,0.9539,0
sf,total,total,all,all,1.31,67.1,62.8,69.7,0.9566,0
sf,total,total,all,all,1.32,67.4,63.1,69.9,0.959,0
sf,total,total,all,all,1.33,67.7,63.4,70.2,0.9613,0
sf,total,total,all,all,1.34,67.9,63.7,70.4,0.9634,0
sf,total,total,all,all,1.35,68.2,64,70.7,0.9657,0
sf,total,total,all,all,1.36,68.4,64.3,70.9,0.9674,0
sf,total,total,all,all,1.37,68.7,64.5,71.2,0.9695,0
sf,total,total,all,all,1.38,69,64.8,71.4,0.9712,0
sf,total,total,all,all,1.39,69.3,65,71.7,0.9729,0
sf,total,total,all,all,1.4,69.5,65.3,71.9,0.9744,0
sf,total,total,all,all,1.41,69.7,65.6,72.1,0.9758,0
sf,total,total,all,all,1.42,70,65.9,72.3,0.9773,0
sf,total,total,all,all,1.43,70.3,66.1,72.6,0.9786,0
sf,total,total,all,all,1.44,70.5,66.4,72.8,0.9799,0
sf,total,total,all,all,1.45,70.8,66.7,73,0.9811,0
sf,total,total,all,all,1.46,71,67,73.2,0.9821,0
sf,total,total,all,all,1.47,71.2,67.2,73.5,0.9832,0
sf,total,total,all,all,1.48,71.5,67.5,73.7,0.9842,0
sf,total,total,all,all,1.49,71.7,67.7,74,0.9851,0
sf,total,total,all,all,1.5,72,68,74.2,0.986,0
sf,total,total,all,all,1.51,72.2,68.3,74.4,0.9868,0
sf,total,total,all,all,1.52,72.4,68.5,74.6,0.9875,0
sf,total,total,all,all,1.53,72.7,68.8,74.8,0.9883,0
sf,total,total,all,all,1.54,72.9,69,75,0.989,0
sf,total,total,all,all,1.55,73.1,69.3,75.2,0.9897,0
sf,total,total,all,all,1.56,73.4,69.5,75.4,0.9903,0
sf,total,total,all,all,1.57,73.6,69.8,75.6,0.9909,0
sf,total,total,all,all,1.58,73.9,70,75.9,0.9915,0
sf,total,total,all,all,1.59,74.1,70.3,76.1,0.992,0
sf,total,total,all,all,1.6,74.3,70.5,76.3,0.9924,0
sf,total,total,all,all,1.61,74.5,70.8,76.5,0.9928,0
sf,total,total,all,all,1.62,74.7,71,76.7,0.9933,0
sf,total,total,all,all,1.63,75,71.3,76.8,0.9937,0
sf,total,total,all,all,1.64,75.2,71.5,77,0.9941,0
sf,total,total,all,all,1.65,75.4,71.8,77.2,0.9944,0
sf,total,total,all,all,1.66,75.6,72,77.4,0.9948,0
sf,total,total,all,all,1.67,75.8,72.2,77.6,0.995,1
sf,total,total,all,all,1.68,76,72.5,77.7,0.9954,1
sf,total,total,all,all,1.69,76.2,72.7,77.9,0.9957,1
sf,total,total,all,all,1.7,76.4,72.9,78.1,0.9959,1
sf,total,total,all,all,1.71,76.6,73.1,78.3,0.9961,1
sf,total,total,all,all,1.72,76.8,73.4,78.5,0.9963,1
sf,total,total,all,all,1.73,77,73.6,78.6,0.9965,1
sf,total,total,all,all,1.74,77.2,73.9,78.8,0.9968,1
sf,total,total,all,all,1.75,77.4,74.1,79,0.9969,1
sf,total,total,all,all,1.76,77.6,74.3,79.1,0.9971,1
sf,total,total,all,all,1.77,77.7,74.5,79.3,0.9972,1
sf,total,total,all,all,1.78,77.9,74.8,79.4,0.9974,1
sf,total,total,all,all,1.79,78.1,75,79.6,0.9975,1
sf,total,total,all,all,1.8,78.2,75.2,79.7,0.9976,1
sf,total,total,all,all,1.81,78.4,75.4,79.9,0.9978,1
sf,total,total,all,all,1.82,78.7,75.6,80,0.9979,1
sf,total,total,all,all,1.83,78.8,75.8,80.2,0.998,1
sf,total,total,all,all,1.84,78.9,76,80.3,0.9981,1
sf,total,total,all,all,1.85,79.1,76.2,80.5,0.9982,1
sf,total,total,all,all,1.86,79.2,76.4,80.7,0.9982,1
sf,total,total,all,all,1.87,79.5,76.6,80.9,0.9984,1
sf,total,total,all,all,1.88,79.6,76.8,81,0.9985,1
sf,total,total,all,all,1.89,79.9,77,81.2,0.9986,1
sf,total,total,all,all,1.9,79.9,77.2,81.4,0.9986,1
sf,total,total,all,all,1.91,79.9,77.4,81.6,0.9986,1
sf,total,total,all,all,1.92,79.9,77.6,81.8,0.9986,1
sf,total,total,all,all,1.93,79.9,77.8,81.9,0.9986,1
sf,total,total,all,all,1.94,80.3,78,82.1,0.9988,1
sf,total,total,all,all,1.95,80.8,78.2,82.3,0.999,1
sf,total,total,all,all,1.96,80.8,78.4,82.5,0.999,1
sf,total,total,all,all,1.97,81.1,78.5,82.8,0.9991,1
sf,total,total,all,all,1.98,81.1,78.7,83,0.9991,1
sf,total,total,all,all,1.99,81.1,78.8,83.3,0.9991,1
sf,total,total,all,all,2,81.1,79,83.5,0.9991,1
sf,total,total,all,all,2.01,81.1,79.1,83.8,0.9991,1
sf,total,total,all,all,2.02,81.6,79.3,84.1,0.9992,1
sf,total,total,all,all,2.03,81.6,79.4,84.3,0.9992,1
sf,total,total,all,all,2.04,82.4,79.6,84.6,0.9994,1
sf,total,total,all,all,2.05,82.4,79.7,84.9,0.9994,1
sf,total,total,all,all,2.06,82.4,79.8,85.3,0.9994,1
sf,total,total,all,all,2.07,82.4,80,85.6,0.9994,1
sf,total,total,all,all,2.08,83.3,80.1,86,0.9996,1
sf,total,total,all,all,2.09,83.3,80.3,86.3,0.9996,1
sf,total,total,all,all,2.1,83.8,80.4,86.7,0.9996,1
sf,total,total,all,all,2.11,83.8,80.6,86.8,0.9996,1
sf,total,total,all,all,2.12,83.8,80.8,86.9,0.9996,1
sf,total,total,all,all,2.13,83.8,80.9,87,0.9996,1
sf,total,total,all,all,2.14,83.8,81.1,87.1,0.9996,1
sf,total,total,all,all,2.15,87.2,81.3,87.2,1,1
sf,total,total,all,all,2.16,87.2,81.5,87.2,1,1
sf,total,total,all,all,2.17,87.2,81.7,87.2,1,1
sf,total,total,all,all,2.18,87.2,81.8,87.2,1,1
sf,total,total,all,all,2.19,87.2,82,87.2,1,1
sf,total,total,all,all,2.2,87.2,82.2,87.2,1,1
sf,total,total,all,all,2.21,87.2,82.4,87.2,1,1
sf,total,total,all,all,2.22,87.2,82.6,87.2,1,1
sf,total,total,all,all,2.23,87.2,82.9,87.2,1,1
sf,total,total,all,all,2.24,87.2,83.1,87.2,1,1
sf,total,total,all,all,2.25,87.2,83.3,87.2,1,1
sf,total,total,all,all,2.26,87.2,83.5,87.2,1,1
sf,total,total,all,all,2.27,87.2,83.7,87.2,1,1
sf,total,total,all,all,2.28,87.2,83.9,87.2,1,1
sf,total,total,all,all,2.29,87.2,84.1,87.2,1,1
sf,total,total,all,all,2.3,87.2,84.3,87.2,1,1
sf,total,total,all,all,2.31,87.2,84.5,87.2,1,1
sf,total,total,all,all,2.32,87.2,84.7,87.2,1,1
sf,total,total,all,all,2.33,87.2,85,87.2,1,1
sf,total,total,all,all,2.34,87.2,85.2,87.2,1,1
sf,total,total,all,all,2.35,87.2,85.4,87.2,1,1
sf,total,total,all,all,2.36,87.2,85.6,87.2,1,1
sf,total,total,all,all,2.37,87.2,85.9,87.2,1,1
sf,total,total,all,all,2.38,87.2,86.1,87.2,1,1
sf,total,total,all,all,2.39,87.2,86.4,87.2,1,1
sf,total,total,all,all,2.4,87.2,86.6,87.2,1,1
sf,total,total,all,all,2.41,87.2,86.7,87.2,1,1
sf,total,total,all,all,2.42,87.2,86.8,87.2,1,1
sf,total,total,all,all,2.43,87.2,87,87.2,1,1
sf,total,total,all,all,2.44,87.2,87.1,87.2,1,1
sf,total,total,all,all,2.45,87.2,87.2,87.2,1,1
sf,total,total,all,all,2.46,87.2,87.2,87.2,1,1
sf,total,total,all,all,2.47,87.2,87.2,87.2,1,1
sf,total,total,all,all,2.48,87.2,87.2,87.2,1,1
sf,total,total,all,all,2.49,87.2,87.2,87.2,1,1
sf,total,total,all,all,2.5,87.2,87.2,87.2,1,1
sf,total,total,all,all,2.51,87.2,87.2,87.2,1,1
sf,total,total,all,all,2.52,87.2,87.2,87.2,1,1
sf,total,total,all,all,2.53,87.2,87.2,87.2,1,1
sf,total,total,all,all,2.54,87.2,87.2,87.2,1,1
sf,total,total,all,all,2.55,87.2,87.2,87.2,1,1
sf,total,total,all,all,2.56,87.2,87.2,87.2,1,1
sf,total,total,all,all,2.57,87.2,87.2,87.2,1,1
sf,total,total,all,all,2.58,87.2,87.2,87.2,1,1
sf,total,total,all,all,2.59,87.2,87.2,87.2,1,1
sf,total,total,all,all,2.6,87.2,87.2,87.2,1,1
sf,total,total,all,all,2.61,87.2,87.2,87.2,1,1
sf,total,total,all,all,2.62,87.2,87.2,87.2,1,1
sf,total,total,all,all,2.63,87.2,87.2,87.2,1,1
sf,total,total,all,all,2.64,87.2,87.2,87.2,1,1
sf,total,total,all,all,2.65,87.2,87.2,87.2,1,1
sf,total,total,all,all,2.66,87.2,87.2,87.2,1,1
sf,total,total,all,all,2.67,87.2,87.2,87.2,1,1
sf,total,total,all,all,2.68,87.2,87.2,87.2,1,1
sf,total,total,all,all,2.69,87.2,87.2,87.2,1,1
sf,total,total,all,all,2.7,87.2,87.2,87.2,1,1
sf,total,total,all,all,2.71,87.2,87.2,87.2,1,1
sf,total,total,all,all,2.72,87.2,87.2,87.2,1,1
sf,total,total,all,all,2.73,87.2,87.2,87.2,1,1
sf,total,total,all,all,2.74,87.2,87.2,87.2,1,1
sf,total,total,all,all,2.75,87.2,87.2,87.2,1,1
sf,total,total,all,all,2.76,87.2,87.2,87.2,1,1
sf,total,total,all,all,2.77,87.2,87.2,87.2,1,1
sf,total,total,all,all,2.78,87.2,87.2,87.2,1,1
sf,total,total,all,all,2.79,87.2,87.2,87.2,1,1
sf,total,total,all,all,2.8,87.2,87.2,87.2,1,1
sf,total,total,all,all,2.81,87.2,87.2,87.2,1,1
sf,total,total,all,all,2.82,87.2,87.2,87.2,1,1
sf,total,total,all,all,2.83,87.2,87.2,87.2,1,1
sf,total,total,all,all,2.84,87.2,87.2,87.2,1,1
sf,total,total,all,all,2.85,87.2,87.2,87.2,1,1
sf,total,total,all,all,2.86,87.2,87.2,87.2,1,1
sf,total,total,all,all,2.87,87.2,87.2,87.2,1,1
sf,total,total,all,all,2.88,87.2,87.2,87.2,1,1
sf,total,total,all,all,2.89,87.2,87.2,87.2,1,1
sf,total,total,all,all,2.9,87.2,87.2,87.2,1,1
sf,total,total,all,all,2.91,87.2,87.2,87.2,1,1
sf,total,total,all,all,2.92,87.2,87.2,87.2,1,1
sf,total,total,all,all,2.93,87.2,87.2,87.2,1,1
sf,total,total,all,all,2.94,87.2,87.2,87.2,1,1
sf,total,total,all,all,2.95,87.2,87.2,87.2,1,1
sf,total,total,all,all,2.96,87.2,87.2,87.2,1,1
sf,total,total,all,all,2.97,87.2,87.2,87.2,1,1
sf,total,total,all,all,2.98,87.2,87.2,87.2,1,1
sf,total,total,all,all,2.99,87.2,87.2,87.2,1,1
sf,total,total,all,all,3,87.2,87.2,87.2,1,1
sf,total,total,f,"[18,35)",0,12.8,20,21,0,1
sf,total,total,f,"[18,35)",0.01,12.8,20,21.8,0,1
sf,total,total,f,"[18,35)",0.02,12.8,20,22.6,0,1
sf,total,total,f,"[18,35)",0.03,12.8,20,23.4,0,1
sf,total,total,f,"[18,35)",0.04,12.8,20,24.2,0,1
sf,total,total,f,"[18,35)",0.05,12.8,20,25,0,1
sf,total,total,f,"[18,35)",0.06,12.8,20,25.7,0,1
sf,total,total,f,"[18,35)",0.07,12.8,20,26.4,0,1
sf,total,total,f,"[18,35)",0.08,22.8,20.1,27,0.0033,1
sf,total,total,f,"[18,35)",0.09,22.8,20.1,27.7,0.0033,1
sf,total,total,f,"[18,35)",0.1,22.8,20.1,28.4,0.0033,1
sf,total,total,f,"[18,35)",0.11,24.5,20.8,28.9,0.0054,0
sf,total,total,f,"[18,35)",0.12,25.2,21.5,29.5,0.0066,0
sf,total,total,f,"[18,35)",0.13,25.2,22.2,30,0.0066,0
sf,total,total,f,"[18,35)",0.14,26.2,22.9,30.6,0.0087,0
sf,total,total,f,"[18,35)",0.15,26.7,23.6,31.1,0.0098,0
sf,total,total,f,"[18,35)",0.16,27.4,24.2,31.5,0.012,0
sf,total,total,f,"[18,35)",0.17,27.8,24.7,32,0.0131,0
sf,total,total,f,"[18,35)",0.18,28.4,25.3,32.4,0.0153,0
sf,total,total,f,"[18,35)",0.19,29.1,25.8,32.9,0.0185,0
sf,total,total,f,"[18,35)",0.2,29.6,26.4,33.3,0.0207,0
sf,total,total,f,"[18,35)",0.21,30,26.9,33.7,0.0228,0
sf,total,total,f,"[18,35)",0.22,30.4,27.3,34.1,0.0251,0
sf,total,total,f,"[18,35)",0.23,30.9,27.8,34.5,0.0284,0
sf,total,total,f,"[18,35)",0.24,31.4,28.2,34.9,0.0315,0
sf,total,total,f,"[18,35)",0.25,31.7,28.7,35.3,0.0338,0
sf,total,total,f,"[18,35)",0.26,32.1,29.1,35.7,0.0371,0
sf,total,total,f,"[18,35)",0.27,32.6,29.5,36,0.0413,0
sf,total,total,f,"[18,35)",0.28,33,30,36.4,0.0446,0
sf,total,total,f,"[18,35)",0.29,33.3,30.4,36.7,0.0479,0
sf,total,total,f,"[18,35)",0.3,33.7,30.8,37.1,0.0512,0
sf,total,total,f,"[18,35)",0.31,34.1,31.2,37.5,0.0554,0
sf,total,total,f,"[18,35)",0.32,34.4,31.5,37.8,0.0593,0
sf,total,total,f,"[18,35)",0.33,34.7,31.9,38.2,0.0631,0
sf,total,total,f,"[18,35)",0.34,35.1,32.2,38.5,0.0685,0
sf,total,total,f,"[18,35)",0.35,35.5,32.6,38.9,0.073,0
sf,total,total,f,"[18,35)",0.36,35.8,32.9,39.2,0.0782,0
sf,total,total,f,"[18,35)",0.37,36.1,33.3,39.6,0.0827,0
sf,total,total,f,"[18,35)",0.38,36.5,33.6,39.9,0.0881,0
sf,total,total,f,"[18,35)",0.39,36.8,34,40.3,0.0936,0
sf,total,total,f,"[18,35)",0.4,37.1,34.3,40.6,0.0991,0
sf,total,total,f,"[18,35)",0.41,37.5,34.6,40.9,0.1056,0
sf,total,total,f,"[18,35)",0.42,37.8,34.9,41.2,0.112,0
sf,total,total,f,"[18,35)",0.43,38.2,35.3,41.6,0.1186,0
sf,total,total,f,"[18,35)",0.44,38.6,35.6,41.9,0.1261,0
sf,total,total,f,"[18,35)",0.45,38.9,35.9,42.2,0.1327,0
sf,total,total,f,"[18,35)",0.46,39.2,36.2,42.5,0.1394,0
sf,total,total,f,"[18,35)",0.47,39.5,36.5,42.8,0.1479,0
sf,total,total,f,"[18,35)",0.48,39.9,36.7,43,0.1555,0
sf,total,total,f,"[18,35)",0.49,40.2,37,43.3,0.1633,0
sf,total,total,f,"[18,35)",0.5,40.5,37.3,43.6,0.1719,0
sf,total,total,f,"[18,35)",0.51,40.9,37.6,43.9,0.1806,0
sf,total,total,f,"[18,35)",0.52,41.2,37.9,44.2,0.1881,0
sf,total,total,f,"[18,35)",0.53,41.4,38.3,44.4,0.1961,0
sf,total,total,f,"[18,35)",0.54,41.7,38.6,44.7,0.2045,0
sf,total,total,f,"[18,35)",0.55,42,38.9,45,0.2124,0
sf,total,total,f,"[18,35)",0.56,42.3,39.2,45.3,0.2219,0
sf,total,total,f,"[18,35)",0.57,42.6,39.5,45.6,0.2307,0
sf,total,total,f,"[18,35)",0.58,42.9,39.8,45.8,0.2396,0
sf,total,total,f,"[18,35)",0.59,43.2,40.1,46.1,0.2483,0
sf,total,total,f,"[18,35)",0.6,43.5,40.4,46.4,0.2568,0
sf,total,total,f,"[18,35)",0.61,43.7,40.7,46.7,0.2657,0
sf,total,total,f,"[18,35)",0.62,44,41,46.9,0.2754,0
sf,total,total,f,"[18,35)",0.63,44.3,41.2,47.2,0.2842,0
sf,total,total,f,"[18,35)",0.64,44.6,41.5,47.4,0.294,0
sf,total,total,f,"[18,35)",0.65,44.9,41.8,47.7,0.3037,0
sf,total,total,f,"[18,35)",0.66,45.1,42.1,48,0.3134,0
sf,total,total,f,"[18,35)",0.67,45.4,42.4,48.2,0.3234,0
sf,total,total,f,"[18,35)",0.68,45.7,42.6,48.5,0.3332,0
sf,total,total,f,"[18,35)",0.69,46,42.9,48.7,0.344,0
sf,total,total,f,"[18,35)",0.7,46.2,43.2,49,0.3528,0
sf,total,total,f,"[18,35)",0.71,46.5,43.5,49.3,0.3626,0
sf,total,total,f,"[18,35)",0.72,46.8,43.7,49.5,0.3735,0
sf,total,total,f,"[18,35)",0.73,47,44,49.8,0.3833,0
sf,total,total,f,"[18,35)",0.74,47.3,44.2,50,0.3931,0
sf,total,total,f,"[18,35)",0.75,47.5,44.5,50.3,0.4029,0
sf,total,total,f,"[18,35)",0.76,47.8,44.7,50.5,0.4128,0
sf,total,total,f,"[18,35)",0.77,48,45,50.8,0.4214,0
sf,total,total,f,"[18,35)",0.78,48.3,45.2,51,0.4323,0
sf,total,total,f,"[18,35)",0.79,48.5,45.5,51.3,0.4421,0
sf,total,total,f,"[18,35)",0.8,48.8,45.7,51.5,0.4518,0
sf,total,total,f,"[18,35)",0.81,49,46,51.8,0.4617,0
sf,total,total,f,"[18,35)",0.82,49.3,46.2,52,0.4715,0
sf,total,total,f,"[18,35)",0.83,49.6,46.5,52.3,0.4823,0
sf,total,total,f,"[18,35)",0.84,49.8,46.7,52.5,0.4921,0
sf,total,total,f,"[18,35)",0.85,50,47,52.8,0.501,0
sf,total,total,f,"[18,35)",0.86,50.3,47.2,53.1,0.5117,0
sf,total,total,f,"[18,35)",0.87,50.5,47.5,53.3,0.5205,0
sf,total,total,f,"[18,35)",0.88,50.8,47.7,53.6,0.5303,0
sf,total,total,f,"[18,35)",0.89,51,48,53.8,0.5401,0
sf,total,total,f,"[18,35)",0.9,51.3,48.2,54.1,0.54990000000000006,0
sf,total,total,f,"[18,35)",0.91,51.5,48.4,54.4,0.5586,0
sf,total,total,f,"[18,35)",0.92,51.7,48.7,54.7,0.5684,0
sf,total,total,f,"[18,35)",0.93,52,48.9,55,0.5782,0
sf,total,total,f,"[18,35)",0.94,52.2,49.2,55.3,0.5889,0
sf,total,total,f,"[18,35)",0.95,52.5,49.4,55.6,0.5979,0
sf,total,total,f,"[18,35)",0.96,52.7,49.6,55.9,0.6076,0
sf,total,total,f,"[18,35)",0.97,53,49.9,56.2,0.6185,0
sf,total,total,f,"[18,35)",0.98,53.3,50.1,56.5,0.6281,0
sf,total,total,f,"[18,35)",0.99,53.5,50.4,56.8,0.6381,0
sf,total,total,f,"[18,35)",1,53.8,50.6,57.1,0.6478,0
sf,total,total,f,"[18,35)",1.01,54.1,50.8,57.4,0.6577,0
sf,total,total,f,"[18,35)",1.02,54.4,51.1,57.7,0.6696,0
sf,total,total,f,"[18,35)",1.03,54.6,51.3,58,0.6786,0
sf,total,total,f,"[18,35)",1.04,54.9,51.6,58.3,0.6894,0
sf,total,total,f,"[18,35)",1.05,55.3,51.8,58.6,0.7011,0
sf,total,total,f,"[18,35)",1.06,55.6,52,58.9,0.711,0
sf,total,total,f,"[18,35)",1.07,55.9,52.3,59.2,0.7208,0
sf,total,total,f,"[18,35)",1.08,56.2,52.5,59.6,0.7308,0
sf,total,total,f,"[18,35)",1.09,56.5,52.8,59.9,0.7406,0
sf,total,total,f,"[18,35)",1.1,56.8,53,60.2,0.7503,0
sf,total,total,f,"[18,35)",1.11,57.1,53.2,60.5,0.7601,0
sf,total,total,f,"[18,35)",1.12,57.4,53.5,60.9,0.7699,0
sf,total,total,f,"[18,35)",1.13,57.7,53.7,61.2,0.7788,0
sf,total,total,f,"[18,35)",1.14,58,54,61.6,0.7884,0
sf,total,total,f,"[18,35)",1.15,58.3,54.2,61.9,0.7974,0
sf,total,total,f,"[18,35)",1.16,58.7,54.5,62.2,0.8069,0
sf,total,total,f,"[18,35)",1.17,59,54.8,62.5,0.8152,0
sf,total,total,f,"[18,35)",1.18,59.3,55,62.8,0.8243,0
sf,total,total,f,"[18,35)",1.19,59.6,55.3,63.1,0.8326,0
sf,total,total,f,"[18,35)",1.2,60,55.6,63.4,0.8407,0
sf,total,total,f,"[18,35)",1.21,60.3,55.9,63.7,0.8486,0
sf,total,total,f,"[18,35)",1.22,60.7,56.2,64,0.857,0
sf,total,total,f,"[18,35)",1.23,61,56.4,64.3,0.8638,0
sf,total,total,f,"[18,35)",1.24,61.3,56.7,64.6,0.8711,0
sf,total,total,f,"[18,35)",1.25,61.7,57,64.9,0.879,0
sf,total,total,f,"[18,35)",1.26,62,57.3,65.2,0.8854,0
sf,total,total,f,"[18,35)",1.27,62.3,57.6,65.5,0.8911,0
sf,total,total,f,"[18,35)",1.28,62.7,57.9,65.7,0.8976,0
sf,total,total,f,"[18,35)",1.29,63,58.2,66,0.9031,0
sf,total,total,f,"[18,35)",1.3,63.3,58.5,66.3,0.9085,0
sf,total,total,f,"[18,35)",1.31,63.7,58.8,66.6,0.9139,0
sf,total,total,f,"[18,35)",1.32,64,59.1,66.8,0.9187,0
sf,total,total,f,"[18,35)",1.33,64.2,59.4,67.1,0.9226,0
sf,total,total,f,"[18,35)",1.34,64.6,59.7,67.3,0.928,0
sf,total,total,f,"[18,35)",1.35,64.9,60,67.6,0.9323,0
sf,total,total,f,"[18,35)",1.36,65.2,60.3,67.9,0.9357,0
sf,total,total,f,"[18,35)",1.37,65.5,60.6,68.1,0.939,0
sf,total,total,f,"[18,35)",1.38,65.8,61,68.4,0.9433,0
sf,total,total,f,"[18,35)",1.39,66,61.3,68.6,0.9455,0
sf,total,total,f,"[18,35)",1.4,66.3,61.6,68.9,0.9487,0
sf,total,total,f,"[18,35)",1.41,66.5,61.9,69.1,0.951,0
sf,total,total,f,"[18,35)",1.42,66.9,62.2,69.4,0.9542,0
sf,total,total,f,"[18,35)",1.43,67.1,62.5,69.6,0.9564,0
sf,total,total,f,"[18,35)",1.44,67.3,62.8,69.9,0.9585,0
sf,total,total,f,"[18,35)",1.45,67.7,63.1,70.1,0.9618,0
sf,total,total,f,"[18,35)",1.46,67.9,63.4,70.4,0.9629,0
sf,total,total,f,"[18,35)",1.47,68.3,63.7,70.6,0.9662,0
sf,total,total,f,"[18,35)",1.48,68.6,64,70.9,0.9684,0
sf,total,total,f,"[18,35)",1.49,68.7,64.3,71.1,0.9695,0
sf,total,total,f,"[18,35)",1.5,69.1,64.6,71.4,0.9716,0
sf,total,total,f,"[18,35)",1.51,69.1,64.9,71.6,0.9716,0
sf,total,total,f,"[18,35)",1.52,69.6,65.2,71.8,0.9749,0
sf,total,total,f,"[18,35)",1.53,69.6,65.5,72.1,0.9749,0
sf,total,total,f,"[18,35)",1.54,70.1,65.8,72.3,0.9777,0
sf,total,total,f,"[18,35)",1.55,70.2,66.1,72.5,0.9782,0
sf,total,total,f,"[18,35)",1.56,70.4,66.4,72.7,0.9793,0
sf,total,total,f,"[18,35)",1.57,70.8,66.6,73,0.9815,0
sf,total,total,f,"[18,35)",1.58,70.8,66.9,73.2,0.9815,0
sf,total,total,f,"[18,35)",1.59,71.3,67.1,73.5,0.9836,0
sf,total,total,f,"[18,35)",1.6,71.6,67.4,73.7,0.9847,0
sf,total,total,f,"[18,35)",1.61,71.6,67.7,73.9,0.9847,0
sf,total,total,f,"[18,35)",1.62,71.6,67.9,74.1,0.9847,0
sf,total,total,f,"[18,35)",1.63,72.2,68.2,74.3,0.9869,0
sf,total,total,f,"[18,35)",1.64,72.6,68.4,74.5,0.988,0
sf,total,total,f,"[18,35)",1.65,72.6,68.7,74.7,0.988,0
sf,total,total,f,"[18,35)",1.66,72.6,68.9,74.9,0.988,0
sf,total,total,f,"[18,35)",1.67,73.3,69.2,75.1,0.9902,0
sf,total,total,f,"[18,35)",1.68,73.3,69.4,75.2,0.9902,0
sf,total,total,f,"[18,35)",1.69,73.3,69.7,75.4,0.9902,0
sf,total,total,f,"[18,35)",1.7,73.8,69.9,75.6,0.9913,0
sf,total,total,f,"[18,35)",1.71,73.8,70.2,75.8,0.9913,0
sf,total,total,f,"[18,35)",1.72,74.8,70.4,76,0.9934,0
sf,total,total,f,"[18,35)",1.73,74.8,70.7,76.1,0.9934,0
sf,total,total,f,"[18,35)",1.74,74.8,70.9,76.3,0.9934,0
sf,total,total,f,"[18,35)",1.75,74.8,71.2,76.5,0.9934,0
sf,total,total,f,"[18,35)",1.76,74.8,71.4,76.7,0.9934,0
sf,total,total,f,"[18,35)",1.77,74.8,71.6,76.8,0.9934,0
sf,total,total,f,"[18,35)",1.78,74.8,71.9,77,0.9934,0
sf,total,total,f,"[18,35)",1.79,75.5,72.1,77.1,0.9946,0
sf,total,total,f,"[18,35)",1.8,77.2,72.3,77.3,0.9967,1
sf,total,total,f,"[18,35)",1.81,77.2,72.5,77.4,0.9967,1
sf,total,total,f,"[18,35)",1.82,77.2,72.7,77.6,0.9967,1
sf,total,total,f,"[18,35)",1.83,77.2,73,77.7,0.9967,1
sf,total,total,f,"[18,35)",1.84,77.2,73.2,77.9,0.9967,1
sf,total,total,f,"[18,35)",1.85,77.2,73.4,78,0.9967,1
sf,total,total,f,"[18,35)",1.86,77.2,73.6,78.2,0.9967,1
sf,total,total,f,"[18,35)",1.87,77.2,73.8,78.4,0.9967,1
sf,total,total,f,"[18,35)",1.88,77.2,74.1,78.5,0.9967,1
sf,total,total,f,"[18,35)",1.89,77.2,74.3,78.7,0.9967,1
sf,total,total,f,"[18,35)",1.9,77.2,74.5,78.9,0.9967,1
sf,total,total,f,"[18,35)",1.91,77.2,74.7,79.1,0.9967,1
sf,total,total,f,"[18,35)",1.92,77.2,74.9,79.4,0.9967,1
sf,total,total,f,"[18,35)",1.93,77.2,75.1,79.6,0.9967,1
sf,total,total,f,"[18,35)",1.94,77.2,75.3,79.9,0.9967,1
sf,total,total,f,"[18,35)",1.95,77.2,75.5,80.1,0.9967,1
sf,total,total,f,"[18,35)",1.96,77.2,75.7,80.3,0.9967,1
sf,total,total,f,"[18,35)",1.97,77.2,75.8,80.5,0.9967,1
sf,total,total,f,"[18,35)",1.98,77.2,76,80.6,0.9967,1
sf,total,total,f,"[18,35)",1.99,77.2,76.1,80.8,0.9967,1
sf,total,total,f,"[18,35)",2,77.2,76.3,81,0.9967,1
sf,total,total,f,"[18,35)",2.01,77.2,76.4,81.3,0.9967,1
sf,total,total,f,"[18,35)",2.02,77.2,76.5,81.7,0.9967,1
sf,total,total,f,"[18,35)",2.03,77.2,76.7,82,0.9967,1
sf,total,total,f,"[18,35)",2.04,77.2,76.8,82.4,0.9967,1
sf,total,total,f,"[18,35)",2.05,77.2,76.9,82.7,0.9967,1
sf,total,total,f,"[18,35)",2.06,87.2,77,83.1,1,1
sf,total,total,f,"[18,35)",2.07,87.2,77.2,83.5,1,1
sf,total,total,f,"[18,35)",2.08,87.2,77.3,84,1,1
sf,total,total,f,"[18,35)",2.09,87.2,77.5,84.4,1,1
sf,total,total,f,"[18,35)",2.1,87.2,77.6,84.8,1,1
sf,total,total,f,"[18,35)",2.11,87.2,77.7,85.3,1,1
sf,total,total,f,"[18,35)",2.12,87.2,77.8,85.8,1,1
sf,total,total,f,"[18,35)",2.13,87.2,77.9,86.2,1,1
sf,total,total,f,"[18,35)",2.14,87.2,78,86.7,1,1
sf,total,total,f,"[18,35)",2.15,87.2,78.1,87.2,1,1
sf,total,total,f,"[18,35)",2.16,87.2,78.3,87.2,1,1
sf,total,total,f,"[18,35)",2.17,87.2,78.5,87.2,1,1
sf,total,total,f,"[18,35)",2.18,87.2,78.7,87.2,1,1
sf,total,total,f,"[18,35)",2.19,87.2,78.9,87.2,1,1
sf,total,total,f,"[18,35)",2.2,87.2,79.1,87.2,1,1
sf,total,total,f,"[18,35)",2.21,87.2,79.3,87.2,1,1
sf,total,total,f,"[18,35)",2.22,87.2,79.5,87.2,1,1
sf,total,total,f,"[18,35)",2.23,87.2,79.7,87.2,1,1
sf,total,total,f,"[18,35)",2.24,87.2,79.9,87.2,1,1
sf,total,total,f,"[18,35)",2.25,87.2,80.1,87.2,1,1
sf,total,total,f,"[18,35)",2.26,87.2,80.3,87.2,1,1
sf,total,total,f,"[18,35)",2.27,87.2,80.5,87.2,1,1
sf,total,total,f,"[18,35)",2.28,87.2,80.6,87.2,1,1
sf,total,total,f,"[18,35)",2.29,87.2,80.8,87.2,1,1
sf,total,total,f,"[18,35)",2.3,87.2,81,87.2,1,1
sf,total,total,f,"[18,35)",2.31,87.2,81.2,87.2,1,1
sf,total,total,f,"[18,35)",2.32,87.2,81.5,87.2,1,1
sf,total,total,f,"[18,35)",2.33,87.2,81.7,87.2,1,1
sf,total,total,f,"[18,35)",2.34,87.2,82,87.2,1,1
sf,total,total,f,"[18,35)",2.35,87.2,82.2,87.2,1,1
sf,total,total,f,"[18,35)",2.36,87.2,82.6,87.2,1,1
sf,total,total,f,"[18,35)",2.37,87.2,83,87.2,1,1
sf,total,total,f,"[18,35)",2.38,87.2,83.3,87.2,1,1
sf,total,total,f,"[18,35)",2.39,87.2,83.7,87.2,1,1
sf,total,total,f,"[18,35)",2.4,87.2,84.1,87.2,1,1
sf,total,total,f,"[18,35)",2.41,87.2,84.1,87.2,1,1
sf,total,total,f,"[18,35)",2.42,87.2,84.1,87.2,1,1
sf,total,total,f,"[18,35)",2.43,87.2,84.1,87.2,1,1
sf,total,total,f,"[18,35)",2.44,87.2,84.1,87.2,1,1
sf,total,total,f,"[18,35)",2.45,87.2,84.1,87.2,1,1
sf,total,total,f,"[18,35)",2.46,87.2,84.2,87.2,1,1
sf,total,total,f,"[18,35)",2.47,87.2,84.3,87.2,1,1
sf,total,total,f,"[18,35)",2.48,87.2,84.5,87.2,1,1
sf,total,total,f,"[18,35)",2.49,87.2,84.6,87.2,1,1
sf,total,total,f,"[18,35)",2.5,87.2,84.7,87.2,1,1
sf,total,total,f,"[18,35)",2.51,87.2,85.2,87.2,1,1
sf,total,total,f,"[18,35)",2.52,87.2,85.7,87.2,1,1
sf,total,total,f,"[18,35)",2.53,87.2,86.2,87.2,1,1
sf,total,total,f,"[18,35)",2.54,87.2,86.7,87.2,1,1
sf,total,total,f,"[18,35)",2.55,87.2,87.2,87.2,1,1
sf,total,total,f,"[18,35)",2.56,87.2,87.2,87.2,1,1
sf,total,total,f,"[18,35)",2.57,87.2,87.2,87.2,1,1
sf,total,total,f,"[18,35)",2.58,87.2,87.2,87.2,1,1
sf,total,total,f,"[18,35)",2.59,87.2,87.2,87.2,1,1
sf,total,total,f,"[18,35)",2.6,87.2,87.2,87.2,1,1
sf,total,total,f,"[18,35)",2.61,87.2,87.2,87.2,1,1
sf,total,total,f,"[18,35)",2.62,87.2,87.2,87.2,1,1
sf,total,total,f,"[18,35)",2.63,87.2,87.2,87.2,1,1
sf,total,total,f,"[18,35)",2.64,87.2,87.2,87.2,1,1
sf,total,total,f,"[18,35)",2.65,87.2,87.2,87.2,1,1
sf,total,total,f,"[18,35)",2.66,87.2,87.2,87.2,1,1
sf,total,total,f,"[18,35)",2.67,87.2,87.2,87.2,1,1
sf,total,total,f,"[18,35)",2.68,87.2,87.2,87.2,1,1
sf,total,total,f,"[18,35)",2.69,87.2,87.2,87.2,1,1
sf,total,total,f,"[18,35)",2.7,87.2,87.2,87.2,1,1
sf,total,total,f,"[18,35)",2.71,87.2,87.2,87.2,1,1
sf,total,total,f,"[18,35)",2.72,87.2,87.2,87.2,1,1
sf,total,total,f,"[18,35)",2.73,87.2,87.2,87.2,1,1
sf,total,total,f,"[18,35)",2.74,87.2,87.2,87.2,1,1
sf,total,total,f,"[18,35)",2.75,87.2,87.2,87.2,1,1
sf,total,total,f,"[18,35)",2.76,87.2,87.2,87.2,1,1
sf,total,total,f,"[18,35)",2.77,87.2,87.2,87.2,1,1
sf,total,total,f,"[18,35)",2.78,87.2,87.2,87.2,1,1
sf,total,total,f,"[18,35)",2.79,87.2,87.2,87.2,1,1
sf,total,total,f,"[18,35)",2.8,87.2,87.2,87.2,1,1
sf,total,total,f,"[18,35)",2.81,87.2,87.2,87.2,1,1
sf,total,total,f,"[18,35)",2.82,87.2,87.2,87.2,1,1
sf,total,total,f,"[18,35)",2.83,87.2,87.2,87.2,1,1
sf,total,total,f,"[18,35)",2.84,87.2,87.2,87.2,1,1
sf,total,total,f,"[18,35)",2.85,87.2,87.2,87.2,1,1
sf,total,total,f,"[18,35)",2.86,87.2,87.2,87.2,1,1
sf,total,total,f,"[18,35)",2.87,87.2,87.2,87.2,1,1
sf,total,total,f,"[18,35)",2.88,87.2,87.2,87.2,1,1
sf,total,total,f,"[18,35)",2.89,87.2,87.2,87.2,1,1
sf,total,total,f,"[18,35)",2.9,87.2,87.2,87.2,1,1
sf,total,total,f,"[18,35)",2.91,87.2,87.2,87.2,1,1
sf,total,total,f,"[18,35)",2.92,87.2,87.2,87.2,1,1
sf,total,total,f,"[18,35)",2.93,87.2,87.2,87.2,1,1
sf,total,total,f,"[18,35)",2.94,87.2,87.2,87.2,1,1
sf,total,total,f,"[18,35)",2.95,87.2,87.2,87.2,1,1
sf,total,total,f,"[18,35)",2.96,87.2,87.2,87.2,1,1
sf,total,total,f,"[18,35)",2.97,87.2,87.2,87.2,1,1
sf,total,total,f,"[18,35)",2.98,87.2,87.2,87.2,1,1
sf,total,total,f,"[18,35)",2.99,87.2,87.2,87.2,1,1
sf,total,total,f,"[18,35)",3,87.2,87.2,87.2,1,1
sf,total,total,f,"[35,50)",0,21.2,23.3,25.5,0.002,1
sf,total,total,f,"[35,50)",0.01,22.8,23.4,26.3,0.0033,1
sf,total,total,f,"[35,50)",0.02,23.9,23.6,27.2,0.0046,1
sf,total,total,f,"[35,50)",0.03,24.4,23.7,28,0.0053,0
sf,total,total,f,"[35,50)",0.04,25.5,23.9,28.9,0.0072,0
sf,total,total,f,"[35,50)",0.05,26.1,24,29.7,0.0085,0
sf,total,total,f,"[35,50)",0.06,26.7,24.5,30.3,0.0099,0
sf,total,total,f,"[35,50)",0.07,27.4,25.1,30.9,0.0118,0
sf,total,total,f,"[35,50)",0.08,28,25.6,31.6,0.0138,0
sf,total,total,f,"[35,50)",0.09,28.6,26.2,32.2,0.0164,0
sf,total,total,f,"[35,50)",0.1,29.3,26.7,32.8,0.019,0
sf,total,total,f,"[35,50)",0.11,29.7,27.2,33.3,0.021,0
sf,total,total,f,"[35,50)",0.12,30.3,27.7,33.7,0.0242,0
sf,total,total,f,"[35,50)",0.13,30.7,28.2,34.2,0.0269,0
sf,total,total,f,"[35,50)",0.14,31.2,28.7,34.6,0.0302,0
sf,total,total,f,"[35,50)",0.15,31.7,29.2,35.1,0.0335,0
sf,total,total,f,"[35,50)",0.16,32.2,29.6,35.5,0.0375,0
sf,total,total,f,"[35,50)",0.17,32.6,30,36,0.0407,0
sf,total,total,f,"[35,50)",0.18,33,30.5,36.4,0.0447,0
sf,total,total,f,"[35,50)",0.19,33.5,30.9,36.9,0.0492,0
sf,total,total,f,"[35,50)",0.2,33.9,31.3,37.3,0.0533,0
sf,total,total,f,"[35,50)",0.21,34.3,31.7,37.7,0.0585,0
sf,total,total,f,"[35,50)",0.22,34.7,32.1,38.1,0.0628,0
sf,total,total,f,"[35,50)",0.23,35.1,32.4,38.5,0.0683,0
sf,total,total,f,"[35,50)",0.24,35.5,32.8,38.9,0.0736,0
sf,total,total,f,"[35,50)",0.25,35.9,33.2,39.3,0.0789,0
sf,total,total,f,"[35,50)",0.26,36.3,33.5,39.6,0.0848,0
sf,total,total,f,"[35,50)",0.27,36.7,33.9,40,0.0913,0
sf,total,total,f,"[35,50)",0.28,37,34.2,40.3,0.0973,0
sf,total,total,f,"[35,50)",0.29,37.4,34.6,40.7,0.1039,0
sf,total,total,f,"[35,50)",0.3,37.8,34.9,41,0.1111,0
sf,total,total,f,"[35,50)",0.31,38.2,35.2,41.3,0.1183,0
sf,total,total,f,"[35,50)",0.32,38.5,35.6,41.6,0.1256,0
sf,total,total,f,"[35,50)",0.33,38.9,35.9,42,0.1328,0
sf,total,total,f,"[35,50)",0.34,39.2,36.3,42.3,0.141,0
sf,total,total,f,"[35,50)",0.35,39.6,36.6,42.6,0.1486,0
sf,total,total,f,"[35,50)",0.36,39.9,36.9,42.9,0.1571,0
sf,total,total,f,"[35,50)",0.37,40.3,37.3,43.2,0.165,0
sf,total,total,f,"[35,50)",0.38,40.6,37.6,43.6,0.173,0
sf,total,total,f,"[35,50)",0.39,40.9,38,43.9,0.1815,0
sf,total,total,f,"[35,50)",0.4,41.2,38.3,44.2,0.1906,0
sf,total,total,f,"[35,50)",0.41,41.6,38.6,44.5,0.1991,0
sf,total,total,f,"[35,50)",0.42,41.9,38.9,44.8,0.2078,0
sf,total,total,f,"[35,50)",0.43,42.2,39.2,45,0.217,0
sf,total,total,f,"[35,50)",0.44,42.5,39.5,45.3,0.2261,0
sf,total,total,f,"[35,50)",0.45,42.8,39.8,45.6,0.2351,0
sf,total,total,f,"[35,50)",0.46,43.1,40.1,45.9,0.244,0
sf,total,total,f,"[35,50)",0.47,43.4,40.4,46.2,0.2532,0
sf,total,total,f,"[35,50)",0.48,43.6,40.7,46.4,0.2623,0
sf,total,total,f,"[35,50)",0.49,43.9,41,46.7,0.2715,0
sf,total,total,f,"[35,50)",0.5,44.2,41.3,47,0.2808,0
sf,total,total,f,"[35,50)",0.51,44.5,41.6,47.3,0.2906,0
sf,total,total,f,"[35,50)",0.52,44.8,41.9,47.6,0.3005,0
sf,total,total,f,"[35,50)",0.53,45,42.1,47.8,0.3091,0
sf,total,total,f,"[35,50)",0.54,45.3,42.4,48.1,0.3195,0
sf,total,total,f,"[35,50)",0.55,45.6,42.7,48.4,0.3288,0
sf,total,total,f,"[35,50)",0.56,45.8,43,48.7,0.3381,0
sf,total,total,f,"[35,50)",0.57,46.1,43.3,49,0.3485,0
sf,total,total,f,"[35,50)",0.58,46.4,43.5,49.3,0.3591,0
sf,total,total,f,"[35,50)",0.59,46.7,43.8,49.6,0.3688,0
sf,total,total,f,"[35,50)",0.6,46.9,44.1,49.9,0.3791,0
sf,total,total,f,"[35,50)",0.61,47.2,44.3,50.2,0.39,0
sf,total,total,f,"[35,50)",0.62,47.5,44.6,50.5,0.4005,0
sf,total,total,f,"[35,50)",0.63,47.7,44.8,50.8,0.4097,0
sf,total,total,f,"[35,50)",0.64,48,45.1,51.1,0.4208,0
sf,total,total,f,"[35,50)",0.65,48.3,45.3,51.4,0.4313,0
sf,total,total,f,"[35,50)",0.66,48.5,45.6,51.7,0.4419,0
sf,total,total,f,"[35,50)",0.67,48.8,45.8,52,0.4525,0
sf,total,total,f,"[35,50)",0.68,49.1,46.1,52.3,0.4642,0
sf,total,total,f,"[35,50)",0.69,49.4,46.3,52.6,0.4755,0
sf,total,total,f,"[35,50)",0.7,49.7,46.6,52.9,0.4879,0
sf,total,total,f,"[35,50)",0.71,50,46.9,53.2,0.4998,0
sf,total,total,f,"[35,50)",0.72,50.3,47.1,53.5,0.5105,0
sf,total,total,f,"[35,50)",0.73,50.6,47.4,53.9,0.5229,0
sf,total,total,f,"[35,50)",0.74,50.9,47.6,54.2,0.5348,0
sf,total,total,f,"[35,50)",0.75,51.2,47.9,54.5,0.5465,0
sf,total,total,f,"[35,50)",0.76,51.5,48.2,54.8,0.5584,0
sf,total,total,f,"[35,50)",0.77,51.8,48.4,55.1,0.5695,0
sf,total,total,f,"[35,50)",0.78,52.1,48.7,55.4,0.5814,0
sf,total,total,f,"[35,50)",0.79,52.4,48.9,55.7,0.5929,0
sf,total,total,f,"[35,50)",0.8,52.7,49.2,56,0.6056,0
sf,total,total,f,"[35,50)",0.81,53,49.5,56.3,0.6176,0
sf,total,total,f,"[35,50)",0.82,53.3,49.7,56.6,0.6288,0
sf,total,total,f,"[35,50)",0.83,53.6,50,57,0.641,0
sf,total,total,f,"[35,50)",0.84,53.9,50.2,57.3,0.6524,0
sf,total,total,f,"[35,50)",0.85,54.2,50.5,57.6,0.663,0
sf,total,total,f,"[35,50)",0.86,54.5,50.8,57.9,0.67490000000000006,0
sf,total,total,f,"[35,50)",0.87,54.8,51.1,58.2,0.686,0
sf,total,total,f,"[35,50)",0.88,55.2,51.3,58.6,0.6979,0
sf,total,total,f,"[35,50)",0.89,55.5,51.6,58.9,0.7084,0
sf,total,total,f,"[35,50)",0.9,55.8,51.9,59.2,0.7189,0
sf,total,total,f,"[35,50)",0.91,56.1,52.2,59.5,0.7301,0
sf,total,total,f,"[35,50)",0.92,56.5,52.5,59.8,0.7406,0
sf,total,total,f,"[35,50)",0.93,56.8,52.7,60.1,0.7512,0
sf,total,total,f,"[35,50)",0.94,57.1,53,60.4,0.7611,0
sf,total,total,f,"[35,50)",0.95,57.4,53.3,60.7,0.7712,0
sf,total,total,f,"[35,50)",0.96,57.7,53.6,61,0.7802,0
sf,total,total,f,"[35,50)",0.97,58,53.9,61.3,0.7893,0
sf,total,total,f,"[35,50)",0.98,58.4,54.1,61.6,0.7985,0
sf,total,total,f,"[35,50)",0.99,58.7,54.4,61.9,0.8078,0
sf,total,total,f,"[35,50)",1,59,54.7,62.2,0.8164,0
sf,total,total,f,"[35,50)",1.01,59.3,55,62.5,0.8242,0
sf,total,total,f,"[35,50)",1.02,59.6,55.3,62.8,0.8322,0
sf,total,total,f,"[35,50)",1.03,59.9,55.6,63,0.84,0
sf,total,total,f,"[35,50)",1.04,60.3,55.9,63.3,0.8479,0
sf,total,total,f,"[35,50)",1.05,60.6,56.2,63.6,0.8551,0
sf,total,total,f,"[35,50)",1.06,60.9,56.5,63.9,0.8617,0
sf,total,total,f,"[35,50)",1.07,61.2,56.8,64.1,0.8683,0
sf,total,total,f,"[35,50)",1.08,61.5,57.1,64.4,0.8742,0
sf,total,total,f,"[35,50)",1.09,61.8,57.4,64.6,0.8808,0
sf,total,total,f,"[35,50)",1.1,62.1,57.7,64.9,0.8867,0
sf,total,total,f,"[35,50)",1.11,62.4,58,65.2,0.8926,0
sf,total,total,f,"[35,50)",1.12,62.7,58.3,65.4,0.8973,0
sf,total,total,f,"[35,50)",1.13,62.9,58.6,65.7,0.9022,0
sf,total,total,f,"[35,50)",1.14,63.2,58.9,65.9,0.9071,0
sf,total,total,f,"[35,50)",1.15,63.5,59.2,66.2,0.9117,0
sf,total,total,f,"[35,50)",1.16,63.8,59.5,66.5,0.9163,0
sf,total,total,f,"[35,50)",1.17,64.1,59.8,66.8,0.9203,0
sf,total,total,f,"[35,50)",1.18,64.4,60.1,67,0.9248,0
sf,total,total,f,"[35,50)",1.19,64.6,60.4,67.3,0.9282,0
sf,total,total,f,"[35,50)",1.2,64.9,60.7,67.6,0.9322,0
sf,total,total,f,"[35,50)",1.21,65.2,61,67.8,0.9353,0
sf,total,total,f,"[35,50)",1.22,65.4,61.3,68.1,0.9387,0
sf,total,total,f,"[35,50)",1.23,65.7,61.5,68.3,0.942,0
sf,total,total,f,"[35,50)",1.24,66,61.8,68.6,0.9452,0
sf,total,total,f,"[35,50)",1.25,66.2,62.1,68.8,0.9479,0
sf,total,total,f,"[35,50)",1.26,66.5,62.4,69.1,0.9506,0
sf,total,total,f,"[35,50)",1.27,66.8,62.7,69.3,0.9532,0
sf,total,total,f,"[35,50)",1.28,67,62.9,69.6,0.9558,0
sf,total,total,f,"[35,50)",1.29,67.3,63.2,69.8,0.9582,0
sf,total,total,f,"[35,50)",1.3,67.6,63.5,70.1,0.9604,0
sf,total,total,f,"[35,50)",1.31,67.9,63.8,70.3,0.9631,0
sf,total,total,f,"[35,50)",1.32,68.1,64,70.5,0.965,0
sf,total,total,f,"[35,50)",1.33,68.4,64.3,70.8,0.967,0
sf,total,total,f,"[35,50)",1.34,68.6,64.5,71,0.9683,0
sf,total,total,f,"[35,50)",1.35,68.9,64.8,71.2,0.9703,0
sf,total,total,f,"[35,50)",1.36,69.2,65.1,71.4,0.9723,0
sf,total,total,f,"[35,50)",1.37,69.3,65.3,71.7,0.973,0
sf,total,total,f,"[35,50)",1.38,69.6,65.6,71.9,0.9749,0
sf,total,total,f,"[35,50)",1.39,69.8,65.8,72.2,0.9762,0
sf,total,total,f,"[35,50)",1.4,70.2,66.1,72.4,0.9782,0
sf,total,total,f,"[35,50)",1.41,70.2,66.4,72.6,0.9782,0
sf,total,total,f,"[35,50)",1.42,70.6,66.6,72.8,0.9802,0
sf,total,total,f,"[35,50)",1.43,70.8,66.9,73.1,0.9812,0
sf,total,total,f,"[35,50)",1.44,71,67.1,73.3,0.9822,0
sf,total,total,f,"[35,50)",1.45,71.5,67.4,73.5,0.9842,0
sf,total,total,f,"[35,50)",1.46,71.5,67.7,73.8,0.9842,0
sf,total,total,f,"[35,50)",1.47,71.5,67.9,74,0.9842,0
sf,total,total,f,"[35,50)",1.48,72,68.2,74.3,0.9861,0
sf,total,total,f,"[35,50)",1.49,72,68.4,74.5,0.9861,0
sf,total,total,f,"[35,50)",1.5,72.6,68.7,74.8,0.9881,0
sf,total,total,f,"[35,50)",1.51,72.6,68.9,75.1,0.9881,0
sf,total,total,f,"[35,50)",1.52,72.6,69.2,75.3,0.9881,0
sf,total,total,f,"[35,50)",1.53,73.3,69.4,75.6,0.9901,0
sf,total,total,f,"[35,50)",1.54,73.3,69.7,75.8,0.9901,0
sf,total,total,f,"[35,50)",1.55,73.3,69.9,76.1,0.9901,0
sf,total,total,f,"[35,50)",1.56,74.1,70.1,76.4,0.9921,0
sf,total,total,f,"[35,50)",1.57,74.1,70.4,76.7,0.9921,0
sf,total,total,f,"[35,50)",1.58,74.1,70.6,76.9,0.9921,0
sf,total,total,f,"[35,50)",1.59,74.1,70.9,77.2,0.9921,0
sf,total,total,f,"[35,50)",1.6,75.2,71.1,77.5,0.9941,0
sf,total,total,f,"[35,50)",1.61,75.2,71.3,77.8,0.9941,0
sf,total,total,f,"[35,50)",1.62,75.2,71.5,78.2,0.9941,0
sf,total,total,f,"[35,50)",1.63,75.2,71.8,78.5,0.9941,0
sf,total,total,f,"[35,50)",1.64,76.6,72,78.9,0.996,1
sf,total,total,f,"[35,50)",1.65,76.6,72.2,79.2,0.996,1
sf,total,total,f,"[35,50)",1.66,76.6,72.4,79.6,0.996,1
sf,total,total,f,"[35,50)",1.67,76.6,72.6,79.9,0.996,1
sf,total,total,f,"[35,50)",1.68,76.6,72.9,80.3,0.996,1
sf,total,total,f,"[35,50)",1.69,76.6,73.1,80.6,0.996,1
sf,total,total,f,"[35,50)",1.7,78.8,73.3,81,0.998,1
sf,total,total,f,"[35,50)",1.71,78.8,73.5,81.5,0.998,1
sf,total,total,f,"[35,50)",1.72,78.8,73.8,81.9,0.998,1
sf,total,total,f,"[35,50)",1.73,78.8,74,82.4,0.998,1
sf,total,total,f,"[35,50)",1.74,78.8,74.3,82.8,0.998,1
sf,total,total,f,"[35,50)",1.75,78.8,74.5,83.3,0.998,1
sf,total,total,f,"[35,50)",1.76,78.8,74.8,83.7,0.998,1
sf,total,total,f,"[35,50)",1.77,78.8,75,84.2,0.998,1
sf,total,total,f,"[35,50)",1.78,87.2,75.3,84.6,1,1
sf,total,total,f,"[35,50)",1.79,87.2,75.5,85.1,1,1
sf,total,total,f,"[35,50)",1.8,87.2,75.8,85.5,1,1
sf,total,total,f,"[35,50)",1.81,87.2,76.1,85.8,1,1
sf,total,total,f,"[35,50)",1.82,87.2,76.3,86.2,1,1
sf,total,total,f,"[35,50)",1.83,87.2,76.6,86.5,1,1
sf,total,total,f,"[35,50)",1.84,87.2,76.8,86.9,1,1
sf,total,total,f,"[35,50)",1.85,87.2,77.1,87.2,1,1
sf,total,total,f,"[35,50)",1.86,87.2,77.4,87.2,1,1
sf,total,total,f,"[35,50)",1.87,87.2,77.7,87.2,1,1
sf,total,total,f,"[35,50)",1.88,87.2,78,87.2,1,1
sf,total,total,f,"[35,50)",1.89,87.2,78.3,87.2,1,1
sf,total,total,f,"[35,50)",1.9,87.2,78.6,87.2,1,1
sf,total,total,f,"[35,50)",1.91,87.2,78.9,87.2,1,1
sf,total,total,f,"[35,50)",1.92,87.2,79.3,87.2,1,1
sf,total,total,f,"[35,50)",1.93,87.2,79.6,87.2,1,1
sf,total,total,f,"[35,50)",1.94,87.2,80,87.2,1,1
sf,total,total,f,"[35,50)",1.95,87.2,80.3,87.2,1,1
sf,total,total,f,"[35,50)",1.96,87.2,80.6,87.2,1,1
sf,total,total,f,"[35,50)",1.97,87.2,80.9,87.2,1,1
sf,total,total,f,"[35,50)",1.98,87.2,81.2,87.2,1,1
sf,total,total,f,"[35,50)",1.99,87.2,81.5,87.2,1,1
sf,total,total,f,"[35,50)",2,87.2,81.8,87.2,1,1
sf,total,total,f,"[35,50)",2.01,87.2,82.2,87.2,1,1
sf,total,total,f,"[35,50)",2.02,87.2,82.5,87.2,1,1
sf,total,total,f,"[35,50)",2.03,87.2,82.9,87.2,1,1
sf,total,total,f,"[35,50)",2.04,87.2,83.2,87.2,1,1
sf,total,total,f,"[35,50)",2.05,87.2,83.6,87.2,1,1
sf,total,total,f,"[35,50)",2.06,87.2,84,87.2,1,1
sf,total,total,f,"[35,50)",2.07,87.2,84.4,87.2,1,1
sf,total,total,f,"[35,50)",2.08,87.2,84.7,87.2,1,1
sf,total,total,f,"[35,50)",2.09,87.2,85.1,87.2,1,1
sf,total,total,f,"[35,50)",2.1,87.2,85.5,87.2,1,1
sf,total,total,f,"[35,50)",2.11,87.2,85.5,87.2,1,1
sf,total,total,f,"[35,50)",2.12,87.2,85.5,87.2,1,1
sf,total,total,f,"[35,50)",2.13,87.2,85.5,87.2,1,1
sf,total,total,f,"[35,50)",2.14,87.2,85.5,87.2,1,1
sf,total,total,f,"[35,50)",2.15,87.2,85.5,87.2,1,1
sf,total,total,f,"[35,50)",2.16,87.2,85.8,87.2,1,1
sf,total,total,f,"[35,50)",2.17,87.2,86.2,87.2,1,1
sf,total,total,f,"[35,50)",2.18,87.2,86.5,87.2,1,1
sf,total,total,f,"[35,50)",2.19,87.2,86.9,87.2,1,1
sf,total,total,f,"[35,50)",2.2,87.2,87.2,87.2,1,1
sf,total,total,f,"[35,50)",2.21,87.2,87.2,87.2,1,1
sf,total,total,f,"[35,50)",2.22,87.2,87.2,87.2,1,1
sf,total,total,f,"[35,50)",2.23,87.2,87.2,87.2,1,1
sf,total,total,f,"[35,50)",2.24,87.2,87.2,87.2,1,1
sf,total,total,f,"[35,50)",2.25,87.2,87.2,87.2,1,1
sf,total,total,f,"[35,50)",2.26,87.2,87.2,87.2,1,1
sf,total,total,f,"[35,50)",2.27,87.2,87.2,87.2,1,1
sf,total,total,f,"[35,50)",2.28,87.2,87.2,87.2,1,1
sf,total,total,f,"[35,50)",2.29,87.2,87.2,87.2,1,1
sf,total,total,f,"[35,50)",2.3,87.2,87.2,87.2,1,1
sf,total,total,f,"[35,50)",2.31,87.2,87.2,87.2,1,1
sf,total,total,f,"[35,50)",2.32,87.2,87.2,87.2,1,1
sf,total,total,f,"[35,50)",2.33,87.2,87.2,87.2,1,1
sf,total,total,f,"[35,50)",2.34,87.2,87.2,87.2,1,1
sf,total,total,f,"[35,50)",2.35,87.2,87.2,87.2,1,1
sf,total,total,f,"[35,50)",2.36,87.2,87.2,87.2,1,1
sf,total,total,f,"[35,50)",2.37,87.2,87.2,87.2,1,1
sf,total,total,f,"[35,50)",2.38,87.2,87.2,87.2,1,1
sf,total,total,f,"[35,50)",2.39,87.2,87.2,87.2,1,1
sf,total,total,f,"[35,50)",2.4,87.2,87.2,87.2,1,1
sf,total,total,f,"[35,50)",2.41,87.2,87.2,87.2,1,1
sf,total,total,f,"[35,50)",2.42,87.2,87.2,87.2,1,1
sf,total,total,f,"[35,50)",2.43,87.2,87.2,87.2,1,1
sf,total,total,f,"[35,50)",2.44,87.2,87.2,87.2,1,1
sf,total,total,f,"[35,50)",2.45,87.2,87.2,87.2,1,1
sf,total,total,f,"[35,50)",2.46,87.2,87.2,87.2,1,1
sf,total,total,f,"[35,50)",2.47,87.2,87.2,87.2,1,1
sf,total,total,f,"[35,50)",2.48,87.2,87.2,87.2,1,1
sf,total,total,f,"[35,50)",2.49,87.2,87.2,87.2,1,1
sf,total,total,f,"[35,50)",2.5,87.2,87.2,87.2,1,1
sf,total,total,f,"[35,50)",2.51,87.2,87.2,87.2,1,1
sf,total,total,f,"[35,50)",2.52,87.2,87.2,87.2,1,1
sf,total,total,f,"[35,50)",2.53,87.2,87.2,87.2,1,1
sf,total,total,f,"[35,50)",2.54,87.2,87.2,87.2,1,1
sf,total,total,f,"[35,50)",2.55,87.2,87.2,87.2,1,1
sf,total,total,f,"[35,50)",2.56,87.2,87.2,87.2,1,1
sf,total,total,f,"[35,50)",2.57,87.2,87.2,87.2,1,1
sf,total,total,f,"[35,50)",2.58,87.2,87.2,87.2,1,1
sf,total,total,f,"[35,50)",2.59,87.2,87.2,87.2,1,1
sf,total,total,f,"[35,50)",2.6,87.2,87.2,87.2,1,1
sf,total,total,f,"[35,50)",2.61,87.2,87.2,87.2,1,1
sf,total,total,f,"[35,50)",2.62,87.2,87.2,87.2,1,1
sf,total,total,f,"[35,50)",2.63,87.2,87.2,87.2,1,1
sf,total,total,f,"[35,50)",2.64,87.2,87.2,87.2,1,1
sf,total,total,f,"[35,50)",2.65,87.2,87.2,87.2,1,1
sf,total,total,f,"[35,50)",2.66,87.2,87.2,87.2,1,1
sf,total,total,f,"[35,50)",2.67,87.2,87.2,87.2,1,1
sf,total,total,f,"[35,50)",2.68,87.2,87.2,87.2,1,1
sf,total,total,f,"[35,50)",2.69,87.2,87.2,87.2,1,1
sf,total,total,f,"[35,50)",2.7,87.2,87.2,87.2,1,1
sf,total,total,f,"[35,50)",2.71,87.2,87.2,87.2,1,1
sf,total,total,f,"[35,50)",2.72,87.2,87.2,87.2,1,1
sf,total,total,f,"[35,50)",2.73,87.2,87.2,87.2,1,1
sf,total,total,f,"[35,50)",2.74,87.2,87.2,87.2,1,1
sf,total,total,f,"[35,50)",2.75,87.2,87.2,87.2,1,1
sf,total,total,f,"[35,50)",2.76,87.2,87.2,87.2,1,1
sf,total,total,f,"[35,50)",2.77,87.2,87.2,87.2,1,1
sf,total,total,f,"[35,50)",2.78,87.2,87.2,87.2,1,1
sf,total,total,f,"[35,50)",2.79,87.2,87.2,87.2,1,1
sf,total,total,f,"[35,50)",2.8,87.2,87.2,87.2,1,1
sf,total,total,f,"[35,50)",2.81,87.2,87.2,87.2,1,1
sf,total,total,f,"[35,50)",2.82,87.2,87.2,87.2,1,1
sf,total,total,f,"[35,50)",2.83,87.2,87.2,87.2,1,1
sf,total,total,f,"[35,50)",2.84,87.2,87.2,87.2,1,1
sf,total,total,f,"[35,50)",2.85,87.2,87.2,87.2,1,1
sf,total,total,f,"[35,50)",2.86,87.2,87.2,87.2,1,1
sf,total,total,f,"[35,50)",2.87,87.2,87.2,87.2,1,1
sf,total,total,f,"[35,50)",2.88,87.2,87.2,87.2,1,1
sf,total,total,f,"[35,50)",2.89,87.2,87.2,87.2,1,1
sf,total,total,f,"[35,50)",2.9,87.2,87.2,87.2,1,1
sf,total,total,f,"[35,50)",2.91,87.2,87.2,87.2,1,1
sf,total,total,f,"[35,50)",2.92,87.2,87.2,87.2,1,1
sf,total,total,f,"[35,50)",2.93,87.2,87.2,87.2,1,1
sf,total,total,f,"[35,50)",2.94,87.2,87.2,87.2,1,1
sf,total,total,f,"[35,50)",2.95,87.2,87.2,87.2,1,1
sf,total,total,f,"[35,50)",2.96,87.2,87.2,87.2,1,1
sf,total,total,f,"[35,50)",2.97,87.2,87.2,87.2,1,1
sf,total,total,f,"[35,50)",2.98,87.2,87.2,87.2,1,1
sf,total,total,f,"[35,50)",2.99,87.2,87.2,87.2,1,1
sf,total,total,f,"[35,50)",3,87.2,87.2,87.2,1,1
sf,total,total,f,"[50,65)",0,21.2,23,25.1,0.002,1
sf,total,total,f,"[50,65)",0.01,22.3,23.1,26.1,0.0028,1
sf,total,total,f,"[50,65)",0.02,23.2,23.3,27,0.0037,1
sf,total,total,f,"[50,65)",0.03,24.1,23.4,28,0.0049,1
sf,total,total,f,"[50,65)",0.04,24.9,23.6,28.9,0.0061,0
sf,total,total,f,"[50,65)",0.05,25.6,23.7,29.9,0.0073,0
sf,total,total,f,"[50,65)",0.06,26.3,24.2,30.5,0.0089,0
sf,total,total,f,"[50,65)",0.07,27.2,24.8,31.2,0.0113,0
sf,total,total,f,"[50,65)",0.08,27.9,25.3,31.8,0.0134,0
sf,total,total,f,"[50,65)",0.09,28.5,25.9,32.5,0.0158,0
sf,total,total,f,"[50,65)",0.1,29.1,26.4,33.1,0.0183,0
sf,total,total,f,"[50,65)",0.11,29.8,27,33.6,0.0215,0
sf,total,total,f,"[50,65)",0.12,30.3,27.5,34.1,0.0244,0
sf,total,total,f,"[50,65)",0.13,30.9,28.1,34.7,0.028,0
sf,total,total,f,"[50,65)",0.14,31.4,28.6,35.2,0.0316,0
sf,total,total,f,"[50,65)",0.15,32,29.2,35.7,0.0357,0
sf,total,total,f,"[50,65)",0.16,32.5,29.7,36.1,0.0397,0
sf,total,total,f,"[50,65)",0.17,32.9,30.1,36.6,0.0438,0
sf,total,total,f,"[50,65)",0.18,33.5,30.6,37,0.049,0
sf,total,total,f,"[50,65)",0.19,33.9,31,37.5,0.0536,0
sf,total,total,f,"[50,65)",0.2,34.4,31.5,37.9,0.0596,0
sf,total,total,f,"[50,65)",0.21,34.9,31.9,38.3,0.0653,0
sf,total,total,f,"[50,65)",0.22,35.3,32.3,38.7,0.0706,0
sf,total,total,f,"[50,65)",0.23,35.7,32.8,39.1,0.0763,0
sf,total,total,f,"[50,65)",0.24,36.1,33.2,39.5,0.0824,0
sf,total,total,f,"[50,65)",0.25,36.5,33.6,39.9,0.0892,0
sf,total,total,f,"[50,65)",0.26,36.9,34,40.3,0.0958,0
sf,total,total,f,"[50,65)",0.27,37.3,34.4,40.6,0.1022,0
sf,total,total,f,"[50,65)",0.28,37.7,34.7,41,0.1095,0
sf,total,total,f,"[50,65)",0.29,38.1,35.1,41.3,0.1165,0
sf,total,total,f,"[50,65)",0.3,38.5,35.5,41.7,0.1242,0
sf,total,total,f,"[50,65)",0.31,38.8,35.9,42.1,0.1319,0
sf,total,total,f,"[50,65)",0.32,39.2,36.2,42.4,0.1397,0
sf,total,total,f,"[50,65)",0.33,39.5,36.6,42.8,0.1477,0
sf,total,total,f,"[50,65)",0.34,39.9,36.9,43.1,0.1559,0
sf,total,total,f,"[50,65)",0.35,40.3,37.3,43.5,0.1652,0
sf,total,total,f,"[50,65)",0.36,40.6,37.6,43.9,0.1734,0
sf,total,total,f,"[50,65)",0.37,41,38,44.2,0.1831,0
sf,total,total,f,"[50,65)",0.38,41.3,38.3,44.6,0.1916,0
sf,total,total,f,"[50,65)",0.39,41.6,38.7,44.9,0.201,0
sf,total,total,f,"[50,65)",0.4,41.9,39,45.3,0.2103,0
sf,total,total,f,"[50,65)",0.41,42.3,39.3,45.6,0.2204,0
sf,total,total,f,"[50,65)",0.42,42.6,39.6,46,0.2304,0
sf,total,total,f,"[50,65)",0.43,43,40,46.3,0.2405,0
sf,total,total,f,"[50,65)",0.44,43.3,40.3,46.7,0.2507,0
sf,total,total,f,"[50,65)",0.45,43.6,40.6,47,0.2615,0
sf,total,total,f,"[50,65)",0.46,44,40.9,47.3,0.2728,0
sf,total,total,f,"[50,65)",0.47,44.3,41.2,47.7,0.2838,0
sf,total,total,f,"[50,65)",0.48,44.6,41.5,48,0.296,0
sf,total,total,f,"[50,65)",0.49,45,41.8,48.4,0.3069,0
sf,total,total,f,"[50,65)",0.5,45.3,42.1,48.7,0.3189,0
sf,total,total,f,"[50,65)",0.51,45.6,42.4,49,0.3317,0
sf,total,total,f,"[50,65)",0.52,46,42.7,49.3,0.3443,0
sf,total,total,f,"[50,65)",0.53,46.3,43,49.7,0.3565,0
sf,total,total,f,"[50,65)",0.54,46.7,43.3,50,0.3691,0
sf,total,total,f,"[50,65)",0.55,47,43.6,50.3,0.3816,0
sf,total,total,f,"[50,65)",0.56,47.3,43.9,50.6,0.395,0
sf,total,total,f,"[50,65)",0.57,47.6,44.2,50.9,0.4069,0
sf,total,total,f,"[50,65)",0.58,48,44.5,51.3,0.4202,0
sf,total,total,f,"[50,65)",0.59,48.3,44.8,51.6,0.4328,0
sf,total,total,f,"[50,65)",0.6,48.6,45.1,51.9,0.4454,0
sf,total,total,f,"[50,65)",0.61,49,45.4,52.2,0.4589,0
sf,total,total,f,"[50,65)",0.62,49.3,45.7,52.5,0.4714,0
sf,total,total,f,"[50,65)",0.63,49.6,46,52.8,0.4843,0
sf,total,total,f,"[50,65)",0.64,49.9,46.3,53.1,0.4965,0
sf,total,total,f,"[50,65)",0.65,50.2,46.6,53.4,0.5087,0
sf,total,total,f,"[50,65)",0.66,50.5,46.9,53.7,0.5214,0
sf,total,total,f,"[50,65)",0.67,50.8,47.2,54,0.5332,0
sf,total,total,f,"[50,65)",0.68,51.2,47.6,54.4,0.546,0
sf,total,total,f,"[50,65)",0.69,51.5,47.9,54.7,0.5578,0
sf,total,total,f,"[50,65)",0.7,51.8,48.2,55,0.5696,0
sf,total,total,f,"[50,65)",0.71,52.1,48.5,55.3,0.5813,0
sf,total,total,f,"[50,65)",0.72,52.4,48.8,55.6,0.5938,0
sf,total,total,f,"[50,65)",0.73,52.7,49.1,56,0.6057,0
sf,total,total,f,"[50,65)",0.74,53,49.4,56.3,0.6171,0
sf,total,total,f,"[50,65)",0.75,53.3,49.7,56.6,0.6288,0
sf,total,total,f,"[50,65)",0.76,53.6,50,56.9,0.6402,0
sf,total,total,f,"[50,65)",0.77,53.9,50.3,57.2,0.6516,0
sf,total,total,f,"[50,65)",0.78,54.2,50.5,57.6,0.6639,0
sf,total,total,f,"[50,65)",0.79,54.5,50.8,57.9,0.6752,0
sf,total,total,f,"[50,65)",0.8,54.8,51.1,58.2,0.6857,0
sf,total,total,f,"[50,65)",0.81,55.2,51.4,58.5,0.697,0
sf,total,total,f,"[50,65)",0.82,55.5,51.7,58.8,0.7075,0
sf,total,total,f,"[50,65)",0.83,55.8,51.9,59.2,0.7181,0
sf,total,total,f,"[50,65)",0.84,56.1,52.2,59.5,0.7295,0
sf,total,total,f,"[50,65)",0.85,56.4,52.5,59.8,0.7396,0
sf,total,total,f,"[50,65)",0.86,56.8,52.8,60.1,0.7502,0
sf,total,total,f,"[50,65)",0.87,57.1,53.1,60.4,0.7604,0
sf,total,total,f,"[50,65)",0.88,57.4,53.4,60.7,0.7702,0
sf,total,total,f,"[50,65)",0.89,57.7,53.7,61,0.7802,0
sf,total,total,f,"[50,65)",0.9,58,54,61.3,0.7896,0
sf,total,total,f,"[50,65)",0.91,58.4,54.3,61.6,0.7989,0
sf,total,total,f,"[50,65)",0.92,58.7,54.6,61.9,0.8078,0
sf,total,total,f,"[50,65)",0.93,59,54.8,62.3,0.8172,0
sf,total,total,f,"[50,65)",0.94,59.4,55.1,62.6,0.8253,0
sf,total,total,f,"[50,65)",0.95,59.7,55.4,62.9,0.8335,0
sf,total,total,f,"[50,65)",0.96,60,55.7,63.2,0.8411,0
sf,total,total,f,"[50,65)",0.97,60.3,56,63.5,0.8488,0
sf,total,total,f,"[50,65)",0.98,60.6,56.3,63.8,0.8562,0
sf,total,total,f,"[50,65)",0.99,61,56.6,64.1,0.8635,0
sf,total,total,f,"[50,65)",1,61.3,56.9,64.4,0.8707,0
sf,total,total,f,"[50,65)",1.01,61.6,57.2,64.7,0.8769,0
sf,total,total,f,"[50,65)",1.02,61.9,57.5,65,0.8832,0
sf,total,total,f,"[50,65)",1.03,62.2,57.8,65.2,0.889,0
sf,total,total,f,"[50,65)",1.04,62.5,58.1,65.5,0.895,0
sf,total,total,f,"[50,65)",1.05,62.9,58.4,65.8,0.9007,0
sf,total,total,f,"[50,65)",1.06,63.2,58.7,66.1,0.906,0
sf,total,total,f,"[50,65)",1.07,63.5,59,66.4,0.9112,0
sf,total,total,f,"[50,65)",1.08,63.8,59.2,66.7,0.9161,0
sf,total,total,f,"[50,65)",1.09,64.1,59.5,67,0.9206,0
sf,total,total,f,"[50,65)",1.1,64.4,59.8,67.3,0.925,0
sf,total,total,f,"[50,65)",1.11,64.7,60.1,67.6,0.9291,0
sf,total,total,f,"[50,65)",1.12,65,60.4,67.8,0.933,0
sf,total,total,f,"[50,65)",1.13,65.3,60.8,68.1,0.9368,0
sf,total,total,f,"[50,65)",1.14,65.6,61.1,68.3,0.9401,0
sf,total,total,f,"[50,65)",1.15,65.9,61.4,68.6,0.9441,0
sf,total,total,f,"[50,65)",1.16,66.2,61.7,68.9,0.947,0
sf,total,total,f,"[50,65)",1.17,66.5,62,69.2,0.9501,0
sf,total,total,f,"[50,65)",1.18,66.7,62.3,69.4,0.953,0
sf,total,total,f,"[50,65)",1.19,67,62.6,69.7,0.9558,0
sf,total,total,f,"[50,65)",1.2,67.3,62.9,70,0.9583,0
sf,total,total,f,"[50,65)",1.21,67.6,63.2,70.3,0.9607,0
sf,total,total,f,"[50,65)",1.22,67.8,63.5,70.5,0.9627,0
sf,total,total,f,"[50,65)",1.23,68.1,63.7,70.8,0.9651,0
sf,total,total,f,"[50,65)",1.24,68.4,64,71,0.9672,0
sf,total,total,f,"[50,65)",1.25,68.7,64.3,71.3,0.969,0
sf,total,total,f,"[50,65)",1.26,68.9,64.6,71.6,0.9708,0
sf,total,total,f,"[50,65)",1.27,69.2,64.9,71.9,0.9728,0
sf,total,total,f,"[50,65)",1.28,69.5,65.2,72.1,0.9744,0
sf,total,total,f,"[50,65)",1.29,69.8,65.5,72.4,0.9761,0
sf,total,total,f,"[50,65)",1.3,70.1,65.8,72.7,0.9777,0
sf,total,total,f,"[50,65)",1.31,70.3,66.1,73,0.9789,0
sf,total,total,f,"[50,65)",1.32,70.6,66.3,73.3,0.9801,0
sf,total,total,f,"[50,65)",1.33,70.8,66.6,73.6,0.9813,0
sf,total,total,f,"[50,65)",1.34,71.1,66.8,73.9,0.9826,0
sf,total,total,f,"[50,65)",1.35,71.4,67.1,74.2,0.9838,0
sf,total,total,f,"[50,65)",1.36,71.7,67.4,74.5,0.985,0
sf,total,total,f,"[50,65)",1.37,72,67.7,74.9,0.9862,0
sf,total,total,f,"[50,65)",1.38,72.4,67.9,75.2,0.98740000000000006,0
sf,total,total,f,"[50,65)",1.39,72.6,68.2,75.6,0.9882,0
sf,total,total,f,"[50,65)",1.4,72.9,68.5,75.9,0.9891,0
sf,total,total,f,"[50,65)",1.41,73.2,68.8,76.2,0.9898,0
sf,total,total,f,"[50,65)",1.42,73.5,69,76.6,0.9906,0
sf,total,total,f,"[50,65)",1.43,73.8,69.3,76.9,0.9914,0
sf,total,total,f,"[50,65)",1.44,74,69.5,77.3,0.9919,0
sf,total,total,f,"[50,65)",1.45,74.4,69.8,77.6,0.9927,0
sf,total,total,f,"[50,65)",1.46,74.6,70.1,78,0.9931,0
sf,total,total,f,"[50,65)",1.47,75.1,70.3,78.4,0.9939,0
sf,total,total,f,"[50,65)",1.48,75.3,70.6,78.7,0.9943,0
sf,total,total,f,"[50,65)",1.49,75.8,70.8,79.1,0.9951,1
sf,total,total,f,"[50,65)",1.5,76.1,71.1,79.5,0.9955,1
sf,total,total,f,"[50,65)",1.51,76.5,71.4,79.9,0.996,1
sf,total,total,f,"[50,65)",1.52,76.8,71.7,80.3,0.9963,1
sf,total,total,f,"[50,65)",1.53,77.2,71.9,80.8,0.9968,1
sf,total,total,f,"[50,65)",1.54,77.7,72.2,81.2,0.9972,1
sf,total,total,f,"[50,65)",1.55,78.1,72.5,81.6,0.9976,1
sf,total,total,f,"[50,65)",1.56,78.1,72.8,82.1,0.9976,1
sf,total,total,f,"[50,65)",1.57,78.1,73.1,82.7,0.9976,1
sf,total,total,f,"[50,65)",1.58,78.8,73.4,83.2,0.998,1
sf,total,total,f,"[50,65)",1.59,80.3,73.7,83.8,0.9988,1
sf,total,total,f,"[50,65)",1.6,80.3,74,84.3,0.9988,1
sf,total,total,f,"[50,65)",1.61,80.3,74.3,84.8,0.9988,1
sf,total,total,f,"[50,65)",1.62,80.3,74.6,85.4,0.9988,1
sf,total,total,f,"[50,65)",1.63,80.3,74.8,85.9,0.9988,1
sf,total,total,f,"[50,65)",1.64,81.6,75.1,86.5,0.9992,1
sf,total,total,f,"[50,65)",1.65,87.2,75.4,87,1,1
sf,total,total,f,"[50,65)",1.66,87.2,75.7,87,1,1
sf,total,total,f,"[50,65)",1.67,87.2,76.1,87.1,1,1
sf,total,total,f,"[50,65)",1.68,87.2,76.4,87.1,1,1
sf,total,total,f,"[50,65)",1.69,87.2,76.8,87.2,1,1
sf,total,total,f,"[50,65)",1.7,87.2,77.1,87.2,1,1
sf,total,total,f,"[50,65)",1.71,87.2,77.4,87.2,1,1
sf,total,total,f,"[50,65)",1.72,87.2,77.8,87.2,1,1
sf,total,total,f,"[50,65)",1.73,87.2,78.1,87.2,1,1
sf,total,total,f,"[50,65)",1.74,87.2,78.5,87.2,1,1
sf,total,total,f,"[50,65)",1.75,87.2,78.8,87.2,1,1
sf,total,total,f,"[50,65)",1.76,87.2,79.2,87.2,1,1
sf,total,total,f,"[50,65)",1.77,87.2,79.5,87.2,1,1
sf,total,total,f,"[50,65)",1.78,87.2,79.9,87.2,1,1
sf,total,total,f,"[50,65)",1.79,87.2,80.2,87.2,1,1
sf,total,total,f,"[50,65)",1.8,87.2,80.6,87.2,1,1
sf,total,total,f,"[50,65)",1.81,87.2,81,87.2,1,1
sf,total,total,f,"[50,65)",1.82,87.2,81.4,87.2,1,1
sf,total,total,f,"[50,65)",1.83,87.2,81.7,87.2,1,1
sf,total,total,f,"[50,65)",1.84,87.2,82.1,87.2,1,1
sf,total,total,f,"[50,65)",1.85,87.2,82.5,87.2,1,1
sf,total,total,f,"[50,65)",1.86,87.2,83,87.2,1,1
sf,total,total,f,"[50,65)",1.87,87.2,83.4,87.2,1,1
sf,total,total,f,"[50,65)",1.88,87.2,83.9,87.2,1,1
sf,total,total,f,"[50,65)",1.89,87.2,84.3,87.2,1,1
sf,total,total,f,"[50,65)",1.9,87.2,84.8,87.2,1,1
sf,total,total,f,"[50,65)",1.91,87.2,85.2,87.2,1,1
sf,total,total,f,"[50,65)",1.92,87.2,85.6,87.2,1,1
sf,total,total,f,"[50,65)",1.93,87.2,85.9,87.2,1,1
sf,total,total,f,"[50,65)",1.94,87.2,86.3,87.2,1,1
sf,total,total,f,"[50,65)",1.95,87.2,86.7,87.2,1,1
sf,total,total,f,"[50,65)",1.96,87.2,86.7,87.2,1,1
sf,total,total,f,"[50,65)",1.97,87.2,86.8,87.2,1,1
sf,total,total,f,"[50,65)",1.98,87.2,86.8,87.2,1,1
sf,total,total,f,"[50,65)",1.99,87.2,86.9,87.2,1,1
sf,total,total,f,"[50,65)",2,87.2,86.9,87.2,1,1
sf,total,total,f,"[50,65)",2.01,87.2,87,87.2,1,1
sf,total,total,f,"[50,65)",2.02,87.2,87,87.2,1,1
sf,total,total,f,"[50,65)",2.03,87.2,87.1,87.2,1,1
sf,total,total,f,"[50,65)",2.04,87.2,87.1,87.2,1,1
sf,total,total,f,"[50,65)",2.05,87.2,87.2,87.2,1,1
sf,total,total,f,"[50,65)",2.06,87.2,87.2,87.2,1,1
sf,total,total,f,"[50,65)",2.07,87.2,87.2,87.2,1,1
sf,total,total,f,"[50,65)",2.08,87.2,87.2,87.2,1,1
sf,total,total,f,"[50,65)",2.09,87.2,87.2,87.2,1,1
sf,total,total,f,"[50,65)",2.1,87.2,87.2,87.2,1,1
sf,total,total,f,"[50,65)",2.11,87.2,87.2,87.2,1,1
sf,total,total,f,"[50,65)",2.12,87.2,87.2,87.2,1,1
sf,total,total,f,"[50,65)",2.13,87.2,87.2,87.2,1,1
sf,total,total,f,"[50,65)",2.14,87.2,87.2,87.2,1,1
sf,total,total,f,"[50,65)",2.15,87.2,87.2,87.2,1,1
sf,total,total,f,"[50,65)",2.16,87.2,87.2,87.2,1,1
sf,total,total,f,"[50,65)",2.17,87.2,87.2,87.2,1,1
sf,total,total,f,"[50,65)",2.18,87.2,87.2,87.2,1,1
sf,total,total,f,"[50,65)",2.19,87.2,87.2,87.2,1,1
sf,total,total,f,"[50,65)",2.2,87.2,87.2,87.2,1,1
sf,total,total,f,"[50,65)",2.21,87.2,87.2,87.2,1,1
sf,total,total,f,"[50,65)",2.22,87.2,87.2,87.2,1,1
sf,total,total,f,"[50,65)",2.23,87.2,87.2,87.2,1,1
sf,total,total,f,"[50,65)",2.24,87.2,87.2,87.2,1,1
sf,total,total,f,"[50,65)",2.25,87.2,87.2,87.2,1,1
sf,total,total,f,"[50,65)",2.26,87.2,87.2,87.2,1,1
sf,total,total,f,"[50,65)",2.27,87.2,87.2,87.2,1,1
sf,total,total,f,"[50,65)",2.28,87.2,87.2,87.2,1,1
sf,total,total,f,"[50,65)",2.29,87.2,87.2,87.2,1,1
sf,total,total,f,"[50,65)",2.3,87.2,87.2,87.2,1,1
sf,total,total,f,"[50,65)",2.31,87.2,87.2,87.2,1,1
sf,total,total,f,"[50,65)",2.32,87.2,87.2,87.2,1,1
sf,total,total,f,"[50,65)",2.33,87.2,87.2,87.2,1,1
sf,total,total,f,"[50,65)",2.34,87.2,87.2,87.2,1,1
sf,total,total,f,"[50,65)",2.35,87.2,87.2,87.2,1,1
sf,total,total,f,"[50,65)",2.36,87.2,87.2,87.2,1,1
sf,total,total,f,"[50,65)",2.37,87.2,87.2,87.2,1,1
sf,total,total,f,"[50,65)",2.38,87.2,87.2,87.2,1,1
sf,total,total,f,"[50,65)",2.39,87.2,87.2,87.2,1,1
sf,total,total,f,"[50,65)",2.4,87.2,87.2,87.2,1,1
sf,total,total,f,"[50,65)",2.41,87.2,87.2,87.2,1,1
sf,total,total,f,"[50,65)",2.42,87.2,87.2,87.2,1,1
sf,total,total,f,"[50,65)",2.43,87.2,87.2,87.2,1,1
sf,total,total,f,"[50,65)",2.44,87.2,87.2,87.2,1,1
sf,total,total,f,"[50,65)",2.45,87.2,87.2,87.2,1,1
sf,total,total,f,"[50,65)",2.46,87.2,87.2,87.2,1,1
sf,total,total,f,"[50,65)",2.47,87.2,87.2,87.2,1,1
sf,total,total,f,"[50,65)",2.48,87.2,87.2,87.2,1,1
sf,total,total,f,"[50,65)",2.49,87.2,87.2,87.2,1,1
sf,total,total,f,"[50,65)",2.5,87.2,87.2,87.2,1,1
sf,total,total,f,"[50,65)",2.51,87.2,87.2,87.2,1,1
sf,total,total,f,"[50,65)",2.52,87.2,87.2,87.2,1,1
sf,total,total,f,"[50,65)",2.53,87.2,87.2,87.2,1,1
sf,total,total,f,"[50,65)",2.54,87.2,87.2,87.2,1,1
sf,total,total,f,"[50,65)",2.55,87.2,87.2,87.2,1,1
sf,total,total,f,"[50,65)",2.56,87.2,87.2,87.2,1,1
sf,total,total,f,"[50,65)",2.57,87.2,87.2,87.2,1,1
sf,total,total,f,"[50,65)",2.58,87.2,87.2,87.2,1,1
sf,total,total,f,"[50,65)",2.59,87.2,87.2,87.2,1,1
sf,total,total,f,"[50,65)",2.6,87.2,87.2,87.2,1,1
sf,total,total,f,"[50,65)",2.61,87.2,87.2,87.2,1,1
sf,total,total,f,"[50,65)",2.62,87.2,87.2,87.2,1,1
sf,total,total,f,"[50,65)",2.63,87.2,87.2,87.2,1,1
sf,total,total,f,"[50,65)",2.64,87.2,87.2,87.2,1,1
sf,total,total,f,"[50,65)",2.65,87.2,87.2,87.2,1,1
sf,total,total,f,"[50,65)",2.66,87.2,87.2,87.2,1,1
sf,total,total,f,"[50,65)",2.67,87.2,87.2,87.2,1,1
sf,total,total,f,"[50,65)",2.68,87.2,87.2,87.2,1,1
sf,total,total,f,"[50,65)",2.69,87.2,87.2,87.2,1,1
sf,total,total,f,"[50,65)",2.7,87.2,87.2,87.2,1,1
sf,total,total,f,"[50,65)",2.71,87.2,87.2,87.2,1,1
sf,total,total,f,"[50,65)",2.72,87.2,87.2,87.2,1,1
sf,total,total,f,"[50,65)",2.73,87.2,87.2,87.2,1,1
sf,total,total,f,"[50,65)",2.74,87.2,87.2,87.2,1,1
sf,total,total,f,"[50,65)",2.75,87.2,87.2,87.2,1,1
sf,total,total,f,"[50,65)",2.76,87.2,87.2,87.2,1,1
sf,total,total,f,"[50,65)",2.77,87.2,87.2,87.2,1,1
sf,total,total,f,"[50,65)",2.78,87.2,87.2,87.2,1,1
sf,total,total,f,"[50,65)",2.79,87.2,87.2,87.2,1,1
sf,total,total,f,"[50,65)",2.8,87.2,87.2,87.2,1,1
sf,total,total,f,"[50,65)",2.81,87.2,87.2,87.2,1,1
sf,total,total,f,"[50,65)",2.82,87.2,87.2,87.2,1,1
sf,total,total,f,"[50,65)",2.83,87.2,87.2,87.2,1,1
sf,total,total,f,"[50,65)",2.84,87.2,87.2,87.2,1,1
sf,total,total,f,"[50,65)",2.85,87.2,87.2,87.2,1,1
sf,total,total,f,"[50,65)",2.86,87.2,87.2,87.2,1,1
sf,total,total,f,"[50,65)",2.87,87.2,87.2,87.2,1,1
sf,total,total,f,"[50,65)",2.88,87.2,87.2,87.2,1,1
sf,total,total,f,"[50,65)",2.89,87.2,87.2,87.2,1,1
sf,total,total,f,"[50,65)",2.9,87.2,87.2,87.2,1,1
sf,total,total,f,"[50,65)",2.91,87.2,87.2,87.2,1,1
sf,total,total,f,"[50,65)",2.92,87.2,87.2,87.2,1,1
sf,total,total,f,"[50,65)",2.93,87.2,87.2,87.2,1,1
sf,total,total,f,"[50,65)",2.94,87.2,87.2,87.2,1,1
sf,total,total,f,"[50,65)",2.95,87.2,87.2,87.2,1,1
sf,total,total,f,"[50,65)",2.96,87.2,87.2,87.2,1,1
sf,total,total,f,"[50,65)",2.97,87.2,87.2,87.2,1,1
sf,total,total,f,"[50,65)",2.98,87.2,87.2,87.2,1,1
sf,total,total,f,"[50,65)",2.99,87.2,87.2,87.2,1,1
sf,total,total,f,"[50,65)",3,87.2,87.2,87.2,1,1
sf,total,total,f,"[65,Inf)",0,12.8,20,22.4,0,1
sf,total,total,f,"[65,Inf)",0.01,20.5,20.1,23.4,0.0016,1
sf,total,total,f,"[65,Inf)",0.02,20.5,20.2,24.3,0.0016,1
sf,total,total,f,"[65,Inf)",0.03,20.5,20.2,25.3,0.0016,1
sf,total,total,f,"[65,Inf)",0.04,20.6,20.3,26.2,0.0017,1
sf,total,total,f,"[65,Inf)",0.05,22.8,20.4,27.2,0.0032,1
sf,total,total,f,"[65,Inf)",0.06,22.9,21,27.9,0.0033,1
sf,total,total,f,"[65,Inf)",0.07,24.1,21.6,28.6,0.0048,1
sf,total,total,f,"[65,Inf)",0.08,24.8,22.3,29.3,0.0059,0
sf,total,total,f,"[65,Inf)",0.09,25.4,22.9,30,0.0069,0
sf,total,total,f,"[65,Inf)",0.1,26.1,23.5,30.7,0.0085,0
sf,total,total,f,"[65,Inf)",0.11,26.6,24.1,31.3,0.0097,0
sf,total,total,f,"[65,Inf)",0.12,27.4,24.6,31.9,0.0118,0
sf,total,total,f,"[65,Inf)",0.13,28,25.2,32.5,0.0138,0
sf,total,total,f,"[65,Inf)",0.14,28.5,25.7,33.1,0.0159,0
sf,total,total,f,"[65,Inf)",0.15,29.1,26.3,33.7,0.0183,0
sf,total,total,f,"[65,Inf)",0.16,29.7,26.8,34.2,0.021,0
sf,total,total,f,"[65,Inf)",0.17,30.2,27.3,34.8,0.0237,0
sf,total,total,f,"[65,Inf)",0.18,30.7,27.8,35.3,0.0269,0
sf,total,total,f,"[65,Inf)",0.19,31.3,28.3,35.9,0.0308,0
sf,total,total,f,"[65,Inf)",0.2,31.9,28.8,36.4,0.0351,0
sf,total,total,f,"[65,Inf)",0.21,32.4,29.3,36.9,0.0393,0
sf,total,total,f,"[65,Inf)",0.22,32.9,29.7,37.3,0.0441,0
sf,total,total,f,"[65,Inf)",0.23,33.4,30.2,37.8,0.0489,0
sf,total,total,f,"[65,Inf)",0.24,34,30.6,38.2,0.0544,0
sf,total,total,f,"[65,Inf)",0.25,34.5,31.1,38.7,0.0606,0
sf,total,total,f,"[65,Inf)",0.26,35,31.5,39.1,0.0666,0
sf,total,total,f,"[65,Inf)",0.27,35.4,32,39.6,0.0728,0
sf,total,total,f,"[65,Inf)",0.28,35.9,32.4,40,0.0796,0
sf,total,total,f,"[65,Inf)",0.29,36.4,32.9,40.5,0.0868,0
sf,total,total,f,"[65,Inf)",0.3,36.9,33.3,40.9,0.0946,0
sf,total,total,f,"[65,Inf)",0.31,37.3,33.7,41.3,0.1029,0
sf,total,total,f,"[65,Inf)",0.32,37.8,34.2,41.7,0.1114,0
sf,total,total,f,"[65,Inf)",0.33,38.3,34.6,42.1,0.1201,0
sf,total,total,f,"[65,Inf)",0.34,38.7,35.1,42.5,0.1288,0
sf,total,total,f,"[65,Inf)",0.35,39.1,35.5,42.9,0.1382,0
sf,total,total,f,"[65,Inf)",0.36,39.5,35.9,43.3,0.1473,0
sf,total,total,f,"[65,Inf)",0.37,39.9,36.3,43.7,0.1558,0
sf,total,total,f,"[65,Inf)",0.38,40.3,36.7,44,0.1658,0
sf,total,total,f,"[65,Inf)",0.39,40.7,37.1,44.4,0.1757,0
sf,total,total,f,"[65,Inf)",0.4,41.1,37.5,44.8,0.1856,0
sf,total,total,f,"[65,Inf)",0.41,41.4,37.9,45.2,0.1959,0
sf,total,total,f,"[65,Inf)",0.42,41.8,38.3,45.6,0.2063,0
sf,total,total,f,"[65,Inf)",0.43,42.2,38.7,45.9,0.2172,0
sf,total,total,f,"[65,Inf)",0.44,42.6,39.1,46.3,0.2284,0
sf,total,total,f,"[65,Inf)",0.45,42.9,39.5,46.7,0.2398,0
sf,total,total,f,"[65,Inf)",0.46,43.3,39.8,47.1,0.2515,0
sf,total,total,f,"[65,Inf)",0.47,43.7,40.2,47.5,0.2634,0
sf,total,total,f,"[65,Inf)",0.48,44,40.5,47.8,0.2753,0
sf,total,total,f,"[65,Inf)",0.49,44.4,40.9,48.2,0.2871,0
sf,total,total,f,"[65,Inf)",0.5,44.7,41.2,48.6,0.2988,0
sf,total,total,f,"[65,Inf)",0.51,45.1,41.5,49,0.3121,0
sf,total,total,f,"[65,Inf)",0.52,45.5,41.9,49.3,0.3246,0
sf,total,total,f,"[65,Inf)",0.53,45.8,42.2,49.7,0.3382,0
sf,total,total,f,"[65,Inf)",0.54,46.2,42.6,50,0.3517,0
sf,total,total,f,"[65,Inf)",0.55,46.6,42.9,50.4,0.3656,0
sf,total,total,f,"[65,Inf)",0.56,46.9,43.2,50.8,0.3795,0
sf,total,total,f,"[65,Inf)",0.57,47.3,43.6,51.1,0.3945,0
sf,total,total,f,"[65,Inf)",0.58,47.7,43.9,51.5,0.4091,0
sf,total,total,f,"[65,Inf)",0.59,48.1,44.3,51.8,0.4229,0
sf,total,total,f,"[65,Inf)",0.6,48.4,44.6,52.2,0.4368,0
sf,total,total,f,"[65,Inf)",0.61,48.8,44.9,52.5,0.452,0
sf,total,total,f,"[65,Inf)",0.62,49.2,45.2,52.9,0.4669,0
sf,total,total,f,"[65,Inf)",0.63,49.5,45.6,53.2,0.4809,0
sf,total,total,f,"[65,Inf)",0.64,49.9,45.9,53.6,0.4953,0
sf,total,total,f,"[65,Inf)",0.65,50.3,46.2,53.9,0.5104,0
sf,total,total,f,"[65,Inf)",0.66,50.6,46.5,54.3,0.5242,0
sf,total,total,f,"[65,Inf)",0.67,51,46.9,54.6,0.5385,0
sf,total,total,f,"[65,Inf)",0.68,51.3,47.2,55,0.5521,0
sf,total,total,f,"[65,Inf)",0.69,51.7,47.6,55.3,0.567,0
sf,total,total,f,"[65,Inf)",0.7,52,47.9,55.7,0.5804,0
sf,total,total,f,"[65,Inf)",0.71,52.4,48.2,56,0.594,0
sf,total,total,f,"[65,Inf)",0.72,52.8,48.6,56.3,0.6084,0
sf,total,total,f,"[65,Inf)",0.73,53.1,48.9,56.7,0.6217,0
sf,total,total,f,"[65,Inf)",0.74,53.4,49.3,57,0.6346,0
sf,total,total,f,"[65,Inf)",0.75,53.8,49.6,57.3,0.6477,0
sf,total,total,f,"[65,Inf)",0.76,54.2,49.9,57.6,0.6612,0
sf,total,total,f,"[65,Inf)",0.77,54.5,50.2,58,0.674,0
sf,total,total,f,"[65,Inf)",0.78,54.8,50.6,58.3,0.686,0
sf,total,total,f,"[65,Inf)",0.79,55.2,50.9,58.7,0.699,0
sf,total,total,f,"[65,Inf)",0.8,55.6,51.2,59,0.7107,0
sf,total,total,f,"[65,Inf)",0.81,55.9,51.5,59.3,0.7232,0
sf,total,total,f,"[65,Inf)",0.82,56.3,51.8,59.7,0.7349,0
sf,total,total,f,"[65,Inf)",0.83,56.6,52.2,60,0.7446,0
sf,total,total,f,"[65,Inf)",0.84,56.9,52.5,60.4,0.7555,0
sf,total,total,f,"[65,Inf)",0.85,57.2,52.8,60.7,0.7655,0
sf,total,total,f,"[65,Inf)",0.86,57.6,53.1,61,0.7753,0
sf,total,total,f,"[65,Inf)",0.87,57.9,53.5,61.3,0.786,0
sf,total,total,f,"[65,Inf)",0.88,58.3,53.8,61.7,0.7959,0
sf,total,total,f,"[65,Inf)",0.89,58.6,54.2,62,0.8052,0
sf,total,total,f,"[65,Inf)",0.9,59,54.5,62.3,0.8151,0
sf,total,total,f,"[65,Inf)",0.91,59.3,54.8,62.6,0.8239,0
sf,total,total,f,"[65,Inf)",0.92,59.6,55.1,62.9,0.8321,0
sf,total,total,f,"[65,Inf)",0.93,60,55.5,63.2,0.8416,0
sf,total,total,f,"[65,Inf)",0.94,60.3,55.8,63.5,0.8487,0
sf,total,total,f,"[65,Inf)",0.95,60.7,56.1,63.8,0.8568,0
sf,total,total,f,"[65,Inf)",0.96,61,56.4,64.1,0.8642,0
sf,total,total,f,"[65,Inf)",0.97,61.3,56.7,64.4,0.8712,0
sf,total,total,f,"[65,Inf)",0.98,61.6,57,64.7,0.8778,0
sf,total,total,f,"[65,Inf)",0.99,62,57.3,65,0.8842,0
sf,total,total,f,"[65,Inf)",1,62.3,57.6,65.3,0.8906,0
sf,total,total,f,"[65,Inf)",1.01,62.6,57.9,65.6,0.8964,0
sf,total,total,f,"[65,Inf)",1.02,62.9,58.2,65.9,0.902,0
sf,total,total,f,"[65,Inf)",1.03,63.3,58.6,66.2,0.9075,0
sf,total,total,f,"[65,Inf)",1.04,63.5,58.9,66.5,0.9118,0
sf,total,total,f,"[65,Inf)",1.05,63.8,59.2,66.8,0.9169,0
sf,total,total,f,"[65,Inf)",1.06,64.1,59.5,67.1,0.9214,0
sf,total,total,f,"[65,Inf)",1.07,64.4,59.8,67.4,0.9256,0
sf,total,total,f,"[65,Inf)",1.08,64.8,60.2,67.7,0.93,0
sf,total,total,f,"[65,Inf)",1.09,65,60.5,68,0.9334,0
sf,total,total,f,"[65,Inf)",1.1,65.3,60.8,68.3,0.9374,0
sf,total,total,f,"[65,Inf)",1.11,65.6,61.1,68.6,0.941,0
sf,total,total,f,"[65,Inf)",1.12,65.9,61.4,68.9,0.9444,0
sf,total,total,f,"[65,Inf)",1.13,66.2,61.8,69.2,0.9478,0
sf,total,total,f,"[65,Inf)",1.14,66.5,62.1,69.5,0.9509,0
sf,total,total,f,"[65,Inf)",1.15,66.8,62.4,69.8,0.9539,0
sf,total,total,f,"[65,Inf)",1.16,67.1,62.7,70.1,0.9568,0
sf,total,total,f,"[65,Inf)",1.17,67.5,63,70.5,0.9597,0
sf,total,total,f,"[65,Inf)",1.18,67.8,63.2,70.8,0.9625,0
sf,total,total,f,"[65,Inf)",1.19,68,63.5,71.2,0.9643,0
sf,total,total,f,"[65,Inf)",1.2,68.4,63.8,71.5,0.967,0
sf,total,total,f,"[65,Inf)",1.21,68.6,64.1,71.8,0.9689,0
sf,total,total,f,"[65,Inf)",1.22,69,64.4,72.2,0.9712,0
sf,total,total,f,"[65,Inf)",1.23,69.3,64.6,72.5,0.9733,0
sf,total,total,f,"[65,Inf)",1.24,69.7,64.9,72.9,0.9754,0
sf,total,total,f,"[65,Inf)",1.25,70,65.2,73.2,0.9774,0
sf,total,total,f,"[65,Inf)",1.26,70.4,65.5,73.6,0.9791,0
sf,total,total,f,"[65,Inf)",1.27,70.7,65.8,73.9,0.9806,0
sf,total,total,f,"[65,Inf)",1.28,71,66.1,74.3,0.9819,0
sf,total,total,f,"[65,Inf)",1.29,71.3,66.4,74.6,0.9835,0
sf,total,total,f,"[65,Inf)",1.3,71.7,66.7,75,0.9852,0
sf,total,total,f,"[65,Inf)",1.31,72,67,75.3,0.9862,0
sf,total,total,f,"[65,Inf)",1.32,72.4,67.3,75.7,0.9875,0
sf,total,total,f,"[65,Inf)",1.33,72.8,67.6,76,0.9886,0
sf,total,total,f,"[65,Inf)",1.34,73.1,67.9,76.4,0.9896,0
sf,total,total,f,"[65,Inf)",1.35,73.5,68.2,76.7,0.9907,0
sf,total,total,f,"[65,Inf)",1.36,74,68.5,77.1,0.9918,0
sf,total,total,f,"[65,Inf)",1.37,74.3,68.8,77.5,0.9925,0
sf,total,total,f,"[65,Inf)",1.38,74.8,69.1,77.8,0.9934,0
sf,total,total,f,"[65,Inf)",1.39,75.4,69.4,78.2,0.9944,0
sf,total,total,f,"[65,Inf)",1.4,75.4,69.7,78.6,0.9944,0
sf,total,total,f,"[65,Inf)",1.41,75.4,70,79,0.9944,0
sf,total,total,f,"[65,Inf)",1.42,75.9,70.3,79.5,0.9952,1
sf,total,total,f,"[65,Inf)",1.43,76.6,70.5,79.9,0.996,1
sf,total,total,f,"[65,Inf)",1.44,77.2,70.8,80.4,0.9968,1
sf,total,total,f,"[65,Inf)",1.45,77.2,71.1,80.8,0.9968,1
sf,total,total,f,"[65,Inf)",1.46,77.9,71.4,81.3,0.9973,1
sf,total,total,f,"[65,Inf)",1.47,79.5,71.8,81.7,0.9984,1
sf,total,total,f,"[65,Inf)",1.48,79.5,72.1,82.2,0.9984,1
sf,total,total,f,"[65,Inf)",1.49,79.5,72.5,82.6,0.9984,1
sf,total,total,f,"[65,Inf)",1.5,79.5,72.8,83.1,0.9984,1
sf,total,total,f,"[65,Inf)",1.51,79.5,73.1,83.7,0.9984,1
sf,total,total,f,"[65,Inf)",1.52,79.5,73.4,84.3,0.9984,1
sf,total,total,f,"[65,Inf)",1.53,79.5,73.8,84.8,0.9984,1
sf,total,total,f,"[65,Inf)",1.54,79.5,74.1,85.4,0.9984,1
sf,total,total,f,"[65,Inf)",1.55,87.2,74.4,86,1,1
sf,total,total,f,"[65,Inf)",1.56,87.2,74.7,86.2,1,1
sf,total,total,f,"[65,Inf)",1.57,87.2,75,86.5,1,1
sf,total,total,f,"[65,Inf)",1.58,87.2,75.4,86.7,1,1
sf,total,total,f,"[65,Inf)",1.59,87.2,75.7,87,1,1
sf,total,total,f,"[65,Inf)",1.6,87.2,76,87.2,1,1
sf,total,total,f,"[65,Inf)",1.61,87.2,76.3,87.2,1,1
sf,total,total,f,"[65,Inf)",1.62,87.2,76.6,87.2,1,1
sf,total,total,f,"[65,Inf)",1.63,87.2,77,87.2,1,1
sf,total,total,f,"[65,Inf)",1.64,87.2,77.3,87.2,1,1
sf,total,total,f,"[65,Inf)",1.65,87.2,77.6,87.2,1,1
sf,total,total,f,"[65,Inf)",1.66,87.2,77.9,87.2,1,1
sf,total,total,f,"[65,Inf)",1.67,87.2,78.3,87.2,1,1
sf,total,total,f,"[65,Inf)",1.68,87.2,78.6,87.2,1,1
sf,total,total,f,"[65,Inf)",1.69,87.2,79,87.2,1,1
sf,total,total,f,"[65,Inf)",1.7,87.2,79.3,87.2,1,1
sf,total,total,f,"[65,Inf)",1.71,87.2,79.7,87.2,1,1
sf,total,total,f,"[65,Inf)",1.72,87.2,80.1,87.2,1,1
sf,total,total,f,"[65,Inf)",1.73,87.2,80.5,87.2,1,1
sf,total,total,f,"[65,Inf)",1.74,87.2,80.9,87.2,1,1
sf,total,total,f,"[65,Inf)",1.75,87.2,81.3,87.2,1,1
sf,total,total,f,"[65,Inf)",1.76,87.2,81.6,87.2,1,1
sf,total,total,f,"[65,Inf)",1.77,87.2,81.9,87.2,1,1
sf,total,total,f,"[65,Inf)",1.78,87.2,82.1,87.2,1,1
sf,total,total,f,"[65,Inf)",1.79,87.2,82.4,87.2,1,1
sf,total,total,f,"[65,Inf)",1.8,87.2,82.7,87.2,1,1
sf,total,total,f,"[65,Inf)",1.81,87.2,83,87.2,1,1
sf,total,total,f,"[65,Inf)",1.82,87.2,83.3,87.2,1,1
sf,total,total,f,"[65,Inf)",1.83,87.2,83.6,87.2,1,1
sf,total,total,f,"[65,Inf)",1.84,87.2,83.9,87.2,1,1
sf,total,total,f,"[65,Inf)",1.85,87.2,84.2,87.2,1,1
sf,total,total,f,"[65,Inf)",1.86,87.2,84.6,87.2,1,1
sf,total,total,f,"[65,Inf)",1.87,87.2,84.9,87.2,1,1
sf,total,total,f,"[65,Inf)",1.88,87.2,85.3,87.2,1,1
sf,total,total,f,"[65,Inf)",1.89,87.2,85.6,87.2,1,1
sf,total,total,f,"[65,Inf)",1.9,87.2,86,87.2,1,1
sf,total,total,f,"[65,Inf)",1.91,87.2,86.2,87.2,1,1
sf,total,total,f,"[65,Inf)",1.92,87.2,86.4,87.2,1,1
sf,total,total,f,"[65,Inf)",1.93,87.2,86.6,87.2,1,1
sf,total,total,f,"[65,Inf)",1.94,87.2,86.8,87.2,1,1
sf,total,total,f,"[65,Inf)",1.95,87.2,87,87.2,1,1
sf,total,total,f,"[65,Inf)",1.96,87.2,87,87.2,1,1
sf,total,total,f,"[65,Inf)",1.97,87.2,87.1,87.2,1,1
sf,total,total,f,"[65,Inf)",1.98,87.2,87.1,87.2,1,1
sf,total,total,f,"[65,Inf)",1.99,87.2,87.2,87.2,1,1
sf,total,total,f,"[65,Inf)",2,87.2,87.2,87.2,1,1
sf,total,total,f,"[65,Inf)",2.01,87.2,87.2,87.2,1,1
sf,total,total,f,"[65,Inf)",2.02,87.2,87.2,87.2,1,1
sf,total,total,f,"[65,Inf)",2.03,87.2,87.2,87.2,1,1
sf,total,total,f,"[65,Inf)",2.04,87.2,87.2,87.2,1,1
sf,total,total,f,"[65,Inf)",2.05,87.2,87.2,87.2,1,1
sf,total,total,f,"[65,Inf)",2.06,87.2,87.2,87.2,1,1
sf,total,total,f,"[65,Inf)",2.07,87.2,87.2,87.2,1,1
sf,total,total,f,"[65,Inf)",2.08,87.2,87.2,87.2,1,1
sf,total,total,f,"[65,Inf)",2.09,87.2,87.2,87.2,1,1
sf,total,total,f,"[65,Inf)",2.1,87.2,87.2,87.2,1,1
sf,total,total,f,"[65,Inf)",2.11,87.2,87.2,87.2,1,1
sf,total,total,f,"[65,Inf)",2.12,87.2,87.2,87.2,1,1
sf,total,total,f,"[65,Inf)",2.13,87.2,87.2,87.2,1,1
sf,total,total,f,"[65,Inf)",2.14,87.2,87.2,87.2,1,1
sf,total,total,f,"[65,Inf)",2.15,87.2,87.2,87.2,1,1
sf,total,total,f,"[65,Inf)",2.16,87.2,87.2,87.2,1,1
sf,total,total,f,"[65,Inf)",2.17,87.2,87.2,87.2,1,1
sf,total,total,f,"[65,Inf)",2.18,87.2,87.2,87.2,1,1
sf,total,total,f,"[65,Inf)",2.19,87.2,87.2,87.2,1,1
sf,total,total,f,"[65,Inf)",2.2,87.2,87.2,87.2,1,1
sf,total,total,f,"[65,Inf)",2.21,87.2,87.2,87.2,1,1
sf,total,total,f,"[65,Inf)",2.22,87.2,87.2,87.2,1,1
sf,total,total,f,"[65,Inf)",2.23,87.2,87.2,87.2,1,1
sf,total,total,f,"[65,Inf)",2.24,87.2,87.2,87.2,1,1
sf,total,total,f,"[65,Inf)",2.25,87.2,87.2,87.2,1,1
sf,total,total,f,"[65,Inf)",2.26,87.2,87.2,87.2,1,1
sf,total,total,f,"[65,Inf)",2.27,87.2,87.2,87.2,1,1
sf,total,total,f,"[65,Inf)",2.28,87.2,87.2,87.2,1,1
sf,total,total,f,"[65,Inf)",2.29,87.2,87.2,87.2,1,1
sf,total,total,f,"[65,Inf)",2.3,87.2,87.2,87.2,1,1
sf,total,total,f,"[65,Inf)",2.31,87.2,87.2,87.2,1,1
sf,total,total,f,"[65,Inf)",2.32,87.2,87.2,87.2,1,1
sf,total,total,f,"[65,Inf)",2.33,87.2,87.2,87.2,1,1
sf,total,total,f,"[65,Inf)",2.34,87.2,87.2,87.2,1,1
sf,total,total,f,"[65,Inf)",2.35,87.2,87.2,87.2,1,1
sf,total,total,f,"[65,Inf)",2.36,87.2,87.2,87.2,1,1
sf,total,total,f,"[65,Inf)",2.37,87.2,87.2,87.2,1,1
sf,total,total,f,"[65,Inf)",2.38,87.2,87.2,87.2,1,1
sf,total,total,f,"[65,Inf)",2.39,87.2,87.2,87.2,1,1
sf,total,total,f,"[65,Inf)",2.4,87.2,87.2,87.2,1,1
sf,total,total,f,"[65,Inf)",2.41,87.2,87.2,87.2,1,1
sf,total,total,f,"[65,Inf)",2.42,87.2,87.2,87.2,1,1
sf,total,total,f,"[65,Inf)",2.43,87.2,87.2,87.2,1,1
sf,total,total,f,"[65,Inf)",2.44,87.2,87.2,87.2,1,1
sf,total,total,f,"[65,Inf)",2.45,87.2,87.2,87.2,1,1
sf,total,total,f,"[65,Inf)",2.46,87.2,87.2,87.2,1,1
sf,total,total,f,"[65,Inf)",2.47,87.2,87.2,87.2,1,1
sf,total,total,f,"[65,Inf)",2.48,87.2,87.2,87.2,1,1
sf,total,total,f,"[65,Inf)",2.49,87.2,87.2,87.2,1,1
sf,total,total,f,"[65,Inf)",2.5,87.2,87.2,87.2,1,1
sf,total,total,f,"[65,Inf)",2.51,87.2,87.2,87.2,1,1
sf,total,total,f,"[65,Inf)",2.52,87.2,87.2,87.2,1,1
sf,total,total,f,"[65,Inf)",2.53,87.2,87.2,87.2,1,1
sf,total,total,f,"[65,Inf)",2.54,87.2,87.2,87.2,1,1
sf,total,total,f,"[65,Inf)",2.55,87.2,87.2,87.2,1,1
sf,total,total,f,"[65,Inf)",2.56,87.2,87.2,87.2,1,1
sf,total,total,f,"[65,Inf)",2.57,87.2,87.2,87.2,1,1
sf,total,total,f,"[65,Inf)",2.58,87.2,87.2,87.2,1,1
sf,total,total,f,"[65,Inf)",2.59,87.2,87.2,87.2,1,1
sf,total,total,f,"[65,Inf)",2.6,87.2,87.2,87.2,1,1
sf,total,total,f,"[65,Inf)",2.61,87.2,87.2,87.2,1,1
sf,total,total,f,"[65,Inf)",2.62,87.2,87.2,87.2,1,1
sf,total,total,f,"[65,Inf)",2.63,87.2,87.2,87.2,1,1
sf,total,total,f,"[65,Inf)",2.64,87.2,87.2,87.2,1,1
sf,total,total,f,"[65,Inf)",2.65,87.2,87.2,87.2,1,1
sf,total,total,f,"[65,Inf)",2.66,87.2,87.2,87.2,1,1
sf,total,total,f,"[65,Inf)",2.67,87.2,87.2,87.2,1,1
sf,total,total,f,"[65,Inf)",2.68,87.2,87.2,87.2,1,1
sf,total,total,f,"[65,Inf)",2.69,87.2,87.2,87.2,1,1
sf,total,total,f,"[65,Inf)",2.7,87.2,87.2,87.2,1,1
sf,total,total,f,"[65,Inf)",2.71,87.2,87.2,87.2,1,1
sf,total,total,f,"[65,Inf)",2.72,87.2,87.2,87.2,1,1
sf,total,total,f,"[65,Inf)",2.73,87.2,87.2,87.2,1,1
sf,total,total,f,"[65,Inf)",2.74,87.2,87.2,87.2,1,1
sf,total,total,f,"[65,Inf)",2.75,87.2,87.2,87.2,1,1
sf,total,total,f,"[65,Inf)",2.76,87.2,87.2,87.2,1,1
sf,total,total,f,"[65,Inf)",2.77,87.2,87.2,87.2,1,1
sf,total,total,f,"[65,Inf)",2.78,87.2,87.2,87.2,1,1
sf,total,total,f,"[65,Inf)",2.79,87.2,87.2,87.2,1,1
sf,total,total,f,"[65,Inf)",2.8,87.2,87.2,87.2,1,1
sf,total,total,f,"[65,Inf)",2.81,87.2,87.2,87.2,1,1
sf,total,total,f,"[65,Inf)",2.82,87.2,87.2,87.2,1,1
sf,total,total,f,"[65,Inf)",2.83,87.2,87.2,87.2,1,1
sf,total,total,f,"[65,Inf)",2.84,87.2,87.2,87.2,1,1
sf,total,total,f,"[65,Inf)",2.85,87.2,87.2,87.2,1,1
sf,total,total,f,"[65,Inf)",2.86,87.2,87.2,87.2,1,1
sf,total,total,f,"[65,Inf)",2.87,87.2,87.2,87.2,1,1
sf,total,total,f,"[65,Inf)",2.88,87.2,87.2,87.2,1,1
sf,total,total,f,"[65,Inf)",2.89,87.2,87.2,87.2,1,1
sf,total,total,f,"[65,Inf)",2.9,87.2,87.2,87.2,1,1
sf,total,total,f,"[65,Inf)",2.91,87.2,87.2,87.2,1,1
sf,total,total,f,"[65,Inf)",2.92,87.2,87.2,87.2,1,1
sf,total,total,f,"[65,Inf)",2.93,87.2,87.2,87.2,1,1
sf,total,total,f,"[65,Inf)",2.94,87.2,87.2,87.2,1,1
sf,total,total,f,"[65,Inf)",2.95,87.2,87.2,87.2,1,1
sf,total,total,f,"[65,Inf)",2.96,87.2,87.2,87.2,1,1
sf,total,total,f,"[65,Inf)",2.97,87.2,87.2,87.2,1,1
sf,total,total,f,"[65,Inf)",2.98,87.2,87.2,87.2,1,1
sf,total,total,f,"[65,Inf)",2.99,87.2,87.2,87.2,1,1
sf,total,total,f,"[65,Inf)",3,87.2,87.2,87.2,1,1
sf,total,total,m,"[18,35)",0,12.8,20,20.4,0,1
sf,total,total,m,"[18,35)",0.01,12.8,20,21.1,0,1
sf,total,total,m,"[18,35)",0.02,12.8,20,21.8,0,1
sf,total,total,m,"[18,35)",0.03,12.8,20,22.5,0,1
sf,total,total,m,"[18,35)",0.04,12.8,20,23.2,0,1
sf,total,total,m,"[18,35)",0.05,12.8,20,23.9,0,1
sf,total,total,m,"[18,35)",0.06,12.8,20,24.5,0,1
sf,total,total,m,"[18,35)",0.07,12.8,20,25.2,0,1
sf,total,total,m,"[18,35)",0.08,12.8,20,25.8,0,1
sf,total,total,m,"[18,35)",0.09,23.2,20,26.5,0.0036,1
sf,total,total,m,"[18,35)",0.1,23.2,20,27.1,0.0036,1
sf,total,total,m,"[18,35)",0.11,23.2,20.5,27.6,0.0036,1
sf,total,total,m,"[18,35)",0.12,23.2,21,28.1,0.0036,1
sf,total,total,m,"[18,35)",0.13,23.2,21.5,28.7,0.0036,1
sf,total,total,m,"[18,35)",0.14,25.6,22,29.2,0.0073,0
sf,total,total,m,"[18,35)",0.15,25.6,22.5,29.7,0.0073,0
sf,total,total,m,"[18,35)",0.16,25.6,23,30.1,0.0073,0
sf,total,total,m,"[18,35)",0.17,27.1,23.5,30.6,0.0109,0
sf,total,total,m,"[18,35)",0.18,27.1,24.1,31,0.0109,0
sf,total,total,m,"[18,35)",0.19,27.1,24.6,31.5,0.0109,0
sf,total,total,m,"[18,35)",0.2,28.2,25.1,31.9,0.0146,0
sf,total,total,m,"[18,35)",0.21,28.2,25.5,32.3,0.0146,0
sf,total,total,m,"[18,35)",0.22,29.1,26,32.7,0.0182,0
sf,total,total,m,"[18,35)",0.23,29.4,26.4,33.2,0.0196,0
sf,total,total,m,"[18,35)",0.24,29.8,26.9,33.6,0.0219,0
sf,total,total,m,"[18,35)",0.25,30.1,27.3,34,0.0233,0
sf,total,total,m,"[18,35)",0.26,30.7,27.7,34.4,0.0269,0
sf,total,total,m,"[18,35)",0.27,31.1,28.1,34.8,0.0292,0
sf,total,total,m,"[18,35)",0.28,31.4,28.5,35.1,0.0316,0
sf,total,total,m,"[18,35)",0.29,31.8,28.9,35.5,0.0342,0
sf,total,total,m,"[18,35)",0.3,32.2,29.3,35.9,0.0379,0
sf,total,total,m,"[18,35)",0.31,32.7,29.7,36.3,0.0415,0
sf,total,total,m,"[18,35)",0.32,32.9,30.1,36.6,0.0439,0
sf,total,total,m,"[18,35)",0.33,33.3,30.4,37,0.0475,0
sf,total,total,m,"[18,35)",0.34,33.7,30.8,37.3,0.0512,0
sf,total,total,m,"[18,35)",0.35,34.1,31.2,37.7,0.0561,0
sf,total,total,m,"[18,35)",0.36,34.5,31.5,38.1,0.0609,0
sf,total,total,m,"[18,35)",0.37,34.8,31.9,38.4,0.0645,0
sf,total,total,m,"[18,35)",0.38,35.2,32.2,38.8,0.0692,0
sf,total,total,m,"[18,35)",0.39,35.5,32.6,39.1,0.074,0
sf,total,total,m,"[18,35)",0.4,35.9,32.9,39.5,0.0791,0
sf,total,total,m,"[18,35)",0.41,36.2,33.2,39.9,0.0839,0
sf,total,total,m,"[18,35)",0.42,36.6,33.6,40.2,0.0899,0
sf,total,total,m,"[18,35)",0.43,36.9,33.9,40.6,0.0948,0
sf,total,total,m,"[18,35)",0.44,37.2,34.3,40.9,0.1009,0
sf,total,total,m,"[18,35)",0.45,37.6,34.6,41.3,0.108,0
sf,total,total,m,"[18,35)",0.46,37.9,34.9,41.6,0.114,0
sf,total,total,m,"[18,35)",0.47,38.3,35.2,42,0.1213,0
sf,total,total,m,"[18,35)",0.48,38.7,35.5,42.3,0.1289,0
sf,total,total,m,"[18,35)",0.49,39,35.8,42.7,0.1359,0
sf,total,total,m,"[18,35)",0.5,39.4,36.1,43,0.1445,0
sf,total,total,m,"[18,35)",0.51,39.8,36.4,43.3,0.1527,0
sf,total,total,m,"[18,35)",0.52,40.1,36.7,43.6,0.1602,0
sf,total,total,m,"[18,35)",0.53,40.4,37.1,43.9,0.1697,0
sf,total,total,m,"[18,35)",0.54,40.8,37.4,44.2,0.1783,0
sf,total,total,m,"[18,35)",0.55,41.1,37.7,44.5,0.1879,0
sf,total,total,m,"[18,35)",0.56,41.5,38,44.8,0.1968,0
sf,total,total,m,"[18,35)",0.57,41.8,38.3,45.1,0.2062,0
sf,total,total,m,"[18,35)",0.58,42.1,38.7,45.4,0.2161,0
sf,total,total,m,"[18,35)",0.59,42.5,39,45.7,0.2256,0
sf,total,total,m,"[18,35)",0.6,42.8,39.3,46,0.2355,0
sf,total,total,m,"[18,35)",0.61,43.1,39.6,46.3,0.2456,0
sf,total,total,m,"[18,35)",0.62,43.4,39.9,46.6,0.2559,0
sf,total,total,m,"[18,35)",0.63,43.7,40.3,46.8,0.266,0
sf,total,total,m,"[18,35)",0.64,44,40.6,47.1,0.2757,0
sf,total,total,m,"[18,35)",0.65,44.3,40.9,47.4,0.2854,0
sf,total,total,m,"[18,35)",0.66,44.6,41.2,47.7,0.2953,0
sf,total,total,m,"[18,35)",0.67,44.9,41.5,47.9,0.305,0
sf,total,total,m,"[18,35)",0.68,45.2,41.8,48.2,0.3146,0
sf,total,total,m,"[18,35)",0.69,45.5,42.1,48.4,0.3256,0
sf,total,total,m,"[18,35)",0.7,45.8,42.4,48.7,0.3355,0
sf,total,total,m,"[18,35)",0.71,46.1,42.7,49,0.3466,0
sf,total,total,m,"[18,35)",0.72,46.3,43,49.3,0.3561,0
sf,total,total,m,"[18,35)",0.73,46.6,43.3,49.5,0.366,0
sf,total,total,m,"[18,35)",0.74,46.8,43.6,49.8,0.3761,0
sf,total,total,m,"[18,35)",0.75,47.1,43.9,50.1,0.3853,0
sf,total,total,m,"[18,35)",0.76,47.4,44.2,50.4,0.3959,0
sf,total,total,m,"[18,35)",0.77,47.6,44.4,50.7,0.4066,0
sf,total,total,m,"[18,35)",0.78,47.9,44.7,50.9,0.4169,0
sf,total,total,m,"[18,35)",0.79,48.2,44.9,51.2,0.4271,0
sf,total,total,m,"[18,35)",0.8,48.5,45.2,51.5,0.4384,0
sf,total,total,m,"[18,35)",0.81,48.7,45.5,51.8,0.4482,0
sf,total,total,m,"[18,35)",0.82,49,45.8,52.1,0.4591,0
sf,total,total,m,"[18,35)",0.83,49.3,46,52.5,0.4701,0
sf,total,total,m,"[18,35)",0.84,49.5,46.3,52.8,0.4806,0
sf,total,total,m,"[18,35)",0.85,49.8,46.6,53.1,0.4916,0
sf,total,total,m,"[18,35)",0.86,50.1,46.8,53.4,0.5022,0
sf,total,total,m,"[18,35)",0.87,50.3,47.1,53.7,0.5131,0
sf,total,total,m,"[18,35)",0.88,50.6,47.3,54.1,0.5251,0
sf,total,total,m,"[18,35)",0.89,50.9,47.6,54.4,0.5359,0
sf,total,total,m,"[18,35)",0.9,51.2,47.8,54.7,0.5468,0
sf,total,total,m,"[18,35)",0.91,51.5,48.1,55,0.5585,0
sf,total,total,m,"[18,35)",0.92,51.8,48.3,55.4,0.5704,0
sf,total,total,m,"[18,35)",0.93,52.1,48.6,55.7,0.5836,0
sf,total,total,m,"[18,35)",0.94,52.4,48.8,56.1,0.5958,0
sf,total,total,m,"[18,35)",0.95,52.7,49.1,56.4,0.6071,0
sf,total,total,m,"[18,35)",0.96,53.1,49.4,56.7,0.6202,0
sf,total,total,m,"[18,35)",0.97,53.4,49.6,57,0.6324,0
sf,total,total,m,"[18,35)",0.98,53.7,49.9,57.4,0.6437,0
sf,total,total,m,"[18,35)",0.99,54,50.1,57.7,0.6546,0
sf,total,total,m,"[18,35)",1,54.3,50.4,58,0.6678,0
sf,total,total,m,"[18,35)",1.01,54.7,50.7,58.3,0.6798,0
sf,total,total,m,"[18,35)",1.02,55,50.9,58.6,0.6914,0
sf,total,total,m,"[18,35)",1.03,55.3,51.2,58.8,0.7033,0
sf,total,total,m,"[18,35)",1.04,55.7,51.4,59.1,0.7166,0
sf,total,total,m,"[18,35)",1.05,56.1,51.7,59.4,0.728,0
sf,total,total,m,"[18,35)",1.06,56.4,52,59.7,0.7397,0
sf,total,total,m,"[18,35)",1.07,56.7,52.3,60,0.7497,0
sf,total,total,m,"[18,35)",1.08,57.1,52.6,60.2,0.7603,0
sf,total,total,m,"[18,35)",1.09,57.4,52.9,60.5,0.7704,0
sf,total,total,m,"[18,35)",1.1,57.7,53.2,60.8,0.7799,0
sf,total,total,m,"[18,35)",1.11,58,53.5,61.1,0.7896,0
sf,total,total,m,"[18,35)",1.12,58.3,53.8,61.4,0.7973,0
sf,total,total,m,"[18,35)",1.13,58.6,54.1,61.6,0.8057,0
sf,total,total,m,"[18,35)",1.14,59,54.4,61.9,0.815,0
sf,total,total,m,"[18,35)",1.15,59.3,54.7,62.2,0.8228,0
sf,total,total,m,"[18,35)",1.16,59.6,55,62.4,0.831,0
sf,total,total,m,"[18,35)",1.17,59.9,55.3,62.7,0.8386,0
sf,total,total,m,"[18,35)",1.18,60.2,55.7,62.9,0.8457,0
sf,total,total,m,"[18,35)",1.19,60.5,56,63.2,0.852,0
sf,total,total,m,"[18,35)",1.2,60.8,56.3,63.4,0.8591,0
sf,total,total,m,"[18,35)",1.21,61,56.6,63.6,0.8642,0
sf,total,total,m,"[18,35)",1.22,61.3,56.9,63.8,0.8703,0
sf,total,total,m,"[18,35)",1.23,61.5,57.2,64.1,0.8757,0
sf,total,total,m,"[18,35)",1.24,61.8,57.5,64.3,0.8811,0
sf,total,total,m,"[18,35)",1.25,62.1,57.8,64.5,0.8861,0
sf,total,total,m,"[18,35)",1.26,62.3,58.1,64.7,0.8911,0
sf,total,total,m,"[18,35)",1.27,62.6,58.4,64.9,0.8957,0
sf,total,total,m,"[18,35)",1.28,62.9,58.7,65.2,0.9008,0
sf,total,total,m,"[18,35)",1.29,63.1,59,65.4,0.9056,0
sf,total,total,m,"[18,35)",1.3,63.4,59.3,65.6,0.9093,0
sf,total,total,m,"[18,35)",1.31,63.6,59.6,65.8,0.913,0
sf,total,total,m,"[18,35)",1.32,63.8,59.9,66,0.9166,0
sf,total,total,m,"[18,35)",1.33,64,60.1,66.1,0.9196,0
sf,total,total,m,"[18,35)",1.34,64.2,60.4,66.3,0.9227,0
sf,total,total,m,"[18,35)",1.35,64.5,60.7,66.5,0.9263,0
sf,total,total,m,"[18,35)",1.36,64.7,61,66.7,0.9288,0
sf,total,total,m,"[18,35)",1.37,64.9,61.2,66.9,0.9313,0
sf,total,total,m,"[18,35)",1.38,65.1,61.5,67.1,0.9347,0
sf,total,total,m,"[18,35)",1.39,65.3,61.7,67.3,0.9373,0
sf,total,total,m,"[18,35)",1.4,65.5,62,67.5,0.9396,0
sf,total,total,m,"[18,35)",1.41,65.7,62.2,67.7,0.9423,0
sf,total,total,m,"[18,35)",1.42,66,62.5,67.8,0.9447,0
sf,total,total,m,"[18,35)",1.43,66.2,62.7,68,0.9469,0
sf,total,total,m,"[18,35)",1.44,66.3,63,68.1,0.9483,0
sf,total,total,m,"[18,35)",1.45,66.5,63.2,68.3,0.9507,0
sf,total,total,m,"[18,35)",1.46,66.6,63.4,68.5,0.952,0
sf,total,total,m,"[18,35)",1.47,66.9,63.7,68.6,0.9543,0
sf,total,total,m,"[18,35)",1.48,67,63.9,68.8,0.9556,0
sf,total,total,m,"[18,35)",1.49,67.3,64.2,68.9,0.9579,0
sf,total,total,m,"[18,35)",1.5,67.4,64.4,69.1,0.9593,0
sf,total,total,m,"[18,35)",1.51,67.6,64.6,69.3,0.9606,0
sf,total,total,m,"[18,35)",1.52,67.7,64.8,69.4,0.9616,0
sf,total,total,m,"[18,35)",1.53,67.9,65,69.6,0.9629,0
sf,total,total,m,"[18,35)",1.54,68.2,65.2,69.7,0.9653,0
sf,total,total,m,"[18,35)",1.55,68.3,65.4,69.9,0.9666,0
sf,total,total,m,"[18,35)",1.56,68.5,65.6,70.1,0.9679,0
sf,total,total,m,"[18,35)",1.57,68.7,65.8,70.2,0.9689,0
sf,total,total,m,"[18,35)",1.58,68.9,66,70.4,0.9703,0
sf,total,total,m,"[18,35)",1.59,68.9,66.2,70.5,0.9703,0
sf,total,total,m,"[18,35)",1.6,69.1,66.4,70.7,0.9716,0
sf,total,total,m,"[18,35)",1.61,69.4,66.6,70.9,0.974,0
sf,total,total,m,"[18,35)",1.62,69.4,66.8,71,0.974,0
sf,total,total,m,"[18,35)",1.63,69.4,66.9,71.2,0.974,0
sf,total,total,m,"[18,35)",1.64,69.7,67.1,71.3,0.9753,0
sf,total,total,m,"[18,35)",1.65,70.1,67.3,71.5,0.9776,0
sf,total,total,m,"[18,35)",1.66,70.1,67.5,71.7,0.9776,0
sf,total,total,m,"[18,35)",1.67,70.3,67.7,71.8,0.979,0
sf,total,total,m,"[18,35)",1.68,70.3,67.8,72,0.979,0
sf,total,total,m,"[18,35)",1.69,70.3,68,72.1,0.979,0
sf,total,total,m,"[18,35)",1.7,70.5,68.2,72.3,0.9796,0
sf,total,total,m,"[18,35)",1.71,71.1,68.4,72.4,0.9826,0
sf,total,total,m,"[18,35)",1.72,71.1,68.5,72.6,0.9826,0
sf,total,total,m,"[18,35)",1.73,71.1,68.7,72.7,0.9826,0
sf,total,total,m,"[18,35)",1.74,71.1,68.8,72.9,0.9826,0
sf,total,total,m,"[18,35)",1.75,71.1,69,73,0.9826,0
sf,total,total,m,"[18,35)",1.76,71.4,69.2,73.2,0.9839,0
sf,total,total,m,"[18,35)",1.77,71.5,69.3,73.4,0.984,0
sf,total,total,m,"[18,35)",1.78,72.1,69.5,73.5,0.9863,0
sf,total,total,m,"[18,35)",1.79,72.1,69.6,73.7,0.9863,0
sf,total,total,m,"[18,35)",1.8,72.5,69.8,73.9,0.9877,0
sf,total,total,m,"[18,35)",1.81,72.5,70,74.1,0.9877,0
sf,total,total,m,"[18,35)",1.82,72.5,70.1,74.3,0.9877,0
sf,total,total,m,"[18,35)",1.83,72.5,70.3,74.5,0.9877,0
sf,total,total,m,"[18,35)",1.84,72.5,70.4,74.7,0.9877,0
sf,total,total,m,"[18,35)",1.85,72.5,70.6,74.9,0.9877,0
sf,total,total,m,"[18,35)",1.86,73.8,70.8,75.1,0.9913,0
sf,total,total,m,"[18,35)",1.87,73.8,70.9,75.3,0.9913,0
sf,total,total,m,"[18,35)",1.88,73.8,71.1,75.5,0.9913,0
sf,total,total,m,"[18,35)",1.89,73.8,71.2,75.7,0.9913,0
sf,total,total,m,"[18,35)",1.9,73.8,71.4,75.9,0.9913,0
sf,total,total,m,"[18,35)",1.91,73.8,71.6,76.1,0.9913,0
sf,total,total,m,"[18,35)",1.92,73.8,71.7,76.3,0.9913,0
sf,total,total,m,"[18,35)",1.93,73.8,71.9,76.6,0.9913,0
sf,total,total,m,"[18,35)",1.94,73.8,72,76.8,0.9913,0
sf,total,total,m,"[18,35)",1.95,74.4,72.2,77,0.9927,0
sf,total,total,m,"[18,35)",1.96,75.7,72.3,77.3,0.995,0
sf,total,total,m,"[18,35)",1.97,75.7,72.5,77.6,0.995,0
sf,total,total,m,"[18,35)",1.98,75.7,72.6,77.9,0.995,0
sf,total,total,m,"[18,35)",1.99,75.7,72.8,78.2,0.995,0
sf,total,total,m,"[18,35)",2,75.7,72.9,78.5,0.995,0
sf,total,total,m,"[18,35)",2.01,75.7,73.1,78.8,0.995,0
sf,total,total,m,"[18,35)",2.02,75.7,73.2,79.2,0.995,0
sf,total,total,m,"[18,35)",2.03,75.7,73.4,79.5,0.995,0
sf,total,total,m,"[18,35)",2.04,75.7,73.5,79.9,0.995,0
sf,total,total,m,"[18,35)",2.05,75.7,73.7,80.2,0.995,0
sf,total,total,m,"[18,35)",2.06,75.7,73.8,80.7,0.995,0
sf,total,total,m,"[18,35)",2.07,76.8,74,81.3,0.9964,1
sf,total,total,m,"[18,35)",2.08,76.8,74.1,81.8,0.9964,1
sf,total,total,m,"[18,35)",2.09,76.8,74.3,82.4,0.9964,1
sf,total,total,m,"[18,35)",2.1,87.2,74.4,82.9,1,1
sf,total,total,m,"[18,35)",2.11,87.2,74.6,83.8,1,1
sf,total,total,m,"[18,35)",2.12,87.2,74.8,84.6,1,1
sf,total,total,m,"[18,35)",2.13,87.2,75.1,85.5,1,1
sf,total,total,m,"[18,35)",2.14,87.2,75.3,86.3,1,1
sf,total,total,m,"[18,35)",2.15,87.2,75.5,87.2,1,1
sf,total,total,m,"[18,35)",2.16,87.2,75.7,87.2,1,1
sf,total,total,m,"[18,35)",2.17,87.2,75.9,87.2,1,1
sf,total,total,m,"[18,35)",2.18,87.2,76.1,87.2,1,1
sf,total,total,m,"[18,35)",2.19,87.2,76.3,87.2,1,1
sf,total,total,m,"[18,35)",2.2,87.2,76.5,87.2,1,1
sf,total,total,m,"[18,35)",2.21,87.2,76.7,87.2,1,1
sf,total,total,m,"[18,35)",2.22,87.2,76.9,87.2,1,1
sf,total,total,m,"[18,35)",2.23,87.2,77.2,87.2,1,1
sf,total,total,m,"[18,35)",2.24,87.2,77.4,87.2,1,1
sf,total,total,m,"[18,35)",2.25,87.2,77.6,87.2,1,1
sf,total,total,m,"[18,35)",2.26,87.2,77.9,87.2,1,1
sf,total,total,m,"[18,35)",2.27,87.2,78.1,87.2,1,1
sf,total,total,m,"[18,35)",2.28,87.2,78.4,87.2,1,1
sf,total,total,m,"[18,35)",2.29,87.2,78.6,87.2,1,1
sf,total,total,m,"[18,35)",2.3,87.2,78.9,87.2,1,1
sf,total,total,m,"[18,35)",2.31,87.2,79.1,87.2,1,1
sf,total,total,m,"[18,35)",2.32,87.2,79.3,87.2,1,1
sf,total,total,m,"[18,35)",2.33,87.2,79.6,87.2,1,1
sf,total,total,m,"[18,35)",2.34,87.2,79.8,87.2,1,1
sf,total,total,m,"[18,35)",2.35,87.2,80,87.2,1,1
sf,total,total,m,"[18,35)",2.36,87.2,80.3,87.2,1,1
sf,total,total,m,"[18,35)",2.37,87.2,80.6,87.2,1,1
sf,total,total,m,"[18,35)",2.38,87.2,80.8,87.2,1,1
sf,total,total,m,"[18,35)",2.39,87.2,81.1,87.2,1,1
sf,total,total,m,"[18,35)",2.4,87.2,81.4,87.2,1,1
sf,total,total,m,"[18,35)",2.41,87.2,81.7,87.2,1,1
sf,total,total,m,"[18,35)",2.42,87.2,82,87.2,1,1
sf,total,total,m,"[18,35)",2.43,87.2,82.3,87.2,1,1
sf,total,total,m,"[18,35)",2.44,87.2,82.6,87.2,1,1
sf,total,total,m,"[18,35)",2.45,87.2,82.9,87.2,1,1
sf,total,total,m,"[18,35)",2.46,87.2,82.9,87.2,1,1
sf,total,total,m,"[18,35)",2.47,87.2,82.9,87.2,1,1
sf,total,total,m,"[18,35)",2.48,87.2,82.9,87.2,1,1
sf,total,total,m,"[18,35)",2.49,87.2,82.9,87.2,1,1
sf,total,total,m,"[18,35)",2.5,87.2,82.9,87.2,1,1
sf,total,total,m,"[18,35)",2.51,87.2,83.8,87.2,1,1
sf,total,total,m,"[18,35)",2.52,87.2,84.6,87.2,1,1
sf,total,total,m,"[18,35)",2.53,87.2,85.5,87.2,1,1
sf,total,total,m,"[18,35)",2.54,87.2,86.3,87.2,1,1
sf,total,total,m,"[18,35)",2.55,87.2,87.2,87.2,1,1
sf,total,total,m,"[18,35)",2.56,87.2,87.2,87.2,1,1
sf,total,total,m,"[18,35)",2.57,87.2,87.2,87.2,1,1
sf,total,total,m,"[18,35)",2.58,87.2,87.2,87.2,1,1
sf,total,total,m,"[18,35)",2.59,87.2,87.2,87.2,1,1
sf,total,total,m,"[18,35)",2.6,87.2,87.2,87.2,1,1
sf,total,total,m,"[18,35)",2.61,87.2,87.2,87.2,1,1
sf,total,total,m,"[18,35)",2.62,87.2,87.2,87.2,1,1
sf,total,total,m,"[18,35)",2.63,87.2,87.2,87.2,1,1
sf,total,total,m,"[18,35)",2.64,87.2,87.2,87.2,1,1
sf,total,total,m,"[18,35)",2.65,87.2,87.2,87.2,1,1
sf,total,total,m,"[18,35)",2.66,87.2,87.2,87.2,1,1
sf,total,total,m,"[18,35)",2.67,87.2,87.2,87.2,1,1
sf,total,total,m,"[18,35)",2.68,87.2,87.2,87.2,1,1
sf,total,total,m,"[18,35)",2.69,87.2,87.2,87.2,1,1
sf,total,total,m,"[18,35)",2.7,87.2,87.2,87.2,1,1
sf,total,total,m,"[18,35)",2.71,87.2,87.2,87.2,1,1
sf,total,total,m,"[18,35)",2.72,87.2,87.2,87.2,1,1
sf,total,total,m,"[18,35)",2.73,87.2,87.2,87.2,1,1
sf,total,total,m,"[18,35)",2.74,87.2,87.2,87.2,1,1
sf,total,total,m,"[18,35)",2.75,87.2,87.2,87.2,1,1
sf,total,total,m,"[18,35)",2.76,87.2,87.2,87.2,1,1
sf,total,total,m,"[18,35)",2.77,87.2,87.2,87.2,1,1
sf,total,total,m,"[18,35)",2.78,87.2,87.2,87.2,1,1
sf,total,total,m,"[18,35)",2.79,87.2,87.2,87.2,1,1
sf,total,total,m,"[18,35)",2.8,87.2,87.2,87.2,1,1
sf,total,total,m,"[18,35)",2.81,87.2,87.2,87.2,1,1
sf,total,total,m,"[18,35)",2.82,87.2,87.2,87.2,1,1
sf,total,total,m,"[18,35)",2.83,87.2,87.2,87.2,1,1
sf,total,total,m,"[18,35)",2.84,87.2,87.2,87.2,1,1
sf,total,total,m,"[18,35)",2.85,87.2,87.2,87.2,1,1
sf,total,total,m,"[18,35)",2.86,87.2,87.2,87.2,1,1
sf,total,total,m,"[18,35)",2.87,87.2,87.2,87.2,1,1
sf,total,total,m,"[18,35)",2.88,87.2,87.2,87.2,1,1
sf,total,total,m,"[18,35)",2.89,87.2,87.2,87.2,1,1
sf,total,total,m,"[18,35)",2.9,87.2,87.2,87.2,1,1
sf,total,total,m,"[18,35)",2.91,87.2,87.2,87.2,1,1
sf,total,total,m,"[18,35)",2.92,87.2,87.2,87.2,1,1
sf,total,total,m,"[18,35)",2.93,87.2,87.2,87.2,1,1
sf,total,total,m,"[18,35)",2.94,87.2,87.2,87.2,1,1
sf,total,total,m,"[18,35)",2.95,87.2,87.2,87.2,1,1
sf,total,total,m,"[18,35)",2.96,87.2,87.2,87.2,1,1
sf,total,total,m,"[18,35)",2.97,87.2,87.2,87.2,1,1
sf,total,total,m,"[18,35)",2.98,87.2,87.2,87.2,1,1
sf,total,total,m,"[18,35)",2.99,87.2,87.2,87.2,1,1
sf,total,total,m,"[18,35)",3,87.2,87.2,87.2,1,1
sf,total,total,m,"[35,50)",0,12.8,20,23,0,1
sf,total,total,m,"[35,50)",0.01,20.1,20.2,23.8,0.0014,1
sf,total,total,m,"[35,50)",0.02,20.1,20.3,24.6,0.0014,1
sf,total,total,m,"[35,50)",0.03,21.5,20.5,25.5,0.0022,1
sf,total,total,m,"[35,50)",0.04,21.5,20.6,26.3,0.0022,1
sf,total,total,m,"[35,50)",0.05,23.1,20.8,27.1,0.0036,1
sf,total,total,m,"[35,50)",0.06,23.7,21.3,27.7,0.0043,1
sf,total,total,m,"[35,50)",0.07,24.2,21.9,28.4,0.005,1
sf,total,total,m,"[35,50)",0.08,25.1,22.4,29,0.0064,0
sf,total,total,m,"[35,50)",0.09,25.5,23,29.7,0.0071,0
sf,total,total,m,"[35,50)",0.1,26.2,23.5,30.3,0.0086,0
sf,total,total,m,"[35,50)",0.11,26.7,24,30.8,0.01,0
sf,total,total,m,"[35,50)",0.12,27.5,24.6,31.3,0.0122,0
sf,total,total,m,"[35,50)",0.13,27.9,25.1,31.9,0.0136,0
sf,total,total,m,"[35,50)",0.14,28.5,25.7,32.4,0.0157,0
sf,total,total,m,"[35,50)",0.15,29,26.2,32.9,0.0179,0
sf,total,total,m,"[35,50)",0.16,29.6,26.7,33.3,0.0207,0
sf,total,total,m,"[35,50)",0.17,30,27.2,33.8,0.0229,0
sf,total,total,m,"[35,50)",0.18,30.5,27.6,34.2,0.0257,0
sf,total,total,m,"[35,50)",0.19,31,28.1,34.7,0.0285,0
sf,total,total,m,"[35,50)",0.2,31.5,28.6,35.1,0.0321,0
sf,total,total,m,"[35,50)",0.21,31.9,29,35.5,0.035,0
sf,total,total,m,"[35,50)",0.22,32.3,29.4,35.9,0.0386,0
sf,total,total,m,"[35,50)",0.23,32.8,29.9,36.2,0.0429,0
sf,total,total,m,"[35,50)",0.24,33.3,30.3,36.6,0.0471,0
sf,total,total,m,"[35,50)",0.25,33.6,30.7,37,0.0507,0
sf,total,total,m,"[35,50)",0.26,34.1,31.1,37.4,0.0557,0
sf,total,total,m,"[35,50)",0.27,34.5,31.5,37.7,0.06,0
sf,total,total,m,"[35,50)",0.28,34.8,31.9,38.1,0.0642,0
sf,total,total,m,"[35,50)",0.29,35.2,32.3,38.4,0.0693,0
sf,total,total,m,"[35,50)",0.3,35.6,32.7,38.8,0.0743,0
sf,total,total,m,"[35,50)",0.31,35.9,33,39.1,0.0793,0
sf,total,total,m,"[35,50)",0.32,36.3,33.4,39.5,0.085,0
sf,total,total,m,"[35,50)",0.33,36.6,33.7,39.8,0.09,0
sf,total,total,m,"[35,50)",0.34,36.9,34.1,40.2,0.0958,0
sf,total,total,m,"[35,50)",0.35,37.3,34.4,40.5,0.1022,0
sf,total,total,m,"[35,50)",0.36,37.7,34.7,40.8,0.1086,0
sf,total,total,m,"[35,50)",0.37,38,35.1,41.2,0.1144,0
sf,total,total,m,"[35,50)",0.38,38.3,35.4,41.5,0.1215,0
sf,total,total,m,"[35,50)",0.39,38.7,35.8,41.9,0.1285,0
sf,total,total,m,"[35,50)",0.4,39,36.1,42.2,0.135,0
sf,total,total,m,"[35,50)",0.41,39.3,36.4,42.5,0.1422,0
sf,total,total,m,"[35,50)",0.42,39.6,36.7,42.8,0.1495,0
sf,total,total,m,"[35,50)",0.43,39.9,37,43.1,0.1573,0
sf,total,total,m,"[35,50)",0.44,40.3,37.3,43.4,0.1657,0
sf,total,total,m,"[35,50)",0.45,40.6,37.6,43.7,0.1733,0
sf,total,total,m,"[35,50)",0.46,40.9,37.9,44,0.1814,0
sf,total,total,m,"[35,50)",0.47,41.2,38.2,44.3,0.1893,0
sf,total,total,m,"[35,50)",0.48,41.5,38.5,44.6,0.1987,0
sf,total,total,m,"[35,50)",0.49,41.8,38.8,44.9,0.2072,0
sf,total,total,m,"[35,50)",0.5,42.1,39.1,45.2,0.2162,0
sf,total,total,m,"[35,50)",0.51,42.4,39.4,45.5,0.225,0
sf,total,total,m,"[35,50)",0.52,42.7,39.7,45.8,0.2341,0
sf,total,total,m,"[35,50)",0.53,43,40,46,0.2431,0
sf,total,total,m,"[35,50)",0.54,43.3,40.3,46.3,0.253,0
sf,total,total,m,"[35,50)",0.55,43.7,40.6,46.6,0.2629,0
sf,total,total,m,"[35,50)",0.56,43.9,40.9,46.9,0.2717,0
sf,total,total,m,"[35,50)",0.57,44.2,41.2,47.2,0.2809,0
sf,total,total,m,"[35,50)",0.58,44.5,41.4,47.4,0.2902,0
sf,total,total,m,"[35,50)",0.59,44.8,41.7,47.7,0.2998,0
sf,total,total,m,"[35,50)",0.6,45,42,48,0.3101,0
sf,total,total,m,"[35,50)",0.61,45.3,42.3,48.3,0.3202,0
sf,total,total,m,"[35,50)",0.62,45.6,42.6,48.6,0.3297,0
sf,total,total,m,"[35,50)",0.63,45.9,42.8,48.8,0.3402,0
sf,total,total,m,"[35,50)",0.64,46.2,43.1,49.1,0.3502,0
sf,total,total,m,"[35,50)",0.65,46.4,43.4,49.4,0.3603,0
sf,total,total,m,"[35,50)",0.66,46.7,43.7,49.7,0.3709,0
sf,total,total,m,"[35,50)",0.67,47,43.9,50,0.3809,0
sf,total,total,m,"[35,50)",0.68,47.2,44.2,50.2,0.3913,0
sf,total,total,m,"[35,50)",0.69,47.5,44.4,50.5,0.4017,0
sf,total,total,m,"[35,50)",0.7,47.8,44.7,50.8,0.4124,0
sf,total,total,m,"[35,50)",0.71,48.1,45,51.1,0.4238,0
sf,total,total,m,"[35,50)",0.72,48.3,45.2,51.4,0.4345,0
sf,total,total,m,"[35,50)",0.73,48.6,45.5,51.6,0.4456,0
sf,total,total,m,"[35,50)",0.74,48.9,45.7,51.9,0.4568,0
sf,total,total,m,"[35,50)",0.75,49.2,46,52.2,0.4682,0
sf,total,total,m,"[35,50)",0.76,49.5,46.3,52.5,0.4796,0
sf,total,total,m,"[35,50)",0.77,49.8,46.5,52.8,0.4911,0
sf,total,total,m,"[35,50)",0.78,50.1,46.8,53,0.5024,0
sf,total,total,m,"[35,50)",0.79,50.3,47,53.3,0.5133,0
sf,total,total,m,"[35,50)",0.8,50.6,47.3,53.6,0.5239,0
sf,total,total,m,"[35,50)",0.81,50.9,47.6,53.9,0.5346,0
sf,total,total,m,"[35,50)",0.82,51.1,47.8,54.2,0.5453,0
sf,total,total,m,"[35,50)",0.83,51.4,48.1,54.5,0.5574,0
sf,total,total,m,"[35,50)",0.84,51.7,48.3,54.8,0.5671,0
sf,total,total,m,"[35,50)",0.85,52,48.6,55.1,0.5797,0
sf,total,total,m,"[35,50)",0.86,52.3,48.9,55.4,0.5903,0
sf,total,total,m,"[35,50)",0.87,52.6,49.1,55.7,0.6019,0
sf,total,total,m,"[35,50)",0.88,52.8,49.4,55.9,0.6114,0
sf,total,total,m,"[35,50)",0.89,53.1,49.6,56.2,0.6226,0
sf,total,total,m,"[35,50)",0.9,53.4,49.9,56.5,0.6339,0
sf,total,total,m,"[35,50)",0.91,53.7,50.2,56.8,0.6437,0
sf,total,total,m,"[35,50)",0.92,54,50.4,57.1,0.6539,0
sf,total,total,m,"[35,50)",0.93,54.2,50.7,57.3,0.664,0
sf,total,total,m,"[35,50)",0.94,54.5,50.9,57.6,0.6747,0
sf,total,total,m,"[35,50)",0.95,54.8,51.2,57.9,0.6841,0
sf,total,total,m,"[35,50)",0.96,55.1,51.5,58.2,0.6947,0
sf,total,total,m,"[35,50)",0.97,55.4,51.7,58.5,0.7041,0
sf,total,total,m,"[35,50)",0.98,55.6,52,58.8,0.714,0
sf,total,total,m,"[35,50)",0.99,55.9,52.2,59.1,0.7233,0
sf,total,total,m,"[35,50)",1,56.2,52.5,59.4,0.7333,0
sf,total,total,m,"[35,50)",1.01,56.5,52.8,59.7,0.7425,0
sf,total,total,m,"[35,50)",1.02,56.8,53,60,0.7518,0
sf,total,total,m,"[35,50)",1.03,57.1,53.3,60.3,0.7606,0
sf,total,total,m,"[35,50)",1.04,57.4,53.5,60.6,0.7691,0
sf,total,total,m,"[35,50)",1.05,57.7,53.8,60.9,0.7784,0
sf,total,total,m,"[35,50)",1.06,58,54.1,61.2,0.7876,0
sf,total,total,m,"[35,50)",1.07,58.3,54.4,61.5,0.7962,0
sf,total,total,m,"[35,50)",1.08,58.6,54.6,61.8,0.8047,0
sf,total,total,m,"[35,50)",1.09,58.9,54.9,62.1,0.8127,0
sf,total,total,m,"[35,50)",1.1,59.2,55.2,62.4,0.8205,0
sf,total,total,m,"[35,50)",1.11,59.5,55.5,62.7,0.8283,0
sf,total,total,m,"[35,50)",1.12,59.8,55.8,63,0.8362,0
sf,total,total,m,"[35,50)",1.13,60.1,56,63.3,0.8434,0
sf,total,total,m,"[35,50)",1.14,60.4,56.3,63.6,0.8512,0
sf,total,total,m,"[35,50)",1.15,60.7,56.6,63.9,0.8576,0
sf,total,total,m,"[35,50)",1.16,61,56.9,64.2,0.8647,0
sf,total,total,m,"[35,50)",1.17,61.3,57.1,64.5,0.8712,0
sf,total,total,m,"[35,50)",1.18,61.6,57.4,64.8,0.877,0
sf,total,total,m,"[35,50)",1.19,61.9,57.6,65.1,0.8834,0
sf,total,total,m,"[35,50)",1.2,62.3,57.9,65.4,0.8899,0
sf,total,total,m,"[35,50)",1.21,62.5,58.2,65.7,0.8949,0
sf,total,total,m,"[35,50)",1.22,62.8,58.5,66,0.9005,0
sf,total,total,m,"[35,50)",1.23,63.1,58.7,66.4,0.9056,0
sf,total,total,m,"[35,50)",1.24,63.5,59,66.7,0.9113,0
sf,total,total,m,"[35,50)",1.25,63.8,59.3,67,0.9156,0
sf,total,total,m,"[35,50)",1.26,64,59.6,67.3,0.9199,0
sf,total,total,m,"[35,50)",1.27,64.4,59.9,67.6,0.92490000000000006,0
sf,total,total,m,"[35,50)",1.28,64.7,60.2,67.8,0.9293,0
sf,total,total,m,"[35,50)",1.29,65,60.5,68.1,0.9335,0
sf,total,total,m,"[35,50)",1.3,65.4,60.8,68.4,0.9378,0
sf,total,total,m,"[35,50)",1.31,65.7,61.1,68.7,0.9413,0
sf,total,total,m,"[35,50)",1.32,66,61.4,69,0.9449,0
sf,total,total,m,"[35,50)",1.33,66.3,61.6,69.3,0.9484,0
sf,total,total,m,"[35,50)",1.34,66.6,61.9,69.6,0.9513,0
sf,total,total,m,"[35,50)",1.35,66.9,62.2,69.9,0.9549,0
sf,total,total,m,"[35,50)",1.36,67.3,62.5,70.2,0.9578,0
sf,total,total,m,"[35,50)",1.37,67.6,62.8,70.5,0.9606,0
sf,total,total,m,"[35,50)",1.38,67.8,63.1,70.8,0.9629,0
sf,total,total,m,"[35,50)",1.39,68.2,63.4,71.1,0.9657,0
sf,total,total,m,"[35,50)",1.4,68.5,63.7,71.4,0.9678,0
sf,total,total,m,"[35,50)",1.41,68.7,64,71.7,0.9692,0
sf,total,total,m,"[35,50)",1.42,69,64.3,72,0.9714,0
sf,total,total,m,"[35,50)",1.43,69.4,64.6,72.3,0.9735,0
sf,total,total,m,"[35,50)",1.44,69.7,64.9,72.6,0.9757,0
sf,total,total,m,"[35,50)",1.45,70,65.2,72.9,0.9771,0
sf,total,total,m,"[35,50)",1.46,70.4,65.5,73.2,0.9792,0
sf,total,total,m,"[35,50)",1.47,70.7,65.8,73.5,0.9806,0
sf,total,total,m,"[35,50)",1.48,70.8,66.1,73.8,0.9814,0
sf,total,total,m,"[35,50)",1.49,71.3,66.4,74.1,0.9835,0
sf,total,total,m,"[35,50)",1.5,71.4,66.7,74.4,0.9839,0
sf,total,total,m,"[35,50)",1.51,71.9,67,74.7,0.9857,0
sf,total,total,m,"[35,50)",1.52,72.1,67.3,75.1,0.9864,0
sf,total,total,m,"[35,50)",1.53,72.5,67.5,75.4,0.9878,0
sf,total,total,m,"[35,50)",1.54,72.6,67.8,75.8,0.9882,0
sf,total,total,m,"[35,50)",1.55,73,68.1,76.1,0.9892,0
sf,total,total,m,"[35,50)",1.56,73.3,68.4,76.4,0.99,0
sf,total,total,m,"[35,50)",1.57,73.8,68.7,76.7,0.9914,0
sf,total,total,m,"[35,50)",1.58,74.2,69,77.1,0.9921,0
sf,total,total,m,"[35,50)",1.59,74.2,69.3,77.4,0.9921,0
sf,total,total,m,"[35,50)",1.6,74.9,69.6,77.7,0.9935,0
sf,total,total,m,"[35,50)",1.61,74.9,69.9,78.1,0.9935,0
sf,total,total,m,"[35,50)",1.62,75.3,70.2,78.5,0.9943,0
sf,total,total,m,"[35,50)",1.63,75.5,70.5,78.9,0.9947,0
sf,total,total,m,"[35,50)",1.64,76.3,70.8,79.3,0.9957,1
sf,total,total,m,"[35,50)",1.65,76.3,71.1,79.7,0.9957,1
sf,total,total,m,"[35,50)",1.66,76.3,71.4,80.2,0.9957,1
sf,total,total,m,"[35,50)",1.67,76.9,71.7,80.7,0.9964,1
sf,total,total,m,"[35,50)",1.68,78.5,72,81.2,0.9978,1
sf,total,total,m,"[35,50)",1.69,78.5,72.3,81.7,0.9978,1
sf,total,total,m,"[35,50)",1.7,78.5,72.6,82.2,0.9978,1
sf,total,total,m,"[35,50)",1.71,78.5,72.9,82.8,0.9978,1
sf,total,total,m,"[35,50)",1.72,78.5,73.2,83.3,0.9978,1
sf,total,total,m,"[35,50)",1.73,78.5,73.4,83.9,0.9978,1
sf,total,total,m,"[35,50)",1.74,78.5,73.7,84.4,0.9978,1
sf,total,total,m,"[35,50)",1.75,79.9,74,85,0.9986,1
sf,total,total,m,"[35,50)",1.76,87.2,74.3,85.4,1,1
sf,total,total,m,"[35,50)",1.77,87.2,74.6,85.9,1,1
sf,total,total,m,"[35,50)",1.78,87.2,75,86.3,1,1
sf,total,total,m,"[35,50)",1.79,87.2,75.3,86.8,1,1
sf,total,total,m,"[35,50)",1.8,87.2,75.6,87.2,1,1
sf,total,total,m,"[35,50)",1.81,87.2,75.9,87.2,1,1
sf,total,total,m,"[35,50)",1.82,87.2,76.2,87.2,1,1
sf,total,total,m,"[35,50)",1.83,87.2,76.6,87.2,1,1
sf,total,total,m,"[35,50)",1.84,87.2,76.9,87.2,1,1
sf,total,total,m,"[35,50)",1.85,87.2,77.2,87.2,1,1
sf,total,total,m,"[35,50)",1.86,87.2,77.5,87.2,1,1
sf,total,total,m,"[35,50)",1.87,87.2,77.9,87.2,1,1
sf,total,total,m,"[35,50)",1.88,87.2,78.2,87.2,1,1
sf,total,total,m,"[35,50)",1.89,87.2,78.6,87.2,1,1
sf,total,total,m,"[35,50)",1.9,87.2,78.9,87.2,1,1
sf,total,total,m,"[35,50)",1.91,87.2,79.3,87.2,1,1
sf,total,total,m,"[35,50)",1.92,87.2,79.6,87.2,1,1
sf,total,total,m,"[35,50)",1.93,87.2,80,87.2,1,1
sf,total,total,m,"[35,50)",1.94,87.2,80.3,87.2,1,1
sf,total,total,m,"[35,50)",1.95,87.2,80.7,87.2,1,1
sf,total,total,m,"[35,50)",1.96,87.2,81,87.2,1,1
sf,total,total,m,"[35,50)",1.97,87.2,81.3,87.2,1,1
sf,total,total,m,"[35,50)",1.98,87.2,81.7,87.2,1,1
sf,total,total,m,"[35,50)",1.99,87.2,82,87.2,1,1
sf,total,total,m,"[35,50)",2,87.2,82.3,87.2,1,1
sf,total,total,m,"[35,50)",2.01,87.2,82.8,87.2,1,1
sf,total,total,m,"[35,50)",2.02,87.2,83.3,87.2,1,1
sf,total,total,m,"[35,50)",2.03,87.2,83.8,87.2,1,1
sf,total,total,m,"[35,50)",2.04,87.2,84.3,87.2,1,1
sf,total,total,m,"[35,50)",2.05,87.2,84.8,87.2,1,1
sf,total,total,m,"[35,50)",2.06,87.2,84.9,87.2,1,1
sf,total,total,m,"[35,50)",2.07,87.2,85,87.2,1,1
sf,total,total,m,"[35,50)",2.08,87.2,85.1,87.2,1,1
sf,total,total,m,"[35,50)",2.09,87.2,85.2,87.2,1,1
sf,total,total,m,"[35,50)",2.1,87.2,85.3,87.2,1,1
sf,total,total,m,"[35,50)",2.11,87.2,85.3,87.2,1,1
sf,total,total,m,"[35,50)",2.12,87.2,85.4,87.2,1,1
sf,total,total,m,"[35,50)",2.13,87.2,85.4,87.2,1,1
sf,total,total,m,"[35,50)",2.14,87.2,85.5,87.2,1,1
sf,total,total,m,"[35,50)",2.15,87.2,85.5,87.2,1,1
sf,total,total,m,"[35,50)",2.16,87.2,85.8,87.2,1,1
sf,total,total,m,"[35,50)",2.17,87.2,86.2,87.2,1,1
sf,total,total,m,"[35,50)",2.18,87.2,86.5,87.2,1,1
sf,total,total,m,"[35,50)",2.19,87.2,86.9,87.2,1,1
sf,total,total,m,"[35,50)",2.2,87.2,87.2,87.2,1,1
sf,total,total,m,"[35,50)",2.21,87.2,87.2,87.2,1,1
sf,total,total,m,"[35,50)",2.22,87.2,87.2,87.2,1,1
sf,total,total,m,"[35,50)",2.23,87.2,87.2,87.2,1,1
sf,total,total,m,"[35,50)",2.24,87.2,87.2,87.2,1,1
sf,total,total,m,"[35,50)",2.25,87.2,87.2,87.2,1,1
sf,total,total,m,"[35,50)",2.26,87.2,87.2,87.2,1,1
sf,total,total,m,"[35,50)",2.27,87.2,87.2,87.2,1,1
sf,total,total,m,"[35,50)",2.28,87.2,87.2,87.2,1,1
sf,total,total,m,"[35,50)",2.29,87.2,87.2,87.2,1,1
sf,total,total,m,"[35,50)",2.3,87.2,87.2,87.2,1,1
sf,total,total,m,"[35,50)",2.31,87.2,87.2,87.2,1,1
sf,total,total,m,"[35,50)",2.32,87.2,87.2,87.2,1,1
sf,total,total,m,"[35,50)",2.33,87.2,87.2,87.2,1,1
sf,total,total,m,"[35,50)",2.34,87.2,87.2,87.2,1,1
sf,total,total,m,"[35,50)",2.35,87.2,87.2,87.2,1,1
sf,total,total,m,"[35,50)",2.36,87.2,87.2,87.2,1,1
sf,total,total,m,"[35,50)",2.37,87.2,87.2,87.2,1,1
sf,total,total,m,"[35,50)",2.38,87.2,87.2,87.2,1,1
sf,total,total,m,"[35,50)",2.39,87.2,87.2,87.2,1,1
sf,total,total,m,"[35,50)",2.4,87.2,87.2,87.2,1,1
sf,total,total,m,"[35,50)",2.41,87.2,87.2,87.2,1,1
sf,total,total,m,"[35,50)",2.42,87.2,87.2,87.2,1,1
sf,total,total,m,"[35,50)",2.43,87.2,87.2,87.2,1,1
sf,total,total,m,"[35,50)",2.44,87.2,87.2,87.2,1,1
sf,total,total,m,"[35,50)",2.45,87.2,87.2,87.2,1,1
sf,total,total,m,"[35,50)",2.46,87.2,87.2,87.2,1,1
sf,total,total,m,"[35,50)",2.47,87.2,87.2,87.2,1,1
sf,total,total,m,"[35,50)",2.48,87.2,87.2,87.2,1,1
sf,total,total,m,"[35,50)",2.49,87.2,87.2,87.2,1,1
sf,total,total,m,"[35,50)",2.5,87.2,87.2,87.2,1,1
sf,total,total,m,"[35,50)",2.51,87.2,87.2,87.2,1,1
sf,total,total,m,"[35,50)",2.52,87.2,87.2,87.2,1,1
sf,total,total,m,"[35,50)",2.53,87.2,87.2,87.2,1,1
sf,total,total,m,"[35,50)",2.54,87.2,87.2,87.2,1,1
sf,total,total,m,"[35,50)",2.55,87.2,87.2,87.2,1,1
sf,total,total,m,"[35,50)",2.56,87.2,87.2,87.2,1,1
sf,total,total,m,"[35,50)",2.57,87.2,87.2,87.2,1,1
sf,total,total,m,"[35,50)",2.58,87.2,87.2,87.2,1,1
sf,total,total,m,"[35,50)",2.59,87.2,87.2,87.2,1,1
sf,total,total,m,"[35,50)",2.6,87.2,87.2,87.2,1,1
sf,total,total,m,"[35,50)",2.61,87.2,87.2,87.2,1,1
sf,total,total,m,"[35,50)",2.62,87.2,87.2,87.2,1,1
sf,total,total,m,"[35,50)",2.63,87.2,87.2,87.2,1,1
sf,total,total,m,"[35,50)",2.64,87.2,87.2,87.2,1,1
sf,total,total,m,"[35,50)",2.65,87.2,87.2,87.2,1,1
sf,total,total,m,"[35,50)",2.66,87.2,87.2,87.2,1,1
sf,total,total,m,"[35,50)",2.67,87.2,87.2,87.2,1,1
sf,total,total,m,"[35,50)",2.68,87.2,87.2,87.2,1,1
sf,total,total,m,"[35,50)",2.69,87.2,87.2,87.2,1,1
sf,total,total,m,"[35,50)",2.7,87.2,87.2,87.2,1,1
sf,total,total,m,"[35,50)",2.71,87.2,87.2,87.2,1,1
sf,total,total,m,"[35,50)",2.72,87.2,87.2,87.2,1,1
sf,total,total,m,"[35,50)",2.73,87.2,87.2,87.2,1,1
sf,total,total,m,"[35,50)",2.74,87.2,87.2,87.2,1,1
sf,total,total,m,"[35,50)",2.75,87.2,87.2,87.2,1,1
sf,total,total,m,"[35,50)",2.76,87.2,87.2,87.2,1,1
sf,total,total,m,"[35,50)",2.77,87.2,87.2,87.2,1,1
sf,total,total,m,"[35,50)",2.78,87.2,87.2,87.2,1,1
sf,total,total,m,"[35,50)",2.79,87.2,87.2,87.2,1,1
sf,total,total,m,"[35,50)",2.8,87.2,87.2,87.2,1,1
sf,total,total,m,"[35,50)",2.81,87.2,87.2,87.2,1,1
sf,total,total,m,"[35,50)",2.82,87.2,87.2,87.2,1,1
sf,total,total,m,"[35,50)",2.83,87.2,87.2,87.2,1,1
sf,total,total,m,"[35,50)",2.84,87.2,87.2,87.2,1,1
sf,total,total,m,"[35,50)",2.85,87.2,87.2,87.2,1,1
sf,total,total,m,"[35,50)",2.86,87.2,87.2,87.2,1,1
sf,total,total,m,"[35,50)",2.87,87.2,87.2,87.2,1,1
sf,total,total,m,"[35,50)",2.88,87.2,87.2,87.2,1,1
sf,total,total,m,"[35,50)",2.89,87.2,87.2,87.2,1,1
sf,total,total,m,"[35,50)",2.9,87.2,87.2,87.2,1,1
sf,total,total,m,"[35,50)",2.91,87.2,87.2,87.2,1,1
sf,total,total,m,"[35,50)",2.92,87.2,87.2,87.2,1,1
sf,total,total,m,"[35,50)",2.93,87.2,87.2,87.2,1,1
sf,total,total,m,"[35,50)",2.94,87.2,87.2,87.2,1,1
sf,total,total,m,"[35,50)",2.95,87.2,87.2,87.2,1,1
sf,total,total,m,"[35,50)",2.96,87.2,87.2,87.2,1,1
sf,total,total,m,"[35,50)",2.97,87.2,87.2,87.2,1,1
sf,total,total,m,"[35,50)",2.98,87.2,87.2,87.2,1,1
sf,total,total,m,"[35,50)",2.99,87.2,87.2,87.2,1,1
sf,total,total,m,"[35,50)",3,87.2,87.2,87.2,1,1
sf,total,total,m,"[50,65)",0,19.8,20.1,23.4,0.0013,1
sf,total,total,m,"[50,65)",0.01,19.8,20.3,24.3,0.0013,1
sf,total,total,m,"[50,65)",0.02,21.3,20.5,25.2,0.0021,1
sf,total,total,m,"[50,65)",0.03,21.9,20.8,26.2,0.0025,1
sf,total,total,m,"[50,65)",0.04,22.4,21,27.1,0.0029,1
sf,total,total,m,"[50,65)",0.05,23.3,21.2,28,0.0038,1
sf,total,total,m,"[50,65)",0.06,23.9,21.8,28.7,0.0046,1
sf,total,total,m,"[50,65)",0.07,25,22.4,29.4,0.0062,0
sf,total,total,m,"[50,65)",0.08,25.6,23,30.1,0.0073,0
sf,total,total,m,"[50,65)",0.09,26.4,23.6,30.8,0.0092,0
sf,total,total,m,"[50,65)",0.1,27,24.2,31.5,0.0108,0
sf,total,total,m,"[50,65)",0.11,27.7,24.8,32,0.0129,0
sf,total,total,m,"[50,65)",0.12,28.3,25.4,32.5,0.015,0
sf,total,total,m,"[50,65)",0.13,28.9,25.9,33.1,0.0175,0
sf,total,total,m,"[50,65)",0.14,29.5,26.5,33.6,0.0204,0
sf,total,total,m,"[50,65)",0.15,30.1,27.1,34.1,0.0233,0
sf,total,total,m,"[50,65)",0.16,30.7,27.6,34.6,0.0266,0
sf,total,total,m,"[50,65)",0.17,31.2,28.1,35,0.03,0
sf,total,total,m,"[50,65)",0.18,31.7,28.7,35.5,0.0337,0
sf,total,total,m,"[50,65)",0.19,32.2,29.2,35.9,0.0374,0
sf,total,total,m,"[50,65)",0.2,32.7,29.7,36.4,0.042,0
sf,total,total,m,"[50,65)",0.21,33.2,30.1,36.8,0.0462,0
sf,total,total,m,"[50,65)",0.22,33.6,30.6,37.2,0.0504,0
sf,total,total,m,"[50,65)",0.23,34.1,31,37.7,0.0558,0
sf,total,total,m,"[50,65)",0.24,34.5,31.5,38.1,0.0608,0
sf,total,total,m,"[50,65)",0.25,34.9,31.9,38.5,0.0657,0
sf,total,total,m,"[50,65)",0.26,35.3,32.3,38.9,0.071,0
sf,total,total,m,"[50,65)",0.27,35.7,32.7,39.3,0.0762,0
sf,total,total,m,"[50,65)",0.28,36.1,33.1,39.7,0.0823,0
sf,total,total,m,"[50,65)",0.29,36.5,33.5,40.1,0.0883,0
sf,total,total,m,"[50,65)",0.3,36.9,33.9,40.5,0.0944,0
sf,total,total,m,"[50,65)",0.31,37.2,34.3,40.9,0.1011,0
sf,total,total,m,"[50,65)",0.32,37.6,34.6,41.3,0.1082,0
sf,total,total,m,"[50,65)",0.33,38,35,41.6,0.1152,0
sf,total,total,m,"[50,65)",0.34,38.4,35.3,42,0.1224,0
sf,total,total,m,"[50,65)",0.35,38.8,35.7,42.4,0.1303,0
sf,total,total,m,"[50,65)",0.36,39.2,36.1,42.8,0.1391,0
sf,total,total,m,"[50,65)",0.37,39.5,36.4,43.1,0.1478,0
sf,total,total,m,"[50,65)",0.38,39.9,36.8,43.5,0.1565,0
sf,total,total,m,"[50,65)",0.39,40.3,37.1,43.8,0.1649,0
sf,total,total,m,"[50,65)",0.4,40.6,37.5,44.2,0.1747,0
sf,total,total,m,"[50,65)",0.41,41,37.8,44.6,0.1845,0
sf,total,total,m,"[50,65)",0.42,41.4,38.1,44.9,0.1945,0
sf,total,total,m,"[50,65)",0.43,41.8,38.5,45.3,0.2049,0
sf,total,total,m,"[50,65)",0.44,42.1,38.8,45.6,0.2157,0
sf,total,total,m,"[50,65)",0.45,42.5,39.1,46,0.2269,0
sf,total,total,m,"[50,65)",0.46,42.9,39.4,46.3,0.2375,0
sf,total,total,m,"[50,65)",0.47,43.2,39.8,46.6,0.2486,0
sf,total,total,m,"[50,65)",0.48,43.6,40.1,47,0.26,0
sf,total,total,m,"[50,65)",0.49,43.9,40.5,47.3,0.2708,0
sf,total,total,m,"[50,65)",0.5,44.3,40.8,47.6,0.2828,0
sf,total,total,m,"[50,65)",0.51,44.6,41.1,47.9,0.2949,0
sf,total,total,m,"[50,65)",0.52,44.9,41.5,48.2,0.3066,0
sf,total,total,m,"[50,65)",0.53,45.3,41.8,48.6,0.3186,0
sf,total,total,m,"[50,65)",0.54,45.6,42.2,48.9,0.3304,0
sf,total,total,m,"[50,65)",0.55,46,42.5,49.2,0.3432,0
sf,total,total,m,"[50,65)",0.56,46.3,42.8,49.5,0.3562,0
sf,total,total,m,"[50,65)",0.57,46.6,43.1,49.8,0.3678,0
sf,total,total,m,"[50,65)",0.58,47,43.5,50.1,0.3808,0
sf,total,total,m,"[50,65)",0.59,47.3,43.8,50.4,0.3929,0
sf,total,total,m,"[50,65)",0.6,47.6,44.1,50.7,0.4057,0
sf,total,total,m,"[50,65)",0.61,47.9,44.4,51,0.4179,0
sf,total,total,m,"[50,65)",0.62,48.3,44.7,51.3,0.4305,0
sf,total,total,m,"[50,65)",0.63,48.6,45,51.5,0.4428,0
sf,total,total,m,"[50,65)",0.64,48.9,45.3,51.8,0.455,0
sf,total,total,m,"[50,65)",0.65,49.2,45.6,52.1,0.4667,0
sf,total,total,m,"[50,65)",0.66,49.5,45.9,52.4,0.4784,0
sf,total,total,m,"[50,65)",0.67,49.8,46.2,52.7,0.4908,0
sf,total,total,m,"[50,65)",0.68,50.1,46.5,52.9,0.5029,0
sf,total,total,m,"[50,65)",0.69,50.3,46.8,53.2,0.5137,0
sf,total,total,m,"[50,65)",0.7,50.6,47.1,53.5,0.5251,0
sf,total,total,m,"[50,65)",0.71,50.9,47.4,53.8,0.537,0
sf,total,total,m,"[50,65)",0.72,51.2,47.7,54,0.5476,0
sf,total,total,m,"[50,65)",0.73,51.5,48,54.3,0.5588,0
sf,total,total,m,"[50,65)",0.74,51.7,48.3,54.5,0.5692,0
sf,total,total,m,"[50,65)",0.75,52,48.6,54.8,0.5796,0
sf,total,total,m,"[50,65)",0.76,52.3,48.9,55.1,0.5895,0
sf,total,total,m,"[50,65)",0.77,52.5,49.2,55.3,0.6001,0
sf,total,total,m,"[50,65)",0.78,52.8,49.4,55.6,0.61,0
sf,total,total,m,"[50,65)",0.79,53.1,49.7,55.8,0.6201,0
sf,total,total,m,"[50,65)",0.8,53.3,50,56.1,0.63,0
sf,total,total,m,"[50,65)",0.81,53.6,50.3,56.4,0.6402,0
sf,total,total,m,"[50,65)",0.82,53.8,50.6,56.7,0.6496,0
sf,total,total,m,"[50,65)",0.83,54.1,50.8,57,0.6588,0
sf,total,total,m,"[50,65)",0.84,54.4,51.1,57.3,0.6684,0
sf,total,total,m,"[50,65)",0.85,54.6,51.4,57.6,0.6779,0
sf,total,total,m,"[50,65)",0.86,54.9,51.6,57.9,0.6867,0
sf,total,total,m,"[50,65)",0.87,55.1,51.9,58.2,0.6963,0
sf,total,total,m,"[50,65)",0.88,55.4,52.1,58.5,0.7057,0
sf,total,total,m,"[50,65)",0.89,55.7,52.4,58.8,0.7146,0
sf,total,total,m,"[50,65)",0.9,55.9,52.6,59.1,0.724,0
sf,total,total,m,"[50,65)",0.91,56.2,52.9,59.4,0.7337,0
sf,total,total,m,"[50,65)",0.92,56.5,53.1,59.7,0.7425,0
sf,total,total,m,"[50,65)",0.93,56.8,53.4,60.1,0.7516,0
sf,total,total,m,"[50,65)",0.94,57.1,53.6,60.4,0.7609,0
sf,total,total,m,"[50,65)",0.95,57.4,53.9,60.7,0.7701,0
sf,total,total,m,"[50,65)",0.96,57.7,54.1,61,0.7795,0
sf,total,total,m,"[50,65)",0.97,58,54.4,61.3,0.7881,0
sf,total,total,m,"[50,65)",0.98,58.3,54.6,61.7,0.797,0
sf,total,total,m,"[50,65)",0.99,58.6,54.9,62,0.8059,0
sf,total,total,m,"[50,65)",1,58.9,55.1,62.3,0.8141,0
sf,total,total,m,"[50,65)",1.01,59.2,55.3,62.6,0.8225,0
sf,total,total,m,"[50,65)",1.02,59.5,55.6,62.9,0.8301,0
sf,total,total,m,"[50,65)",1.03,59.9,55.8,63.2,0.8385,0
sf,total,total,m,"[50,65)",1.04,60.2,56.1,63.5,0.8459,0
sf,total,total,m,"[50,65)",1.05,60.5,56.3,63.8,0.8534,0
sf,total,total,m,"[50,65)",1.06,60.8,56.6,64.1,0.8607,0
sf,total,total,m,"[50,65)",1.07,61.2,56.9,64.4,0.8679,0
sf,total,total,m,"[50,65)",1.08,61.5,57.1,64.7,0.875,0
sf,total,total,m,"[50,65)",1.09,61.8,57.4,65,0.8816,0
sf,total,total,m,"[50,65)",1.1,62.2,57.7,65.3,0.8879,0
sf,total,total,m,"[50,65)",1.11,62.5,58,65.6,0.8941,0
sf,total,total,m,"[50,65)",1.12,62.8,58.3,65.9,0.9002,0
sf,total,total,m,"[50,65)",1.13,63.1,58.6,66.1,0.9057,0
sf,total,total,m,"[50,65)",1.14,63.4,58.9,66.4,0.91,0
sf,total,total,m,"[50,65)",1.15,63.8,59.2,66.7,0.9156,0
sf,total,total,m,"[50,65)",1.16,64,59.5,67,0.9196,0
sf,total,total,m,"[50,65)",1.17,64.4,59.8,67.3,0.9246,0
sf,total,total,m,"[50,65)",1.18,64.7,60,67.5,0.9291,0
sf,total,total,m,"[50,65)",1.19,65,60.3,67.8,0.9333,0
sf,total,total,m,"[50,65)",1.2,65.3,60.6,68.1,0.9367,0
sf,total,total,m,"[50,65)",1.21,65.6,60.9,68.4,0.9406,0
sf,total,total,m,"[50,65)",1.22,65.9,61.2,68.6,0.9441,0
sf,total,total,m,"[50,65)",1.23,66.2,61.6,68.9,0.9471,0
sf,total,total,m,"[50,65)",1.24,66.5,61.9,69.1,0.9504,0
sf,total,total,m,"[50,65)",1.25,66.8,62.2,69.4,0.9533,0
sf,total,total,m,"[50,65)",1.26,67,62.5,69.7,0.9558,0
sf,total,total,m,"[50,65)",1.27,67.3,62.8,70,0.9583,0
sf,total,total,m,"[50,65)",1.28,67.6,63.1,70.3,0.9607,0
sf,total,total,m,"[50,65)",1.29,67.8,63.4,70.6,0.9627,0
sf,total,total,m,"[50,65)",1.3,68.1,63.7,70.9,0.965,0
sf,total,total,m,"[50,65)",1.31,68.4,64,71.2,0.967,0
sf,total,total,m,"[50,65)",1.32,68.7,64.3,71.5,0.9691,0
sf,total,total,m,"[50,65)",1.33,68.9,64.6,71.8,0.9708,0
sf,total,total,m,"[50,65)",1.34,69.2,64.9,72.1,0.9729,0
sf,total,total,m,"[50,65)",1.35,69.5,65.2,72.4,0.9746,0
sf,total,total,m,"[50,65)",1.36,69.8,65.5,72.7,0.9762,0
sf,total,total,m,"[50,65)",1.37,70.1,65.8,73,0.9779,0
sf,total,total,m,"[50,65)",1.38,70.4,66,73.4,0.9792,0
sf,total,total,m,"[50,65)",1.39,70.6,66.3,73.7,0.9804,0
sf,total,total,m,"[50,65)",1.4,70.9,66.6,74,0.9817,0
sf,total,total,m,"[50,65)",1.41,71.2,66.9,74.4,0.9829,0
sf,total,total,m,"[50,65)",1.42,71.5,67.1,74.7,0.9842,0
sf,total,total,m,"[50,65)",1.43,71.8,67.4,75.1,0.9854,0
sf,total,total,m,"[50,65)",1.44,72.2,67.6,75.4,0.9867,0
sf,total,total,m,"[50,65)",1.45,72.5,67.9,75.8,0.9879,0
sf,total,total,m,"[50,65)",1.46,72.8,68.2,76.2,0.9888,0
sf,total,total,m,"[50,65)",1.47,73.1,68.5,76.6,0.9896,0
sf,total,total,m,"[50,65)",1.48,73.6,68.7,76.9,0.9908,0
sf,total,total,m,"[50,65)",1.49,73.8,69,77.3,0.9913,0
sf,total,total,m,"[50,65)",1.5,74.1,69.3,77.7,0.9921,0
sf,total,total,m,"[50,65)",1.51,74.5,69.6,78.1,0.9929,0
sf,total,total,m,"[50,65)",1.52,75,69.8,78.5,0.9937,0
sf,total,total,m,"[50,65)",1.53,75.2,70.1,78.8,0.9942,0
sf,total,total,m,"[50,65)",1.54,75.7,70.3,79.2,0.995,0
sf,total,total,m,"[50,65)",1.55,76.1,70.6,79.6,0.9954,1
sf,total,total,m,"[50,65)",1.56,76.4,70.9,80,0.9959,1
sf,total,total,m,"[50,65)",1.57,77.1,71.2,80.4,0.9967,1
sf,total,total,m,"[50,65)",1.58,77.1,71.5,80.8,0.9967,1
sf,total,total,m,"[50,65)",1.59,78.1,71.8,81.2,0.9975,1
sf,total,total,m,"[50,65)",1.6,78.1,72.1,81.6,0.9975,1
sf,total,total,m,"[50,65)",1.61,78.7,72.4,82,0.9979,1
sf,total,total,m,"[50,65)",1.62,78.7,72.7,82.5,0.9979,1
sf,total,total,m,"[50,65)",1.63,80.2,73.1,82.9,0.9987,1
sf,total,total,m,"[50,65)",1.64,80.2,73.4,83.4,0.9987,1
sf,total,total,m,"[50,65)",1.65,80.2,73.7,83.8,0.9987,1
sf,total,total,m,"[50,65)",1.66,80.2,74,84.4,0.9987,1
sf,total,total,m,"[50,65)",1.67,80.2,74.4,85,0.9987,1
sf,total,total,m,"[50,65)",1.68,81.5,74.7,85.5,0.9992,1
sf,total,total,m,"[50,65)",1.69,81.5,75.1,86.1,0.9992,1
sf,total,total,m,"[50,65)",1.7,87.2,75.4,86.7,1,1
sf,total,total,m,"[50,65)",1.71,87.2,75.7,86.8,1,1
sf,total,total,m,"[50,65)",1.72,87.2,76.1,86.9,1,1
sf,total,total,m,"[50,65)",1.73,87.2,76.4,87,1,1
sf,total,total,m,"[50,65)",1.74,87.2,76.8,87.1,1,1
sf,total,total,m,"[50,65)",1.75,87.2,77.1,87.2,1,1
sf,total,total,m,"[50,65)",1.76,87.2,77.5,87.2,1,1
sf,total,total,m,"[50,65)",1.77,87.2,77.8,87.2,1,1
sf,total,total,m,"[50,65)",1.78,87.2,78.2,87.2,1,1
sf,total,total,m,"[50,65)",1.79,87.2,78.5,87.2,1,1
sf,total,total,m,"[50,65)",1.8,87.2,78.9,87.2,1,1
sf,total,total,m,"[50,65)",1.81,87.2,79.3,87.2,1,1
sf,total,total,m,"[50,65)",1.82,87.2,79.7,87.2,1,1
sf,total,total,m,"[50,65)",1.83,87.2,80,87.2,1,1
sf,total,total,m,"[50,65)",1.84,87.2,80.4,87.2,1,1
sf,total,total,m,"[50,65)",1.85,87.2,80.8,87.2,1,1
sf,total,total,m,"[50,65)",1.86,87.2,81.2,87.2,1,1
sf,total,total,m,"[50,65)",1.87,87.2,81.6,87.2,1,1
sf,total,total,m,"[50,65)",1.88,87.2,81.9,87.2,1,1
sf,total,total,m,"[50,65)",1.89,87.2,82.3,87.2,1,1
sf,total,total,m,"[50,65)",1.9,87.2,82.7,87.2,1,1
sf,total,total,m,"[50,65)",1.91,87.2,83.1,87.2,1,1
sf,total,total,m,"[50,65)",1.92,87.2,83.5,87.2,1,1
sf,total,total,m,"[50,65)",1.93,87.2,83.8,87.2,1,1
sf,total,total,m,"[50,65)",1.94,87.2,84.2,87.2,1,1
sf,total,total,m,"[50,65)",1.95,87.2,84.6,87.2,1,1
sf,total,total,m,"[50,65)",1.96,87.2,84.9,87.2,1,1
sf,total,total,m,"[50,65)",1.97,87.2,85.2,87.2,1,1
sf,total,total,m,"[50,65)",1.98,87.2,85.4,87.2,1,1
sf,total,total,m,"[50,65)",1.99,87.2,85.7,87.2,1,1
sf,total,total,m,"[50,65)",2,87.2,86,87.2,1,1
sf,total,total,m,"[50,65)",2.01,87.2,86.2,87.2,1,1
sf,total,total,m,"[50,65)",2.02,87.2,86.4,87.2,1,1
sf,total,total,m,"[50,65)",2.03,87.2,86.5,87.2,1,1
sf,total,total,m,"[50,65)",2.04,87.2,86.7,87.2,1,1
sf,total,total,m,"[50,65)",2.05,87.2,86.9,87.2,1,1
sf,total,total,m,"[50,65)",2.06,87.2,87,87.2,1,1
sf,total,total,m,"[50,65)",2.07,87.2,87,87.2,1,1
sf,total,total,m,"[50,65)",2.08,87.2,87.1,87.2,1,1
sf,total,total,m,"[50,65)",2.09,87.2,87.1,87.2,1,1
sf,total,total,m,"[50,65)",2.1,87.2,87.2,87.2,1,1
sf,total,total,m,"[50,65)",2.11,87.2,87.2,87.2,1,1
sf,total,total,m,"[50,65)",2.12,87.2,87.2,87.2,1,1
sf,total,total,m,"[50,65)",2.13,87.2,87.2,87.2,1,1
sf,total,total,m,"[50,65)",2.14,87.2,87.2,87.2,1,1
sf,total,total,m,"[50,65)",2.15,87.2,87.2,87.2,1,1
sf,total,total,m,"[50,65)",2.16,87.2,87.2,87.2,1,1
sf,total,total,m,"[50,65)",2.17,87.2,87.2,87.2,1,1
sf,total,total,m,"[50,65)",2.18,87.2,87.2,87.2,1,1
sf,total,total,m,"[50,65)",2.19,87.2,87.2,87.2,1,1
sf,total,total,m,"[50,65)",2.2,87.2,87.2,87.2,1,1
sf,total,total,m,"[50,65)",2.21,87.2,87.2,87.2,1,1
sf,total,total,m,"[50,65)",2.22,87.2,87.2,87.2,1,1
sf,total,total,m,"[50,65)",2.23,87.2,87.2,87.2,1,1
sf,total,total,m,"[50,65)",2.24,87.2,87.2,87.2,1,1
sf,total,total,m,"[50,65)",2.25,87.2,87.2,87.2,1,1
sf,total,total,m,"[50,65)",2.26,87.2,87.2,87.2,1,1
sf,total,total,m,"[50,65)",2.27,87.2,87.2,87.2,1,1
sf,total,total,m,"[50,65)",2.28,87.2,87.2,87.2,1,1
sf,total,total,m,"[50,65)",2.29,87.2,87.2,87.2,1,1
sf,total,total,m,"[50,65)",2.3,87.2,87.2,87.2,1,1
sf,total,total,m,"[50,65)",2.31,87.2,87.2,87.2,1,1
sf,total,total,m,"[50,65)",2.32,87.2,87.2,87.2,1,1
sf,total,total,m,"[50,65)",2.33,87.2,87.2,87.2,1,1
sf,total,total,m,"[50,65)",2.34,87.2,87.2,87.2,1,1
sf,total,total,m,"[50,65)",2.35,87.2,87.2,87.2,1,1
sf,total,total,m,"[50,65)",2.36,87.2,87.2,87.2,1,1
sf,total,total,m,"[50,65)",2.37,87.2,87.2,87.2,1,1
sf,total,total,m,"[50,65)",2.38,87.2,87.2,87.2,1,1
sf,total,total,m,"[50,65)",2.39,87.2,87.2,87.2,1,1
sf,total,total,m,"[50,65)",2.4,87.2,87.2,87.2,1,1
sf,total,total,m,"[50,65)",2.41,87.2,87.2,87.2,1,1
sf,total,total,m,"[50,65)",2.42,87.2,87.2,87.2,1,1
sf,total,total,m,"[50,65)",2.43,87.2,87.2,87.2,1,1
sf,total,total,m,"[50,65)",2.44,87.2,87.2,87.2,1,1
sf,total,total,m,"[50,65)",2.45,87.2,87.2,87.2,1,1
sf,total,total,m,"[50,65)",2.46,87.2,87.2,87.2,1,1
sf,total,total,m,"[50,65)",2.47,87.2,87.2,87.2,1,1
sf,total,total,m,"[50,65)",2.48,87.2,87.2,87.2,1,1
sf,total,total,m,"[50,65)",2.49,87.2,87.2,87.2,1,1
sf,total,total,m,"[50,65)",2.5,87.2,87.2,87.2,1,1
sf,total,total,m,"[50,65)",2.51,87.2,87.2,87.2,1,1
sf,total,total,m,"[50,65)",2.52,87.2,87.2,87.2,1,1
sf,total,total,m,"[50,65)",2.53,87.2,87.2,87.2,1,1
sf,total,total,m,"[50,65)",2.54,87.2,87.2,87.2,1,1
sf,total,total,m,"[50,65)",2.55,87.2,87.2,87.2,1,1
sf,total,total,m,"[50,65)",2.56,87.2,87.2,87.2,1,1
sf,total,total,m,"[50,65)",2.57,87.2,87.2,87.2,1,1
sf,total,total,m,"[50,65)",2.58,87.2,87.2,87.2,1,1
sf,total,total,m,"[50,65)",2.59,87.2,87.2,87.2,1,1
sf,total,total,m,"[50,65)",2.6,87.2,87.2,87.2,1,1
sf,total,total,m,"[50,65)",2.61,87.2,87.2,87.2,1,1
sf,total,total,m,"[50,65)",2.62,87.2,87.2,87.2,1,1
sf,total,total,m,"[50,65)",2.63,87.2,87.2,87.2,1,1
sf,total,total,m,"[50,65)",2.64,87.2,87.2,87.2,1,1
sf,total,total,m,"[50,65)",2.65,87.2,87.2,87.2,1,1
sf,total,total,m,"[50,65)",2.66,87.2,87.2,87.2,1,1
sf,total,total,m,"[50,65)",2.67,87.2,87.2,87.2,1,1
sf,total,total,m,"[50,65)",2.68,87.2,87.2,87.2,1,1
sf,total,total,m,"[50,65)",2.69,87.2,87.2,87.2,1,1
sf,total,total,m,"[50,65)",2.7,87.2,87.2,87.2,1,1
sf,total,total,m,"[50,65)",2.71,87.2,87.2,87.2,1,1
sf,total,total,m,"[50,65)",2.72,87.2,87.2,87.2,1,1
sf,total,total,m,"[50,65)",2.73,87.2,87.2,87.2,1,1
sf,total,total,m,"[50,65)",2.74,87.2,87.2,87.2,1,1
sf,total,total,m,"[50,65)",2.75,87.2,87.2,87.2,1,1
sf,total,total,m,"[50,65)",2.76,87.2,87.2,87.2,1,1
sf,total,total,m,"[50,65)",2.77,87.2,87.2,87.2,1,1
sf,total,total,m,"[50,65)",2.78,87.2,87.2,87.2,1,1
sf,total,total,m,"[50,65)",2.79,87.2,87.2,87.2,1,1
sf,total,total,m,"[50,65)",2.8,87.2,87.2,87.2,1,1
sf,total,total,m,"[50,65)",2.81,87.2,87.2,87.2,1,1
sf,total,total,m,"[50,65)",2.82,87.2,87.2,87.2,1,1
sf,total,total,m,"[50,65)",2.83,87.2,87.2,87.2,1,1
sf,total,total,m,"[50,65)",2.84,87.2,87.2,87.2,1,1
sf,total,total,m,"[50,65)",2.85,87.2,87.2,87.2,1,1
sf,total,total,m,"[50,65)",2.86,87.2,87.2,87.2,1,1
sf,total,total,m,"[50,65)",2.87,87.2,87.2,87.2,1,1
sf,total,total,m,"[50,65)",2.88,87.2,87.2,87.2,1,1
sf,total,total,m,"[50,65)",2.89,87.2,87.2,87.2,1,1
sf,total,total,m,"[50,65)",2.9,87.2,87.2,87.2,1,1
sf,total,total,m,"[50,65)",2.91,87.2,87.2,87.2,1,1
sf,total,total,m,"[50,65)",2.92,87.2,87.2,87.2,1,1
sf,total,total,m,"[50,65)",2.93,87.2,87.2,87.2,1,1
sf,total,total,m,"[50,65)",2.94,87.2,87.2,87.2,1,1
sf,total,total,m,"[50,65)",2.95,87.2,87.2,87.2,1,1
sf,total,total,m,"[50,65)",2.96,87.2,87.2,87.2,1,1
sf,total,total,m,"[50,65)",2.97,87.2,87.2,87.2,1,1
sf,total,total,m,"[50,65)",2.98,87.2,87.2,87.2,1,1
sf,total,total,m,"[50,65)",2.99,87.2,87.2,87.2,1,1
sf,total,total,m,"[50,65)",3,87.2,87.2,87.2,1,1
sf,total,total,m,"[65,Inf)",0,20,21,23.8,0.0014,1
sf,total,total,m,"[65,Inf)",0.01,20.2,21.2,24.7,0.0015,1
sf,total,total,m,"[65,Inf)",0.02,21.6,21.4,25.6,0.0023,1
sf,total,total,m,"[65,Inf)",0.03,22.3,21.7,26.4,0.0028,1
sf,total,total,m,"[65,Inf)",0.04,23.2,21.9,27.3,0.0037,1
sf,total,total,m,"[65,Inf)",0.05,24.2,22.1,28.2,0.005,1
sf,total,total,m,"[65,Inf)",0.06,24.9,22.7,28.8,0.006,0
sf,total,total,m,"[65,Inf)",0.07,25.6,23.2,29.4,0.0073,0
sf,total,total,m,"[65,Inf)",0.08,26.2,23.8,30,0.0087,0
sf,total,total,m,"[65,Inf)",0.09,26.8,24.3,30.6,0.0102,0
sf,total,total,m,"[65,Inf)",0.1,27.4,24.9,31.2,0.0119,0
sf,total,total,m,"[65,Inf)",0.11,28,25.4,31.7,0.0139,0
sf,total,total,m,"[65,Inf)",0.12,28.6,25.9,32.2,0.0162,0
sf,total,total,m,"[65,Inf)",0.13,29.1,26.5,32.6,0.0183,0
sf,total,total,m,"[65,Inf)",0.14,29.6,27,33.1,0.0206,0
sf,total,total,m,"[65,Inf)",0.15,30.1,27.5,33.6,0.0232,0
sf,total,total,m,"[65,Inf)",0.16,30.6,27.9,34,0.0259,0
sf,total,total,m,"[65,Inf)",0.17,31,28.4,34.4,0.0289,0
sf,total,total,m,"[65,Inf)",0.18,31.5,28.8,34.9,0.0321,0
sf,total,total,m,"[65,Inf)",0.19,31.9,29.3,35.3,0.0349,0
sf,total,total,m,"[65,Inf)",0.2,32.3,29.7,35.7,0.0385,0
sf,total,total,m,"[65,Inf)",0.21,32.7,30.1,36.1,0.042,0
sf,total,total,m,"[65,Inf)",0.22,33.1,30.5,36.5,0.0457,0
sf,total,total,m,"[65,Inf)",0.23,33.5,30.9,36.9,0.0494,0
sf,total,total,m,"[65,Inf)",0.24,33.9,31.3,37.3,0.0537,0
sf,total,total,m,"[65,Inf)",0.25,34.3,31.7,37.7,0.0583,0
sf,total,total,m,"[65,Inf)",0.26,34.6,32,38.1,0.0622,0
sf,total,total,m,"[65,Inf)",0.27,35,32.4,38.5,0.0674,0
sf,total,total,m,"[65,Inf)",0.28,35.4,32.7,38.9,0.0722,0
sf,total,total,m,"[65,Inf)",0.29,35.8,33.1,39.3,0.0773,0
sf,total,total,m,"[65,Inf)",0.3,36.1,33.4,39.7,0.0829,0
sf,total,total,m,"[65,Inf)",0.31,36.5,33.7,40.1,0.0884,0
sf,total,total,m,"[65,Inf)",0.32,36.9,34.1,40.4,0.0949,0
sf,total,total,m,"[65,Inf)",0.33,37.3,34.4,40.8,0.1012,0
sf,total,total,m,"[65,Inf)",0.34,37.6,34.8,41.1,0.1081,0
sf,total,total,m,"[65,Inf)",0.35,38,35.1,41.5,0.1144,0
sf,total,total,m,"[65,Inf)",0.36,38.3,35.4,41.9,0.122,0
sf,total,total,m,"[65,Inf)",0.37,38.7,35.7,42.2,0.1296,0
sf,total,total,m,"[65,Inf)",0.38,39.1,36.1,42.6,0.1373,0
sf,total,total,m,"[65,Inf)",0.39,39.5,36.4,42.9,0.1459,0
sf,total,total,m,"[65,Inf)",0.4,39.8,36.7,43.3,0.1544,0
sf,total,total,m,"[65,Inf)",0.41,40.2,37,43.6,0.1631,0
sf,total,total,m,"[65,Inf)",0.42,40.5,37.3,43.9,0.1721,0
sf,total,total,m,"[65,Inf)",0.43,40.9,37.7,44.3,0.1813,0
sf,total,total,m,"[65,Inf)",0.44,41.2,38,44.6,0.1906,0
sf,total,total,m,"[65,Inf)",0.45,41.6,38.3,44.9,0.2,0
sf,total,total,m,"[65,Inf)",0.46,41.9,38.6,45.2,0.2098,0
sf,total,total,m,"[65,Inf)",0.47,42.3,38.9,45.5,0.22,0
sf,total,total,m,"[65,Inf)",0.48,42.6,39.3,45.9,0.2301,0
sf,total,total,m,"[65,Inf)",0.49,42.9,39.6,46.2,0.2401,0
sf,total,total,m,"[65,Inf)",0.5,43.3,39.9,46.5,0.2504,0
sf,total,total,m,"[65,Inf)",0.51,43.6,40.2,46.8,0.2617,0
sf,total,total,m,"[65,Inf)",0.52,43.9,40.6,47.1,0.2724,0
sf,total,total,m,"[65,Inf)",0.53,44.3,40.9,47.3,0.2831,0
sf,total,total,m,"[65,Inf)",0.54,44.6,41.3,47.6,0.2939,0
sf,total,total,m,"[65,Inf)",0.55,44.9,41.6,47.9,0.3048,0
sf,total,total,m,"[65,Inf)",0.56,45.2,41.9,48.2,0.3158,0
sf,total,total,m,"[65,Inf)",0.57,45.5,42.2,48.5,0.3274,0
sf,total,total,m,"[65,Inf)",0.58,45.8,42.6,48.8,0.3376,0
sf,total,total,m,"[65,Inf)",0.59,46.1,42.9,49.1,0.3487,0
sf,total,total,m,"[65,Inf)",0.6,46.4,43.2,49.4,0.3598,0
sf,total,total,m,"[65,Inf)",0.61,46.7,43.5,49.7,0.3706,0
sf,total,total,m,"[65,Inf)",0.62,47,43.8,50,0.3813,0
sf,total,total,m,"[65,Inf)",0.63,47.3,44,50.4,0.3922,0
sf,total,total,m,"[65,Inf)",0.64,47.5,44.3,50.7,0.4032,0
sf,total,total,m,"[65,Inf)",0.65,47.8,44.6,51,0.4136,0
sf,total,total,m,"[65,Inf)",0.66,48.1,44.9,51.3,0.4246,0
sf,total,total,m,"[65,Inf)",0.67,48.4,45.2,51.6,0.4361,0
sf,total,total,m,"[65,Inf)",0.68,48.7,45.4,51.9,0.4477,0
sf,total,total,m,"[65,Inf)",0.69,49,45.7,52.2,0.4586,0
sf,total,total,m,"[65,Inf)",0.7,49.3,46,52.5,0.4702,0
sf,total,total,m,"[65,Inf)",0.71,49.5,46.3,52.8,0.4817,0
sf,total,total,m,"[65,Inf)",0.72,49.9,46.6,53.1,0.4948,0
sf,total,total,m,"[65,Inf)",0.73,50.2,46.8,53.4,0.506,0
sf,total,total,m,"[65,Inf)",0.74,50.4,47.1,53.7,0.5177,0
sf,total,total,m,"[65,Inf)",0.75,50.7,47.4,54,0.5294,0
sf,total,total,m,"[65,Inf)",0.76,51,47.7,54.3,0.5409,0
sf,total,total,m,"[65,Inf)",0.77,51.3,47.9,54.6,0.5525,0
sf,total,total,m,"[65,Inf)",0.78,51.6,48.2,54.9,0.5645,0
sf,total,total,m,"[65,Inf)",0.79,51.9,48.4,55.2,0.5759,0
sf,total,total,m,"[65,Inf)",0.8,52.2,48.7,55.5,0.588,0
sf,total,total,m,"[65,Inf)",0.81,52.5,49,55.8,0.599,0
sf,total,total,m,"[65,Inf)",0.82,52.8,49.3,56.2,0.611,0
sf,total,total,m,"[65,Inf)",0.83,53.1,49.5,56.5,0.6215,0
sf,total,total,m,"[65,Inf)",0.84,53.4,49.8,56.9,0.6335,0
sf,total,total,m,"[65,Inf)",0.85,53.7,50.1,57.2,0.6446,0
sf,total,total,m,"[65,Inf)",0.86,54,50.4,57.5,0.656,0
sf,total,total,m,"[65,Inf)",0.87,54.3,50.7,57.8,0.6667,0
sf,total,total,m,"[65,Inf)",0.88,54.6,50.9,58.1,0.6782,0
sf,total,total,m,"[65,Inf)",0.89,54.9,51.2,58.4,0.6895,0
sf,total,total,m,"[65,Inf)",0.9,55.3,51.5,58.7,0.7011,0
sf,total,total,m,"[65,Inf)",0.91,55.6,51.8,59.1,0.7118,0
sf,total,total,m,"[65,Inf)",0.92,55.9,52.1,59.4,0.7222,0
sf,total,total,m,"[65,Inf)",0.93,56.2,52.3,59.8,0.7335,0
sf,total,total,m,"[65,Inf)",0.94,56.6,52.6,60.1,0.7442,0
sf,total,total,m,"[65,Inf)",0.95,56.9,52.9,60.5,0.7542,0
sf,total,total,m,"[65,Inf)",0.96,57.2,53.2,60.8,0.765,0
sf,total,total,m,"[65,Inf)",0.97,57.5,53.4,61.2,0.7746,0
sf,total,total,m,"[65,Inf)",0.98,57.9,53.7,61.5,0.7847,0
sf,total,total,m,"[65,Inf)",0.99,58.2,53.9,61.9,0.7942,0
sf,total,total,m,"[65,Inf)",1,58.5,54.2,62.2,0.8035,0
sf,total,total,m,"[65,Inf)",1.01,58.9,54.5,62.5,0.8131,0
sf,total,total,m,"[65,Inf)",1.02,59.3,54.8,62.9,0.8226,0
sf,total,total,m,"[65,Inf)",1.03,59.6,55.1,63.2,0.8314,0
sf,total,total,m,"[65,Inf)",1.04,59.9,55.4,63.6,0.84,0
sf,total,total,m,"[65,Inf)",1.05,60.3,55.7,63.9,0.8491,0
sf,total,total,m,"[65,Inf)",1.06,60.7,56,64.2,0.8572,0
sf,total,total,m,"[65,Inf)",1.07,61,56.3,64.5,0.8646,0
sf,total,total,m,"[65,Inf)",1.08,61.4,56.6,64.9,0.8722,0
sf,total,total,m,"[65,Inf)",1.09,61.7,56.9,65.2,0.8794,0
sf,total,total,m,"[65,Inf)",1.1,62.1,57.2,65.5,0.8869,0
sf,total,total,m,"[65,Inf)",1.11,62.4,57.5,65.8,0.8932,0
sf,total,total,m,"[65,Inf)",1.12,62.8,57.8,66.1,0.8999,0
sf,total,total,m,"[65,Inf)",1.13,63.1,58.2,66.5,0.9056,0
sf,total,total,m,"[65,Inf)",1.14,63.5,58.5,66.8,0.9112,0
sf,total,total,m,"[65,Inf)",1.15,63.9,58.8,67.1,0.9172,0
sf,total,total,m,"[65,Inf)",1.16,64.2,59.1,67.4,0.922,0
sf,total,total,m,"[65,Inf)",1.17,64.5,59.4,67.7,0.9267,0
sf,total,total,m,"[65,Inf)",1.18,64.8,59.8,68,0.9312,0
sf,total,total,m,"[65,Inf)",1.19,65.2,60.1,68.3,0.9354,0
sf,total,total,m,"[65,Inf)",1.2,65.5,60.4,68.6,0.9398,0
sf,total,total,m,"[65,Inf)",1.21,65.9,60.7,68.9,0.9436,0
sf,total,total,m,"[65,Inf)",1.22,66.2,61,69.2,0.9471,0
sf,total,total,m,"[65,Inf)",1.23,66.5,61.4,69.6,0.9509,0
sf,total,total,m,"[65,Inf)",1.24,66.8,61.7,69.9,0.9536,0
sf,total,total,m,"[65,Inf)",1.25,67.2,62,70.2,0.9569,0
sf,total,total,m,"[65,Inf)",1.26,67.5,62.3,70.5,0.9596,0
sf,total,total,m,"[65,Inf)",1.27,67.8,62.7,70.8,0.9624,0
sf,total,total,m,"[65,Inf)",1.28,68.1,63,71,0.9651,0
sf,total,total,m,"[65,Inf)",1.29,68.5,63.4,71.3,0.9676,0
sf,total,total,m,"[65,Inf)",1.3,68.7,63.7,71.6,0.9695,0
sf,total,total,m,"[65,Inf)",1.31,69,64,71.9,0.9715,0
sf,total,total,m,"[65,Inf)",1.32,69.4,64.3,72.2,0.9736,0
sf,total,total,m,"[65,Inf)",1.33,69.7,64.7,72.6,0.9753,0
sf,total,total,m,"[65,Inf)",1.34,70.1,65,72.9,0.9776,0
sf,total,total,m,"[65,Inf)",1.35,70.3,65.3,73.2,0.979,0
sf,total,total,m,"[65,Inf)",1.36,70.6,65.6,73.5,0.9805,0
sf,total,total,m,"[65,Inf)",1.37,71,65.9,73.8,0.9821,0
sf,total,total,m,"[65,Inf)",1.38,71.2,66.3,74.1,0.9832,0
sf,total,total,m,"[65,Inf)",1.39,71.6,66.6,74.4,0.9845,0
sf,total,total,m,"[65,Inf)",1.4,71.9,66.9,74.7,0.9858,0
sf,total,total,m,"[65,Inf)",1.41,72.2,67.2,75,0.9869,0
sf,total,total,m,"[65,Inf)",1.42,72.5,67.5,75.3,0.9878,0
sf,total,total,m,"[65,Inf)",1.43,72.9,67.8,75.7,0.9889,0
sf,total,total,m,"[65,Inf)",1.44,73.1,68.1,76,0.9896,0
sf,total,total,m,"[65,Inf)",1.45,73.5,68.4,76.3,0.9905,0
sf,total,total,m,"[65,Inf)",1.46,73.8,68.7,76.6,0.9914,0
sf,total,total,m,"[65,Inf)",1.47,74,69,77,0.9919,0
sf,total,total,m,"[65,Inf)",1.48,74.4,69.3,77.3,0.9927,0
sf,total,total,m,"[65,Inf)",1.49,74.7,69.6,77.7,0.9932,0
sf,total,total,m,"[65,Inf)",1.5,75.2,69.9,78,0.9941,0
sf,total,total,m,"[65,Inf)",1.51,75.5,70.2,78.3,0.9946,0
sf,total,total,m,"[65,Inf)",1.52,75.8,70.5,78.7,0.995,1
sf,total,total,m,"[65,Inf)",1.53,76.1,70.8,79,0.9955,1
sf,total,total,m,"[65,Inf)",1.54,76.5,71.1,79.4,0.9959,1
sf,total,total,m,"[65,Inf)",1.55,76.8,71.4,79.7,0.9964,1
sf,total,total,m,"[65,Inf)",1.56,76.8,71.7,80.1,0.9964,1
sf,total,total,m,"[65,Inf)",1.57,77.3,72,80.4,0.9968,1
sf,total,total,m,"[65,Inf)",1.58,77.8,72.3,80.8,0.9973,1
sf,total,total,m,"[65,Inf)",1.59,78.4,72.6,81.1,0.9977,1
sf,total,total,m,"[65,Inf)",1.6,78.4,72.9,81.5,0.9977,1
sf,total,total,m,"[65,Inf)",1.61,78.4,73.2,81.9,0.9977,1
sf,total,total,m,"[65,Inf)",1.62,79.1,73.5,82.2,0.9982,1
sf,total,total,m,"[65,Inf)",1.63,80,73.8,82.6,0.9986,1
sf,total,total,m,"[65,Inf)",1.64,80,74.1,82.9,0.9986,1
sf,total,total,m,"[65,Inf)",1.65,81.2,74.4,83.3,0.9991,1
sf,total,total,m,"[65,Inf)",1.66,81.2,74.7,83.7,0.9991,1
sf,total,total,m,"[65,Inf)",1.67,81.2,75,84.1,0.9991,1
sf,total,total,m,"[65,Inf)",1.68,81.2,75.2,84.6,0.9991,1
sf,total,total,m,"[65,Inf)",1.69,81.2,75.5,85,0.9991,1
sf,total,total,m,"[65,Inf)",1.7,81.2,75.8,85.4,0.9991,1
sf,total,total,m,"[65,Inf)",1.71,81.2,76.1,85.8,0.9991,1
sf,total,total,m,"[65,Inf)",1.72,87.2,76.4,86.1,1,1
sf,total,total,m,"[65,Inf)",1.73,87.2,76.7,86.5,1,1
sf,total,total,m,"[65,Inf)",1.74,87.2,77,86.8,1,1
sf,total,total,m,"[65,Inf)",1.75,87.2,77.3,87.2,1,1
sf,total,total,m,"[65,Inf)",1.76,87.2,77.6,87.2,1,1
sf,total,total,m,"[65,Inf)",1.77,87.2,77.9,87.2,1,1
sf,total,total,m,"[65,Inf)",1.78,87.2,78.3,87.2,1,1
sf,total,total,m,"[65,Inf)",1.79,87.2,78.6,87.2,1,1
sf,total,total,m,"[65,Inf)",1.8,87.2,78.9,87.2,1,1
sf,total,total,m,"[65,Inf)",1.81,87.2,79.3,87.2,1,1
sf,total,total,m,"[65,Inf)",1.82,87.2,79.6,87.2,1,1
sf,total,total,m,"[65,Inf)",1.83,87.2,80,87.2,1,1
sf,total,total,m,"[65,Inf)",1.84,87.2,80.3,87.2,1,1
sf,total,total,m,"[65,Inf)",1.85,87.2,80.7,87.2,1,1
sf,total,total,m,"[65,Inf)",1.86,87.2,81,87.2,1,1
sf,total,total,m,"[65,Inf)",1.87,87.2,81.3,87.2,1,1
sf,total,total,m,"[65,Inf)",1.88,87.2,81.7,87.2,1,1
sf,total,total,m,"[65,Inf)",1.89,87.2,82,87.2,1,1
sf,total,total,m,"[65,Inf)",1.9,87.2,82.3,87.2,1,1
sf,total,total,m,"[65,Inf)",1.91,87.2,82.6,87.2,1,1
sf,total,total,m,"[65,Inf)",1.92,87.2,82.9,87.2,1,1
sf,total,total,m,"[65,Inf)",1.93,87.2,83.3,87.2,1,1
sf,total,total,m,"[65,Inf)",1.94,87.2,83.6,87.2,1,1
sf,total,total,m,"[65,Inf)",1.95,87.2,83.9,87.2,1,1
sf,total,total,m,"[65,Inf)",1.96,87.2,84.2,87.2,1,1
sf,total,total,m,"[65,Inf)",1.97,87.2,84.5,87.2,1,1
sf,total,total,m,"[65,Inf)",1.98,87.2,84.9,87.2,1,1
sf,total,total,m,"[65,Inf)",1.99,87.2,85.2,87.2,1,1
sf,total,total,m,"[65,Inf)",2,87.2,85.5,87.2,1,1
sf,total,total,m,"[65,Inf)",2.01,87.2,85.8,87.2,1,1
sf,total,total,m,"[65,Inf)",2.02,87.2,86.1,87.2,1,1
sf,total,total,m,"[65,Inf)",2.03,87.2,86.4,87.2,1,1
sf,total,total,m,"[65,Inf)",2.04,87.2,86.7,87.2,1,1
sf,total,total,m,"[65,Inf)",2.05,87.2,87,87.2,1,1
sf,total,total,m,"[65,Inf)",2.06,87.2,87,87.2,1,1
sf,total,total,m,"[65,Inf)",2.07,87.2,87.1,87.2,1,1
sf,total,total,m,"[65,Inf)",2.08,87.2,87.1,87.2,1,1
sf,total,total,m,"[65,Inf)",2.09,87.2,87.2,87.2,1,1
sf,total,total,m,"[65,Inf)",2.1,87.2,87.2,87.2,1,1
sf,total,total,m,"[65,Inf)",2.11,87.2,87.2,87.2,1,1
sf,total,total,m,"[65,Inf)",2.12,87.2,87.2,87.2,1,1
sf,total,total,m,"[65,Inf)",2.13,87.2,87.2,87.2,1,1
sf,total,total,m,"[65,Inf)",2.14,87.2,87.2,87.2,1,1
sf,total,total,m,"[65,Inf)",2.15,87.2,87.2,87.2,1,1
sf,total,total,m,"[65,Inf)",2.16,87.2,87.2,87.2,1,1
sf,total,total,m,"[65,Inf)",2.17,87.2,87.2,87.2,1,1
sf,total,total,m,"[65,Inf)",2.18,87.2,87.2,87.2,1,1
sf,total,total,m,"[65,Inf)",2.19,87.2,87.2,87.2,1,1
sf,total,total,m,"[65,Inf)",2.2,87.2,87.2,87.2,1,1
sf,total,total,m,"[65,Inf)",2.21,87.2,87.2,87.2,1,1
sf,total,total,m,"[65,Inf)",2.22,87.2,87.2,87.2,1,1
sf,total,total,m,"[65,Inf)",2.23,87.2,87.2,87.2,1,1
sf,total,total,m,"[65,Inf)",2.24,87.2,87.2,87.2,1,1
sf,total,total,m,"[65,Inf)",2.25,87.2,87.2,87.2,1,1
sf,total,total,m,"[65,Inf)",2.26,87.2,87.2,87.2,1,1
sf,total,total,m,"[65,Inf)",2.27,87.2,87.2,87.2,1,1
sf,total,total,m,"[65,Inf)",2.28,87.2,87.2,87.2,1,1
sf,total,total,m,"[65,Inf)",2.29,87.2,87.2,87.2,1,1
sf,total,total,m,"[65,Inf)",2.3,87.2,87.2,87.2,1,1
sf,total,total,m,"[65,Inf)",2.31,87.2,87.2,87.2,1,1
sf,total,total,m,"[65,Inf)",2.32,87.2,87.2,87.2,1,1
sf,total,total,m,"[65,Inf)",2.33,87.2,87.2,87.2,1,1
sf,total,total,m,"[65,Inf)",2.34,87.2,87.2,87.2,1,1
sf,total,total,m,"[65,Inf)",2.35,87.2,87.2,87.2,1,1
sf,total,total,m,"[65,Inf)",2.36,87.2,87.2,87.2,1,1
sf,total,total,m,"[65,Inf)",2.37,87.2,87.2,87.2,1,1
sf,total,total,m,"[65,Inf)",2.38,87.2,87.2,87.2,1,1
sf,total,total,m,"[65,Inf)",2.39,87.2,87.2,87.2,1,1
sf,total,total,m,"[65,Inf)",2.4,87.2,87.2,87.2,1,1
sf,total,total,m,"[65,Inf)",2.41,87.2,87.2,87.2,1,1
sf,total,total,m,"[65,Inf)",2.42,87.2,87.2,87.2,1,1
sf,total,total,m,"[65,Inf)",2.43,87.2,87.2,87.2,1,1
sf,total,total,m,"[65,Inf)",2.44,87.2,87.2,87.2,1,1
sf,total,total,m,"[65,Inf)",2.45,87.2,87.2,87.2,1,1
sf,total,total,m,"[65,Inf)",2.46,87.2,87.2,87.2,1,1
sf,total,total,m,"[65,Inf)",2.47,87.2,87.2,87.2,1,1
sf,total,total,m,"[65,Inf)",2.48,87.2,87.2,87.2,1,1
sf,total,total,m,"[65,Inf)",2.49,87.2,87.2,87.2,1,1
sf,total,total,m,"[65,Inf)",2.5,87.2,87.2,87.2,1,1
sf,total,total,m,"[65,Inf)",2.51,87.2,87.2,87.2,1,1
sf,total,total,m,"[65,Inf)",2.52,87.2,87.2,87.2,1,1
sf,total,total,m,"[65,Inf)",2.53,87.2,87.2,87.2,1,1
sf,total,total,m,"[65,Inf)",2.54,87.2,87.2,87.2,1,1
sf,total,total,m,"[65,Inf)",2.55,87.2,87.2,87.2,1,1
sf,total,total,m,"[65,Inf)",2.56,87.2,87.2,87.2,1,1
sf,total,total,m,"[65,Inf)",2.57,87.2,87.2,87.2,1,1
sf,total,total,m,"[65,Inf)",2.58,87.2,87.2,87.2,1,1
sf,total,total,m,"[65,Inf)",2.59,87.2,87.2,87.2,1,1
sf,total,total,m,"[65,Inf)",2.6,87.2,87.2,87.2,1,1
sf,total,total,m,"[65,Inf)",2.61,87.2,87.2,87.2,1,1
sf,total,total,m,"[65,Inf)",2.62,87.2,87.2,87.2,1,1
sf,total,total,m,"[65,Inf)",2.63,87.2,87.2,87.2,1,1
sf,total,total,m,"[65,Inf)",2.64,87.2,87.2,87.2,1,1
sf,total,total,m,"[65,Inf)",2.65,87.2,87.2,87.2,1,1
sf,total,total,m,"[65,Inf)",2.66,87.2,87.2,87.2,1,1
sf,total,total,m,"[65,Inf)",2.67,87.2,87.2,87.2,1,1
sf,total,total,m,"[65,Inf)",2.68,87.2,87.2,87.2,1,1
sf,total,total,m,"[65,Inf)",2.69,87.2,87.2,87.2,1,1
sf,total,total,m,"[65,Inf)",2.7,87.2,87.2,87.2,1,1
sf,total,total,m,"[65,Inf)",2.71,87.2,87.2,87.2,1,1
sf,total,total,m,"[65,Inf)",2.72,87.2,87.2,87.2,1,1
sf,total,total,m,"[65,Inf)",2.73,87.2,87.2,87.2,1,1
sf,total,total,m,"[65,Inf)",2.74,87.2,87.2,87.2,1,1
sf,total,total,m,"[65,Inf)",2.75,87.2,87.2,87.2,1,1
sf,total,total,m,"[65,Inf)",2.76,87.2,87.2,87.2,1,1
sf,total,total,m,"[65,Inf)",2.77,87.2,87.2,87.2,1,1
sf,total,total,m,"[65,Inf)",2.78,87.2,87.2,87.2,1,1
sf,total,total,m,"[65,Inf)",2.79,87.2,87.2,87.2,1,1
sf,total,total,m,"[65,Inf)",2.8,87.2,87.2,87.2,1,1
sf,total,total,m,"[65,Inf)",2.81,87.2,87.2,87.2,1,1
sf,total,total,m,"[65,Inf)",2.82,87.2,87.2,87.2,1,1
sf,total,total,m,"[65,Inf)",2.83,87.2,87.2,87.2,1,1
sf,total,total,m,"[65,Inf)",2.84,87.2,87.2,87.2,1,1
sf,total,total,m,"[65,Inf)",2.85,87.2,87.2,87.2,1,1
sf,total,total,m,"[65,Inf)",2.86,87.2,87.2,87.2,1,1
sf,total,total,m,"[65,Inf)",2.87,87.2,87.2,87.2,1,1
sf,total,total,m,"[65,Inf)",2.88,87.2,87.2,87.2,1,1
sf,total,total,m,"[65,Inf)",2.89,87.2,87.2,87.2,1,1
sf,total,total,m,"[65,Inf)",2.9,87.2,87.2,87.2,1,1
sf,total,total,m,"[65,Inf)",2.91,87.2,87.2,87.2,1,1
sf,total,total,m,"[65,Inf)",2.92,87.2,87.2,87.2,1,1
sf,total,total,m,"[65,Inf)",2.93,87.2,87.2,87.2,1,1
sf,total,total,m,"[65,Inf)",2.94,87.2,87.2,87.2,1,1
sf,total,total,m,"[65,Inf)",2.95,87.2,87.2,87.2,1,1
sf,total,total,m,"[65,Inf)",2.96,87.2,87.2,87.2,1,1
sf,total,total,m,"[65,Inf)",2.97,87.2,87.2,87.2,1,1
sf,total,total,m,"[65,Inf)",2.98,87.2,87.2,87.2,1,1
sf,total,total,m,"[65,Inf)",2.99,87.2,87.2,87.2,1,1
sf,total,total,m,"[65,Inf)",3,87.2,87.2,87.2,1,1
