"version","level","scale","gender","age_group","raw","T","T_int_lo","T_int_hi","pctl_med","extrapolation"
"bfplus_m","domain","anankastia","all","all",0,29.7,29.4,39.2,0.0212,0
"bfplus_m","domain","anankastia","all","all",0.1667,33.4,30.8,43.8,0.0481,0
"bfplus_m","domain","anankastia","all","all",0.3333,36.6,32.3,46.8,0.0909,0
"bfplus_m","domain","anankastia","all","all",0.5,39.7,34.3,49.4,0.1509,0
"bfplus_m","domain","anankastia","all","all",0.6667,42.5,36.2,52,0.2267,0
"bfplus_m","domain","anankastia","all","all",0.8333,45.3,38.3,54.3,0.3182,0
"bfplus_m","domain","anankastia","all","all",1,48.1,40.3,56.8,0.4229,0
"bfplus_m","domain","anankastia","all","all",1.1667,50.9,42.4,59.1,0.5341,0
"bfplus_m","domain","anankastia","all","all",1.3333,53.7,44.5,61.4,0.6427,0
"bfplus_m","domain","anankastia","all","all",1.5,56.5,46.6,63.6,0.7417,0
"bfplus_m","domain","anankastia","all","all",1.6667,59.3,48.8,65.9,0.8251,0
"bfplus_m","domain","anankastia","all","all",1.8333,62.2,51.1,68,0.8892,0
"bfplus_m","domain","anankastia","all","all",2,65.1,53.4,70.2,0.9342,0
"bfplus_m","domain","anankastia","all","all",2.1667,67.9,55.8,72.3,0.9631,0
"bfplus_m","domain","anankastia","all","all",2.3333,70.6,58.4,74.4,0.9804,0
"bfplus_m","domain","anankastia","all","all",2.5,73.3,61.2,76.4,0.9901,0
"bfplus_m","domain","anankastia","all","all",2.6667,75.9,64,78.3,0.9953,1
"bfplus_m","domain","anankastia","all","all",2.8333,78.5,67.1,80,0.9978,1
"bfplus_m","domain","anankastia","all","all",3,81.4,71.6,82.1,0.9991,1
"bfplus_m","domain","anankastia","f","[18,35)",0,29.8,29.1,38.3,0.0217,0
"bfplus_m","domain","anankastia","f","[18,35)",0.1667,33.1,30.8,42.8,0.0457,0
"bfplus_m","domain","anankastia","f","[18,35)",0.3333,36.1,32.2,45.7,0.0827,0
"bfplus_m","domain","anankastia","f","[18,35)",0.5,38.9,33.9,48.2,0.1338,0
"bfplus_m","domain","anankastia","f","[18,35)",0.6667,41.6,35.7,50.6,0.1992,0
"bfplus_m","domain","anankastia","f","[18,35)",0.8333,44.2,37.7,52.9,0.2796,0
"bfplus_m","domain","anankastia","f","[18,35)",1,46.8,39.6,55.2,0.3734,0
"bfplus_m","domain","anankastia","f","[18,35)",1.1667,49.4,41.6,57.4,0.4767,0
"bfplus_m","domain","anankastia","f","[18,35)",1.3333,52,43.6,59.6,0.579,0
"bfplus_m","domain","anankastia","f","[18,35)",1.5,54.6,45.6,61.7,0.6787,0
"bfplus_m","domain","anankastia","f","[18,35)",1.6667,57.3,47.7,63.8,0.7665,0
"bfplus_m","domain","anankastia","f","[18,35)",1.8333,59.9,49.8,65.9,0.8388,0
"bfplus_m","domain","anankastia","f","[18,35)",2,62.6,52.1,68.1,0.8955,0
"bfplus_m","domain","anankastia","f","[18,35)",2.1667,65.3,54.6,70.2,0.9367,0
"bfplus_m","domain","anankastia","f","[18,35)",2.3333,67.9,57,72.3,0.963,0
"bfplus_m","domain","anankastia","f","[18,35)",2.5,70.6,59.5,74.4,0.9803,0
"bfplus_m","domain","anankastia","f","[18,35)",2.6667,73.3,62.3,76.4,0.9902,0
"bfplus_m","domain","anankastia","f","[18,35)",2.8333,77.2,65.2,78.3,0.9967,1
"bfplus_m","domain","anankastia","f","[18,35)",3,87.2,69.3,82.1,1,1
"bfplus_m","domain","anankastia","f","[35,50)",0,31.4,30.9,39.9,0.0316,0
"bfplus_m","domain","anankastia","f","[35,50)",0.1667,35,32.4,44.3,0.0666,0
"bfplus_m","domain","anankastia","f","[35,50)",0.3333,38.1,33.8,47,0.1178,0
"bfplus_m","domain","anankastia","f","[35,50)",0.5,40.9,35.6,49.6,0.1822,0
"bfplus_m","domain","anankastia","f","[35,50)",0.6667,43.5,37.4,52,0.2571,0
"bfplus_m","domain","anankastia","f","[35,50)",0.8333,46,39.3,54.2,0.3428,0
"bfplus_m","domain","anankastia","f","[35,50)",1,48.4,41.3,56.6,0.4368,0
"bfplus_m","domain","anankastia","f","[35,50)",1.1667,50.9,43.3,58.8,0.5374,0
"bfplus_m","domain","anankastia","f","[35,50)",1.3333,53.5,45.3,61.1,0.6385,0
"bfplus_m","domain","anankastia","f","[35,50)",1.5,56.2,47.3,63.3,0.7327,0
"bfplus_m","domain","anankastia","f","[35,50)",1.6667,58.9,49.2,65.5,0.8136,0
"bfplus_m","domain","anankastia","f","[35,50)",1.8333,61.7,51.3,67.7,0.8788,0
"bfplus_m","domain","anankastia","f","[35,50)",2,64.5,53.5,69.8,0.9262,0
"bfplus_m","domain","anankastia","f","[35,50)",2.1667,67.3,55.8,72.1,0.9579,0
"bfplus_m","domain","anankastia","f","[35,50)",2.3333,70.2,58.2,74.4,0.9783,0
"bfplus_m","domain","anankastia","f","[35,50)",2.5,73.2,60.8,76.7,0.9898,0
"bfplus_m","domain","anankastia","f","[35,50)",2.6667,76.6,63.7,78.9,0.996,1
"bfplus_m","domain","anankastia","f","[35,50)",2.8333,78.8,66.6,81.2,0.998,1
"bfplus_m","domain","anankastia","f","[35,50)",3,87.2,70.7,84.1,1,1
"bfplus_m","domain","anankastia","f","[50,65)",0,30.6,30.3,40.6,0.0264,0
"bfplus_m","domain","anankastia","f","[50,65)",0.1667,34.6,31.9,45.3,0.0622,0
"bfplus_m","domain","anankastia","f","[50,65)",0.3333,38.1,33.4,48.3,0.1178,0
"bfplus_m","domain","anankastia","f","[50,65)",0.5,41.3,35.4,51.1,0.1909,0
"bfplus_m","domain","anankastia","f","[50,65)",0.6667,44.2,37.4,53.7,0.2798,0
"bfplus_m","domain","anankastia","f","[50,65)",0.8333,47,39.6,56,0.3834,0
"bfplus_m","domain","anankastia","f","[50,65)",1,49.9,41.7,58.5,0.4955,0
"bfplus_m","domain","anankastia","f","[50,65)",1.1667,52.7,43.8,60.8,0.6071,0
"bfplus_m","domain","anankastia","f","[50,65)",1.3333,55.6,46,63.2,0.7131,0
"bfplus_m","domain","anankastia","f","[50,65)",1.5,58.6,48.1,65.4,0.8043,0
"bfplus_m","domain","anankastia","f","[50,65)",1.6667,61.5,50.3,67.7,0.875,0
"bfplus_m","domain","anankastia","f","[50,65)",1.8333,64.4,52.6,70,0.9257,0
"bfplus_m","domain","anankastia","f","[50,65)",2,67.4,55,72.4,0.9595,0
"bfplus_m","domain","anankastia","f","[50,65)",2.1667,70.4,57.4,74.6,0.9793,0
"bfplus_m","domain","anankastia","f","[50,65)",2.3333,73.4,60,77,0.9903,0
"bfplus_m","domain","anankastia","f","[50,65)",2.5,76.5,62.8,79.2,0.996,1
"bfplus_m","domain","anankastia","f","[50,65)",2.6667,80.3,65.7,81.4,0.9988,1
"bfplus_m","domain","anankastia","f","[50,65)",2.8333,87.2,68.8,83.9,1,1
"bfplus_m","domain","anankastia","f","[50,65)",3,87.2,73,86.7,1,1
"bfplus_m","domain","anankastia","f","[65,Inf)",0,28.9,28.4,40,0.0173,0
"bfplus_m","domain","anankastia","f","[65,Inf)",0.1667,33.1,30.4,44.8,0.0455,0
"bfplus_m","domain","anankastia","f","[65,Inf)",0.3333,36.8,32.1,48,0.0939,0
"bfplus_m","domain","anankastia","f","[65,Inf)",0.5,40.2,34.2,50.8,0.1645,0
"bfplus_m","domain","anankastia","f","[65,Inf)",0.6667,43.3,36.4,53.4,0.2519,0
"bfplus_m","domain","anankastia","f","[65,Inf)",0.8333,46.4,38.6,55.9,0.3588,0
"bfplus_m","domain","anankastia","f","[65,Inf)",1,49.4,40.8,58.3,0.4765,0
"bfplus_m","domain","anankastia","f","[65,Inf)",1.1667,52.4,43,60.7,0.5957,0
"bfplus_m","domain","anankastia","f","[65,Inf)",1.3333,55.4,45.4,63.2,0.7053,0
"bfplus_m","domain","anankastia","f","[65,Inf)",1.5,58.4,47.6,65.5,0.7991,0
"bfplus_m","domain","anankastia","f","[65,Inf)",1.6667,61.4,49.9,68,0.8733,0
"bfplus_m","domain","anankastia","f","[65,Inf)",1.8333,64.5,52.3,70.5,0.9264,0
"bfplus_m","domain","anankastia","f","[65,Inf)",2,67.6,54.8,72.7,0.9612,0
"bfplus_m","domain","anankastia","f","[65,Inf)",2.1667,70.9,57.2,75.2,0.9816,0
"bfplus_m","domain","anankastia","f","[65,Inf)",2.3333,74.1,59.9,77.6,0.992,0
"bfplus_m","domain","anankastia","f","[65,Inf)",2.5,77.2,62.6,79.7,0.9968,1
"bfplus_m","domain","anankastia","f","[65,Inf)",2.6667,79.5,65.5,82.3,0.9984,1
"bfplus_m","domain","anankastia","f","[65,Inf)",2.8333,87.2,68.8,84.8,1,1
"bfplus_m","domain","anankastia","f","[65,Inf)",3,87.2,73.2,86.8,1,1
"bfplus_m","domain","anankastia","m","[18,35)",0,29.1,28.5,37.4,0.0182,0
"bfplus_m","domain","anankastia","m","[18,35)",0.1667,32.4,30,42,0.0388,0
"bfplus_m","domain","anankastia","m","[18,35)",0.3333,35.1,31.4,45,0.0679,0
"bfplus_m","domain","anankastia","m","[18,35)",0.5,37.7,33.1,47.8,0.1101,0
"bfplus_m","domain","anankastia","m","[18,35)",0.6667,40.4,34.9,50.4,0.1692,0
"bfplus_m","domain","anankastia","m","[18,35)",0.8333,43.1,36.8,52.6,0.2457,0
"bfplus_m","domain","anankastia","m","[18,35)",1,45.9,38.8,55,0.3404,0
"bfplus_m","domain","anankastia","m","[18,35)",1.1667,48.8,40.7,57.3,0.4505,0
"bfplus_m","domain","anankastia","m","[18,35)",1.3333,51.5,42.8,59.6,0.5596,0
"bfplus_m","domain","anankastia","m","[18,35)",1.5,54.3,44.9,61.7,0.668,0
"bfplus_m","domain","anankastia","m","[18,35)",1.6667,57.2,47,63.7,0.7641,0
"bfplus_m","domain","anankastia","m","[18,35)",1.8333,60,49.3,65.8,0.8424,0
"bfplus_m","domain","anankastia","m","[18,35)",2,62.8,51.6,67.7,0.8993,0
"bfplus_m","domain","anankastia","m","[18,35)",2.1667,65.3,54.1,69.6,0.937,0
"bfplus_m","domain","anankastia","m","[18,35)",2.3333,67.7,56.6,71.4,0.9615,0
"bfplus_m","domain","anankastia","m","[18,35)",2.5,70.1,59.4,73.1,0.9776,0
"bfplus_m","domain","anankastia","m","[18,35)",2.6667,72.1,62.3,74.7,0.9863,0
"bfplus_m","domain","anankastia","m","[18,35)",2.8333,74.4,65.3,76.3,0.9926,0
"bfplus_m","domain","anankastia","m","[18,35)",3,75.7,69.8,77.8,0.995,0
"bfplus_m","domain","anankastia","m","[35,50)",0,29.4,28.7,38.5,0.0199,0
"bfplus_m","domain","anankastia","m","[35,50)",0.1667,32.9,30.5,43.1,0.0436,0
"bfplus_m","domain","anankastia","m","[35,50)",0.3333,36,32,46,0.0815,0
"bfplus_m","domain","anankastia","m","[35,50)",0.5,39,33.8,48.6,0.1365,0
"bfplus_m","domain","anankastia","m","[35,50)",0.6667,41.8,35.8,51.1,0.2058,0
"bfplus_m","domain","anankastia","m","[35,50)",0.8333,44.4,37.7,53.5,0.289,0
"bfplus_m","domain","anankastia","m","[35,50)",1,47.1,39.8,56.1,0.3854,0
"bfplus_m","domain","anankastia","m","[35,50)",1.1667,49.8,41.8,58.3,0.49,0
"bfplus_m","domain","anankastia","m","[35,50)",1.3333,52.6,43.9,60.7,0.6013,0
"bfplus_m","domain","anankastia","m","[35,50)",1.5,55.4,46,63,0.7055,0
"bfplus_m","domain","anankastia","m","[35,50)",1.6667,58.3,48.1,65.2,0.7971,0
"bfplus_m","domain","anankastia","m","[35,50)",1.8333,61.3,50.3,67.5,0.8718,0
"bfplus_m","domain","anankastia","m","[35,50)",2,64.3,52.5,69.8,0.9243,0
"bfplus_m","domain","anankastia","m","[35,50)",2.1667,67.3,54.9,72,0.9579,0
"bfplus_m","domain","anankastia","m","[35,50)",2.3333,70.3,57.5,74.5,0.9786,0
"bfplus_m","domain","anankastia","m","[35,50)",2.5,73.3,60.2,76.7,0.99,0
"bfplus_m","domain","anankastia","m","[35,50)",2.6667,76.3,63.1,78.8,0.9957,1
"bfplus_m","domain","anankastia","m","[35,50)",2.8333,78.5,66.3,81,0.9978,1
"bfplus_m","domain","anankastia","m","[35,50)",3,87.2,70.6,84.7,1,1
"bfplus_m","domain","anankastia","m","[50,65)",0,29.4,29,39.4,0.0195,0
"bfplus_m","domain","anankastia","m","[50,65)",0.1667,33.3,30.7,44,0.047,0
"bfplus_m","domain","anankastia","m","[50,65)",0.3333,36.6,32.2,47,0.0908,0
"bfplus_m","domain","anankastia","m","[50,65)",0.5,39.8,34.2,49.8,0.1541,0
"bfplus_m","domain","anankastia","m","[50,65)",0.6667,42.7,36.3,52.4,0.2329,0
"bfplus_m","domain","anankastia","m","[50,65)",0.8333,45.6,38.4,54.9,0.3287,0
"bfplus_m","domain","anankastia","m","[50,65)",1,48.4,40.6,57.4,0.436,0
"bfplus_m","domain","anankastia","m","[50,65)",1.1667,51.3,42.6,59.8,0.5505,0
"bfplus_m","domain","anankastia","m","[50,65)",1.3333,54.2,44.7,62.1,0.6626,0
"bfplus_m","domain","anankastia","m","[50,65)",1.5,57.1,46.9,64.5,0.7625,0
"bfplus_m","domain","anankastia","m","[50,65)",1.6667,60.2,49.1,66.9,0.8459,0
"bfplus_m","domain","anankastia","m","[50,65)",1.8333,63.3,51.4,69.3,0.9082,0
"bfplus_m","domain","anankastia","m","[50,65)",2,66.4,53.7,71.7,0.95,0
"bfplus_m","domain","anankastia","m","[50,65)",2.1667,69.6,56.2,74,0.975,0
"bfplus_m","domain","anankastia","m","[50,65)",2.3333,72.7,58.8,76.4,0.9883,0
"bfplus_m","domain","anankastia","m","[50,65)",2.5,75.7,61.7,78.9,0.995,0
"bfplus_m","domain","anankastia","m","[50,65)",2.6667,78.7,64.5,81.3,0.9979,1
"bfplus_m","domain","anankastia","m","[50,65)",2.8333,87.2,67.8,84,1,1
"bfplus_m","domain","anankastia","m","[50,65)",3,87.2,72,86.6,1,1
"bfplus_m","domain","anankastia","m","[65,Inf)",0,27.6,27.2,38.5,0.0127,0
"bfplus_m","domain","anankastia","m","[65,Inf)",0.1667,31.8,29.2,43.3,0.0345,0
"bfplus_m","domain","anankastia","m","[65,Inf)",0.3333,35.4,30.9,46.5,0.0716,0
"bfplus_m","domain","anankastia","m","[65,Inf)",0.5,38.4,33,49.3,0.1239,0
"bfplus_m","domain","anankastia","m","[65,Inf)",0.6667,41.5,35.1,52.1,0.1977,0
"bfplus_m","domain","anankastia","m","[65,Inf)",0.8333,44.5,37.3,54.5,0.2923,0
"bfplus_m","domain","anankastia","m","[65,Inf)",1,47.6,39.4,56.9,0.4052,0
"bfplus_m","domain","anankastia","m","[65,Inf)",1.1667,50.7,41.6,59.4,0.5268,0
"bfplus_m","domain","anankastia","m","[65,Inf)",1.3333,53.7,43.7,61.7,0.6456,0
"bfplus_m","domain","anankastia","m","[65,Inf)",1.5,56.8,46,64.1,0.7502,0
"bfplus_m","domain","anankastia","m","[65,Inf)",1.6667,59.7,48.4,66.5,0.835,0
"bfplus_m","domain","anankastia","m","[65,Inf)",1.8333,62.8,50.7,68.6,0.8989,0
"bfplus_m","domain","anankastia","m","[65,Inf)",2,65.9,53.1,70.8,0.9437,0
"bfplus_m","domain","anankastia","m","[65,Inf)",2.1667,68.9,55.7,73.2,0.9706,0
"bfplus_m","domain","anankastia","m","[65,Inf)",2.3333,71.8,58.4,75.6,0.9853,0
"bfplus_m","domain","anankastia","m","[65,Inf)",2.5,74.8,61.2,77.9,0.9935,0
"bfplus_m","domain","anankastia","m","[65,Inf)",2.6667,77.8,64.3,80,0.9973,1
"bfplus_m","domain","anankastia","m","[65,Inf)",2.8333,81.2,67.7,82.5,0.9991,1
"bfplus_m","domain","anankastia","m","[65,Inf)",3,87.2,71.8,86.4,1,1
"bfplus_m","domain","antagonism","all","all",0,39.8,39.6,49.3,0.1542,0
"bfplus_m","domain","antagonism","all","all",0.1667,44.7,42.1,54.6,0.2973,0
"bfplus_m","domain","antagonism","all","all",0.3333,48.5,43,57.5,0.4423,0
"bfplus_m","domain","antagonism","all","all",0.5,52,44.5,60.5,0.5774,0
"bfplus_m","domain","antagonism","all","all",0.6667,55.1,46.6,63.3,0.6963,0
"bfplus_m","domain","antagonism","all","all",0.8333,58.1,48.9,65.8,0.7914,0
"bfplus_m","domain","antagonism","all","all",1,61.4,51,68.1,0.8732,0
"bfplus_m","domain","antagonism","all","all",1.1667,64.5,53.2,70.6,0.9268,0
"bfplus_m","domain","antagonism","all","all",1.3333,67.4,55.4,72.8,0.9591,0
"bfplus_m","domain","antagonism","all","all",1.5,70.5,57.6,75,0.9799,0
"bfplus_m","domain","antagonism","all","all",1.6667,73.4,60.1,76.8,0.9904,0
"bfplus_m","domain","antagonism","all","all",1.8333,75.8,62.4,78.8,0.995,1
"bfplus_m","domain","antagonism","all","all",2,78,65,81,0.9974,1
"bfplus_m","domain","antagonism","all","all",2.1667,81.2,67.5,82.3,0.9991,1
"bfplus_m","domain","antagonism","all","all",2.3333,81.9,70.4,83.1,0.9993,1
"bfplus_m","domain","antagonism","all","all",2.5,83.4,73.1,84.2,0.9996,1
"bfplus_m","domain","antagonism","all","all",2.6667,83.4,75.6,85.7,0.9996,1
"bfplus_m","domain","antagonism","all","all",2.8333,83.4,79,86.4,0.9996,1
"bfplus_m","domain","antagonism","all","all",3,87.2,82.2,87,1,1
"bfplus_m","domain","antagonism","f","[18,35)",0,38.5,37.6,47.5,0.1243,0
"bfplus_m","domain","antagonism","f","[18,35)",0.1667,42.1,40.1,52.8,0.2135,0
"bfplus_m","domain","antagonism","f","[18,35)",0.3333,46.4,41,56.4,0.3609,0
"bfplus_m","domain","antagonism","f","[18,35)",0.5,49.3,42.4,58.8,0.4719,0
"bfplus_m","domain","antagonism","f","[18,35)",0.6667,52.6,44.7,60.9,0.6038,0
"bfplus_m","domain","antagonism","f","[18,35)",0.8333,56.7,47,63.2,0.7472,0
"bfplus_m","domain","antagonism","f","[18,35)",1,59.3,48.9,65.7,0.823,0
"bfplus_m","domain","antagonism","f","[18,35)",1.1667,61.8,51,68.7,0.881,0
"bfplus_m","domain","antagonism","f","[18,35)",1.3333,64.6,53.4,71.8,0.9278,0
"bfplus_m","domain","antagonism","f","[18,35)",1.5,67.6,56.3,73.5,0.9608,0
"bfplus_m","domain","antagonism","f","[18,35)",1.6667,72,58.5,75.1,0.986,0
"bfplus_m","domain","antagonism","f","[18,35)",1.8333,74.2,60.6,76.8,0.9923,0
"bfplus_m","domain","antagonism","f","[18,35)",2,75.7,62.8,79,0.9949,0
"bfplus_m","domain","antagonism","f","[18,35)",2.1667,78.9,65.1,83.2,0.9981,1
"bfplus_m","domain","antagonism","f","[18,35)",2.3333,78.9,67.7,87.2,0.9981,1
"bfplus_m","domain","antagonism","f","[18,35)",2.5,87.2,71.6,87.2,1,1
"bfplus_m","domain","antagonism","f","[18,35)",2.6667,87.2,74,87.2,1,1
"bfplus_m","domain","antagonism","f","[18,35)",2.8333,87.2,76.4,87.2,1,1
"bfplus_m","domain","antagonism","f","[18,35)",3,87.2,78.7,87.2,1,1
"bfplus_m","domain","antagonism","f","[35,50)",0,40.9,40.4,50.4,0.1809,0
"bfplus_m","domain","antagonism","f","[35,50)",0.1667,46,43.2,55.9,0.3452,0
"bfplus_m","domain","antagonism","f","[35,50)",0.3333,49.8,44.1,58.4,0.4906,0
"bfplus_m","domain","antagonism","f","[35,50)",0.5,53.1,45.7,61.3,0.6224,0
"bfplus_m","domain","antagonism","f","[35,50)",0.6667,56.9,47.7,64.7,0.7536,0
"bfplus_m","domain","antagonism","f","[35,50)",0.8333,59.1,49.9,67.5,0.8199,0
"bfplus_m","domain","antagonism","f","[35,50)",1,62.5,52.1,70.1,0.8946,0
"bfplus_m","domain","antagonism","f","[35,50)",1.1667,66.3,54.4,73.1,0.9482,0
"bfplus_m","domain","antagonism","f","[35,50)",1.3333,69.5,56.8,75.5,0.9742,0
"bfplus_m","domain","antagonism","f","[35,50)",1.5,73.8,58.6,77.1,0.9915,0
"bfplus_m","domain","antagonism","f","[35,50)",1.6667,77.5,60.8,78.2,0.997,1
"bfplus_m","domain","antagonism","f","[35,50)",1.8333,77.5,63.3,82.5,0.997,1
"bfplus_m","domain","antagonism","f","[35,50)",2,77.5,66,87.2,0.997,1
"bfplus_m","domain","antagonism","f","[35,50)",2.1667,87.2,68.5,87.2,1,1
"bfplus_m","domain","antagonism","f","[35,50)",2.3333,87.2,72.4,87.2,1,1
"bfplus_m","domain","antagonism","f","[35,50)",2.5,87.2,75.5,87.2,1,1
"bfplus_m","domain","antagonism","f","[35,50)",2.6667,87.2,76.9,87.2,1,1
"bfplus_m","domain","antagonism","f","[35,50)",2.8333,87.2,79.6,87.2,1,1
"bfplus_m","domain","antagonism","f","[35,50)",3,87.2,84.7,87.2,1,1
"bfplus_m","domain","antagonism","f","[50,65)",0,42.7,42.4,52.1,0.2314,0
"bfplus_m","domain","antagonism","f","[50,65)",0.1667,48.2,45.2,58.2,0.4293,0
"bfplus_m","domain","antagonism","f","[50,65)",0.3333,52.1,46.1,61.5,0.5821,0
"bfplus_m","domain","antagonism","f","[50,65)",0.5,56.2,47.5,64.9,0.732,0
"bfplus_m","domain","antagonism","f","[50,65)",0.6667,59.3,49.5,67.7,0.8248,0
"bfplus_m","domain","antagonism","f","[50,65)",0.8333,63.3,51.7,69.8,0.9084,0
"bfplus_m","domain","antagonism","f","[50,65)",1,66.9,54.2,72.2,0.9546,0
"bfplus_m","domain","antagonism","f","[50,65)",1.1667,69.6,56.5,74.6,0.9752,0
"bfplus_m","domain","antagonism","f","[50,65)",1.3333,72.7,58.5,82.1,0.9884,0
"bfplus_m","domain","antagonism","f","[50,65)",1.5,75.3,61.1,87.2,0.9942,0
"bfplus_m","domain","antagonism","f","[50,65)",1.6667,87.2,63.8,87.2,1,1
"bfplus_m","domain","antagonism","f","[50,65)",1.8333,87.2,66.6,87.2,1,1
"bfplus_m","domain","antagonism","f","[50,65)",2,87.2,68.8,87.2,1,1
"bfplus_m","domain","antagonism","f","[50,65)",2.1667,87.2,71.1,87.2,1,1
"bfplus_m","domain","antagonism","f","[50,65)",2.3333,87.2,73.1,87.2,1,1
"bfplus_m","domain","antagonism","f","[50,65)",2.5,87.2,74.7,87.2,1,1
"bfplus_m","domain","antagonism","f","[50,65)",2.6667,87.2,78.6,87.2,1,1
"bfplus_m","domain","antagonism","f","[50,65)",2.8333,87.2,83.5,87.2,1,1
"bfplus_m","domain","antagonism","f","[50,65)",3,87.2,87.1,87.2,1,1
"bfplus_m","domain","antagonism","f","[65,Inf)",0,42.3,41.8,53.5,0.2197,0
"bfplus_m","domain","antagonism","f","[65,Inf)",0.1667,48.6,45.1,59.1,0.4442,0
"bfplus_m","domain","antagonism","f","[65,Inf)",0.3333,53.3,46,62.1,0.6283,0
"bfplus_m","domain","antagonism","f","[65,Inf)",0.5,57.4,47.6,65.3,0.7717,0
"bfplus_m","domain","antagonism","f","[65,Inf)",0.6667,60.7,49.9,68.8,0.8578,0
"bfplus_m","domain","antagonism","f","[65,Inf)",0.8333,63.9,52.4,70.5,0.917,0
"bfplus_m","domain","antagonism","f","[65,Inf)",1,68.5,54.9,72.7,0.9676,0
"bfplus_m","domain","antagonism","f","[65,Inf)",1.1667,70.4,57.5,75.9,0.9796,0
"bfplus_m","domain","antagonism","f","[65,Inf)",1.3333,73.5,59.6,78.5,0.9906,0
"bfplus_m","domain","antagonism","f","[65,Inf)",1.5,77.6,61.9,82.2,0.9971,1
"bfplus_m","domain","antagonism","f","[65,Inf)",1.6667,80.5,64.3,87.2,0.9989,1
"bfplus_m","domain","antagonism","f","[65,Inf)",1.8333,87.2,67.7,87.2,1,1
"bfplus_m","domain","antagonism","f","[65,Inf)",2,87.2,69.7,87.2,1,1
"bfplus_m","domain","antagonism","f","[65,Inf)",2.1667,87.2,71.8,87.2,1,1
"bfplus_m","domain","antagonism","f","[65,Inf)",2.3333,87.2,74.5,87.2,1,1
"bfplus_m","domain","antagonism","f","[65,Inf)",2.5,87.2,76.9,87.2,1,1
"bfplus_m","domain","antagonism","f","[65,Inf)",2.6667,87.2,78.7,87.2,1,1
"bfplus_m","domain","antagonism","f","[65,Inf)",2.8333,87.2,81.2,87.2,1,1
"bfplus_m","domain","antagonism","f","[65,Inf)",3,87.2,84.8,87.2,1,1
"bfplus_m","domain","antagonism","m","[18,35)",0,33.7,33.1,44.7,0.0517,0
"bfplus_m","domain","antagonism","m","[18,35)",0.1667,37.8,35.8,49.6,0.1104,0
"bfplus_m","domain","antagonism","m","[18,35)",0.3333,42.1,36.8,52.9,0.2145,0
"bfplus_m","domain","antagonism","m","[18,35)",0.5,45.7,38.7,56.3,0.3335,0
"bfplus_m","domain","antagonism","m","[18,35)",0.6667,48.9,41.1,59.4,0.4569,0
"bfplus_m","domain","antagonism","m","[18,35)",0.8333,52,43.5,61.6,0.5786,0
"bfplus_m","domain","antagonism","m","[18,35)",1,55.9,45.9,63.5,0.7218,0
"bfplus_m","domain","antagonism","m","[18,35)",1.1667,59.7,48.1,65.7,0.8343,0
"bfplus_m","domain","antagonism","m","[18,35)",1.3333,62.4,50.3,67.9,0.8917,0
"bfplus_m","domain","antagonism","m","[18,35)",1.5,64.9,52.5,70,0.9323,0
"bfplus_m","domain","antagonism","m","[18,35)",1.6667,67.6,55.3,73.1,0.9606,0
"bfplus_m","domain","antagonism","m","[18,35)",1.8333,69.8,58.1,75.3,0.9764,0
"bfplus_m","domain","antagonism","m","[18,35)",2,74,60.8,77,0.9918,0
"bfplus_m","domain","antagonism","m","[18,35)",2.1667,76.9,63.2,78.4,0.9965,1
"bfplus_m","domain","antagonism","m","[18,35)",2.3333,76.9,65.7,78.8,0.9965,1
"bfplus_m","domain","antagonism","m","[18,35)",2.5,76.9,67.7,80,0.9965,1
"bfplus_m","domain","antagonism","m","[18,35)",2.6667,76.9,69.9,83.6,0.9965,1
"bfplus_m","domain","antagonism","m","[18,35)",2.8333,76.9,73.7,85.1,0.9965,1
"bfplus_m","domain","antagonism","m","[18,35)",3,87.2,77.8,85.6,1,1
"bfplus_m","domain","antagonism","m","[35,50)",0,36.3,35.6,46.7,0.0853,0
"bfplus_m","domain","antagonism","m","[35,50)",0.1667,40.8,38.5,52.6,0.1782,0
"bfplus_m","domain","antagonism","m","[35,50)",0.3333,44.6,39.6,55.7,0.2949,0
"bfplus_m","domain","antagonism","m","[35,50)",0.5,48.3,41.3,58.3,0.4337,0
"bfplus_m","domain","antagonism","m","[35,50)",0.6667,52.2,43.4,61.3,0.5867,0
"bfplus_m","domain","antagonism","m","[35,50)",0.8333,55.7,45.6,64.3,0.7149,0
"bfplus_m","domain","antagonism","m","[35,50)",1,58.7,47.8,67.6,0.8069,0
"bfplus_m","domain","antagonism","m","[35,50)",1.1667,62.1,50.4,70.6,0.8862,0
"bfplus_m","domain","antagonism","m","[35,50)",1.3333,66.1,53,73.5,0.9458,0
"bfplus_m","domain","antagonism","m","[35,50)",1.5,70.5,55.4,76.6,0.9797,0
"bfplus_m","domain","antagonism","m","[35,50)",1.6667,74.7,57.8,79.1,0.9932,0
"bfplus_m","domain","antagonism","m","[35,50)",1.8333,79.8,60,81.2,0.9986,1
"bfplus_m","domain","antagonism","m","[35,50)",2,79.8,62.5,86.1,0.9986,1
"bfplus_m","domain","antagonism","m","[35,50)",2.1667,87.2,65.3,87.2,1,1
"bfplus_m","domain","antagonism","m","[35,50)",2.3333,87.2,68.4,87.2,1,1
"bfplus_m","domain","antagonism","m","[35,50)",2.5,87.2,71.8,87.2,1,1
"bfplus_m","domain","antagonism","m","[35,50)",2.6667,87.2,75.3,87.2,1,1
"bfplus_m","domain","antagonism","m","[35,50)",2.8333,87.2,77.7,87.2,1,1
"bfplus_m","domain","antagonism","m","[35,50)",3,87.2,80.6,87.2,1,1
"bfplus_m","domain","antagonism","m","[50,65)",0,39.1,38.8,49.2,0.1384,0
"bfplus_m","domain","antagonism","m","[50,65)",0.1667,44.3,41.6,54.6,0.2848,0
"bfplus_m","domain","antagonism","m","[50,65)",0.3333,48.4,42.4,57.4,0.4349,0
"bfplus_m","domain","antagonism","m","[50,65)",0.5,51.6,44.1,60.6,0.5629,0
"bfplus_m","domain","antagonism","m","[50,65)",0.6667,55.1,46.2,63.6,0.6963,0
"bfplus_m","domain","antagonism","m","[50,65)",0.8333,57.7,48.7,66.5,0.7797,0
"bfplus_m","domain","antagonism","m","[50,65)",1,61.3,50.8,69.2,0.8713,0
"bfplus_m","domain","antagonism","m","[50,65)",1.1667,64.9,53.1,71.8,0.9316,0
"bfplus_m","domain","antagonism","m","[50,65)",1.3333,68.6,55.5,73.1,0.9687,0
"bfplus_m","domain","antagonism","m","[50,65)",1.5,72.3,57.3,75.9,0.987,0
"bfplus_m","domain","antagonism","m","[50,65)",1.6667,73.3,59.8,79.2,0.9902,0
"bfplus_m","domain","antagonism","m","[50,65)",1.8333,78.6,62.2,81.1,0.9979,1
"bfplus_m","domain","antagonism","m","[50,65)",2,81.5,64.9,83,0.9992,1
"bfplus_m","domain","antagonism","m","[50,65)",2.1667,81.5,67.8,87.2,0.9992,1
"bfplus_m","domain","antagonism","m","[50,65)",2.3333,87.2,71,87.2,1,1
"bfplus_m","domain","antagonism","m","[50,65)",2.5,87.2,73.1,87.2,1,1
"bfplus_m","domain","antagonism","m","[50,65)",2.6667,87.2,77.1,87.2,1,1
"bfplus_m","domain","antagonism","m","[50,65)",2.8333,87.2,79.4,87.2,1,1
"bfplus_m","domain","antagonism","m","[50,65)",3,87.2,81.2,87.2,1,1
"bfplus_m","domain","antagonism","m","[65,Inf)",0,40.2,39.6,49.5,0.1634,0
"bfplus_m","domain","antagonism","m","[65,Inf)",0.1667,44.9,42.3,55.2,0.3037,0
"bfplus_m","domain","antagonism","m","[65,Inf)",0.3333,48.6,43.2,58.2,0.4438,0
"bfplus_m","domain","antagonism","m","[65,Inf)",0.5,52.5,44.8,62,0.5982,0
"bfplus_m","domain","antagonism","m","[65,Inf)",0.6667,55.7,46.8,65.5,0.7158,0
"bfplus_m","domain","antagonism","m","[65,Inf)",0.8333,58.8,49,68.3,0.811,0
"bfplus_m","domain","antagonism","m","[65,Inf)",1,63.1,51.5,70.3,0.9048,0
"bfplus_m","domain","antagonism","m","[65,Inf)",1.1667,67.5,53.6,73,0.9599,0
"bfplus_m","domain","antagonism","m","[65,Inf)",1.3333,70.3,55.7,75.9,0.9788,0
"bfplus_m","domain","antagonism","m","[65,Inf)",1.5,74.3,57.8,78.8,0.9924,0
"bfplus_m","domain","antagonism","m","[65,Inf)",1.6667,77.9,60.3,80.9,0.9974,1
"bfplus_m","domain","antagonism","m","[65,Inf)",1.8333,82.2,63.2,82.7,0.9994,1
"bfplus_m","domain","antagonism","m","[65,Inf)",2,82.2,66.1,86.8,0.9994,1
"bfplus_m","domain","antagonism","m","[65,Inf)",2.1667,87.2,68.8,87.2,1,1
"bfplus_m","domain","antagonism","m","[65,Inf)",2.3333,87.2,71.7,87.2,1,1
"bfplus_m","domain","antagonism","m","[65,Inf)",2.5,87.2,75.5,87.2,1,1
"bfplus_m","domain","antagonism","m","[65,Inf)",2.6667,87.2,78.6,87.2,1,1
"bfplus_m","domain","antagonism","m","[65,Inf)",2.8333,87.2,80.7,87.2,1,1
"bfplus_m","domain","antagonism","m","[65,Inf)",3,87.2,83.3,87.2,1,1
"bfplus_m","domain","detachment","all","all",0,36.3,36.2,45.5,0.0857,0
"bfplus_m","domain","detachment","all","all",0.1667,40.9,38,50.5,0.1826,0
"bfplus_m","domain","detachment","all","all",0.3333,44.7,39.3,54,0.297,0
"bfplus_m","domain","detachment","all","all",0.5,48.2,41.3,57.6,0.4271,0
"bfplus_m","domain","detachment","all","all",0.6667,51.1,43.5,60.7,0.5453,0
"bfplus_m","domain","detachment","all","all",0.8333,54.5,45.9,63.4,0.6748,0
"bfplus_m","domain","detachment","all","all",1,58.3,48.1,66.1,0.7972,0
"bfplus_m","domain","detachment","all","all",1.1667,61.5,50.4,68.2,0.8743,0
"bfplus_m","domain","detachment","all","all",1.3333,64.8,52.6,70.4,0.9303,0
"bfplus_m","domain","detachment","all","all",1.5,67.5,55.1,73.3,0.9599,0
"bfplus_m","domain","detachment","all","all",1.6667,69.9,57.9,75.7,0.9769,0
"bfplus_m","domain","detachment","all","all",1.8333,73.6,60.5,77.6,0.9909,0
"bfplus_m","domain","detachment","all","all",2,76.3,63.1,79.1,0.9958,1
"bfplus_m","domain","detachment","all","all",2.1667,78.4,65.8,80.8,0.9978,1
"bfplus_m","domain","detachment","all","all",2.3333,79.8,68.1,84.6,0.9986,1
"bfplus_m","domain","detachment","all","all",2.5,84.3,70.7,87.2,0.9997,1
"bfplus_m","domain","detachment","all","all",2.6667,87.2,74.2,87.2,1,1
"bfplus_m","domain","detachment","all","all",2.8333,87.2,77.1,87.2,1,1
"bfplus_m","domain","detachment","all","all",3,87.2,79.4,87.2,1,1
"bfplus_m","domain","detachment","f","[18,35)",0,37.3,36.5,45,0.1016,0
"bfplus_m","domain","detachment","f","[18,35)",0.1667,40.5,38.5,49.9,0.1711,0
"bfplus_m","domain","detachment","f","[18,35)",0.3333,44.4,39.5,53.4,0.2891,0
"bfplus_m","domain","detachment","f","[18,35)",0.5,47.3,41.1,56.7,0.3937,0
"bfplus_m","domain","detachment","f","[18,35)",0.6667,50.3,43.3,59.1,0.5106,0
"bfplus_m","domain","detachment","f","[18,35)",0.8333,53.6,45.5,61.8,0.6419,0
"bfplus_m","domain","detachment","f","[18,35)",1,57.2,47.4,64.4,0.763,0
"bfplus_m","domain","detachment","f","[18,35)",1.1667,59.6,49.6,66.5,0.8304,0
"bfplus_m","domain","detachment","f","[18,35)",1.3333,62.9,51.9,67.9,0.9016,0
"bfplus_m","domain","detachment","f","[18,35)",1.5,65.9,54.4,69.7,0.9436,0
"bfplus_m","domain","detachment","f","[18,35)",1.6667,67.2,57,71.1,0.9574,0
"bfplus_m","domain","detachment","f","[18,35)",1.8333,69.7,58.9,73,0.9757,0
"bfplus_m","domain","detachment","f","[18,35)",2,70.9,61.7,75.2,0.9817,0
"bfplus_m","domain","detachment","f","[18,35)",2.1667,73.8,64.5,85.6,0.9913,0
"bfplus_m","domain","detachment","f","[18,35)",2.3333,74.7,66.5,87.2,0.9932,0
"bfplus_m","domain","detachment","f","[18,35)",2.5,87.2,68.7,87.2,1,1
"bfplus_m","domain","detachment","f","[18,35)",2.6667,87.2,70.7,87.2,1,1
"bfplus_m","domain","detachment","f","[18,35)",2.8333,87.2,72.7,87.2,1,1
"bfplus_m","domain","detachment","f","[18,35)",3,87.2,76,87.2,1,1
"bfplus_m","domain","detachment","f","[35,50)",0,38.5,38,46.6,0.125,0
"bfplus_m","domain","detachment","f","[35,50)",0.1667,42.9,40,52.2,0.2401,0
"bfplus_m","domain","detachment","f","[35,50)",0.3333,46.2,41.2,56.3,0.353,0
"bfplus_m","domain","detachment","f","[35,50)",0.5,49.9,43.1,59.6,0.4943,0
"bfplus_m","domain","detachment","f","[35,50)",0.6667,53,45,62,0.6188,0
"bfplus_m","domain","detachment","f","[35,50)",0.8333,57.4,47.2,64.5,0.7689,0
"bfplus_m","domain","detachment","f","[35,50)",1,60.6,49.6,66.9,0.8552,0
"bfplus_m","domain","detachment","f","[35,50)",1.1667,63.1,51.7,69.4,0.9055,0
"bfplus_m","domain","detachment","f","[35,50)",1.3333,66,54.2,71.6,0.9453,0
"bfplus_m","domain","detachment","f","[35,50)",1.5,68.9,57.3,74.5,0.9705,0
"bfplus_m","domain","detachment","f","[35,50)",1.6667,71.3,59.8,78.4,0.9832,0
"bfplus_m","domain","detachment","f","[35,50)",1.8333,74.6,62,84.5,0.993,0
"bfplus_m","domain","detachment","f","[35,50)",2,80.1,64.4,87.2,0.9987,1
"bfplus_m","domain","detachment","f","[35,50)",2.1667,87.2,66.9,87.2,1,1
"bfplus_m","domain","detachment","f","[35,50)",2.3333,87.2,69.4,87.2,1,1
"bfplus_m","domain","detachment","f","[35,50)",2.5,87.2,71.7,87.2,1,1
"bfplus_m","domain","detachment","f","[35,50)",2.6667,87.2,74.5,87.2,1,1
"bfplus_m","domain","detachment","f","[35,50)",2.8333,87.2,78.4,87.2,1,1
"bfplus_m","domain","detachment","f","[35,50)",3,87.2,84.4,87.2,1,1
"bfplus_m","domain","detachment","f","[50,65)",0,37,36.5,47.5,0.0968,0
"bfplus_m","domain","detachment","f","[50,65)",0.1667,42.3,38.9,52.5,0.2221,0
"bfplus_m","domain","detachment","f","[50,65)",0.3333,46.9,40.2,56,0.3782,0
"bfplus_m","domain","detachment","f","[50,65)",0.5,50.5,42.5,59.4,0.5214,0
"bfplus_m","domain","detachment","f","[50,65)",0.6667,53.6,45,62.5,0.6409,0
"bfplus_m","domain","detachment","f","[50,65)",0.8333,57.1,47.6,65.5,0.7604,0
"bfplus_m","domain","detachment","f","[50,65)",1,60.5,50.1,68.6,0.853,0
"bfplus_m","domain","detachment","f","[50,65)",1.1667,63.9,52.3,72,0.917,0
"bfplus_m","domain","detachment","f","[50,65)",1.3333,67.2,54.6,75.5,0.9574,0
"bfplus_m","domain","detachment","f","[50,65)",1.5,71.3,57.2,79.1,0.9834,0
"bfplus_m","domain","detachment","f","[50,65)",1.6667,75.8,59.7,81.2,0.9951,1
"bfplus_m","domain","detachment","f","[50,65)",1.8333,81.4,62.2,82.2,0.9991,1
"bfplus_m","domain","detachment","f","[50,65)",2,81.4,64.8,83.2,0.9991,1
"bfplus_m","domain","detachment","f","[50,65)",2.1667,81.4,67.5,86.3,0.9991,1
"bfplus_m","domain","detachment","f","[50,65)",2.3333,87.2,70.7,87.2,1,1
"bfplus_m","domain","detachment","f","[50,65)",2.5,87.2,74.4,87.2,1,1
"bfplus_m","domain","detachment","f","[50,65)",2.6667,87.2,78.1,87.2,1,1
"bfplus_m","domain","detachment","f","[50,65)",2.8333,87.2,80,87.2,1,1
"bfplus_m","domain","detachment","f","[50,65)",3,87.2,82.3,87.2,1,1
"bfplus_m","domain","detachment","f","[65,Inf)",0,36.6,36,46.1,0.0903,0
"bfplus_m","domain","detachment","f","[65,Inf)",0.1667,41.7,38.3,51.4,0.2025,0
"bfplus_m","domain","detachment","f","[65,Inf)",0.3333,45.2,39.8,55.3,0.3147,0
"bfplus_m","domain","detachment","f","[65,Inf)",0.5,49,41.9,59.1,0.4622,0
"bfplus_m","domain","detachment","f","[65,Inf)",0.6667,52.1,44,62.5,0.5846,0
"bfplus_m","domain","detachment","f","[65,Inf)",0.8333,56.2,46.3,65.4,0.7318,0
"bfplus_m","domain","detachment","f","[65,Inf)",1,60.1,49,68.3,0.8447,0
"bfplus_m","domain","detachment","f","[65,Inf)",1.1667,63.7,51.1,70.6,0.9139,0
"bfplus_m","domain","detachment","f","[65,Inf)",1.3333,67.4,53.6,72.5,0.9587,0
"bfplus_m","domain","detachment","f","[65,Inf)",1.5,70.5,56.3,76.2,0.9796,0
"bfplus_m","domain","detachment","f","[65,Inf)",1.6667,72.3,59,79,0.9873,0
"bfplus_m","domain","detachment","f","[65,Inf)",1.8333,77.9,61.8,81.1,0.9973,1
"bfplus_m","domain","detachment","f","[65,Inf)",2,80.5,64.6,82.9,0.9989,1
"bfplus_m","domain","detachment","f","[65,Inf)",2.1667,80.5,67.6,87.2,0.9989,1
"bfplus_m","domain","detachment","f","[65,Inf)",2.3333,87.2,70.1,87.2,1,1
"bfplus_m","domain","detachment","f","[65,Inf)",2.5,87.2,72.2,87.2,1,1
"bfplus_m","domain","detachment","f","[65,Inf)",2.6667,87.2,76.8,87.2,1,1
"bfplus_m","domain","detachment","f","[65,Inf)",2.8333,87.2,78.9,87.2,1,1
"bfplus_m","domain","detachment","f","[65,Inf)",3,87.2,81.6,87.2,1,1
"bfplus_m","domain","detachment","m","[18,35)",0,35.3,34.4,43.8,0.0714,0
"bfplus_m","domain","detachment","m","[18,35)",0.1667,41,37.2,48.6,0.1847,0
"bfplus_m","domain","detachment","m","[18,35)",0.3333,43.2,38.7,52.2,0.2492,0
"bfplus_m","domain","detachment","m","[18,35)",0.5,46,41,55.7,0.3447,0
"bfplus_m","domain","detachment","m","[18,35)",0.6667,49,42.7,58.5,0.4604,0
"bfplus_m","domain","detachment","m","[18,35)",0.8333,52.2,44.5,61.5,0.5861,0
"bfplus_m","domain","detachment","m","[18,35)",1,55.7,46.4,63.2,0.7154,0
"bfplus_m","domain","detachment","m","[18,35)",1.1667,58.9,48.5,64.7,0.8131,0
"bfplus_m","domain","detachment","m","[18,35)",1.3333,62.5,50.8,67.2,0.8946,0
"bfplus_m","domain","detachment","m","[18,35)",1.5,63.4,53.3,70.8,0.9101,0
"bfplus_m","domain","detachment","m","[18,35)",1.6667,66.1,55.8,74.7,0.9459,0
"bfplus_m","domain","detachment","m","[18,35)",1.8333,69.8,58.5,76.8,0.9763,0
"bfplus_m","domain","detachment","m","[18,35)",2,75,61.5,78.4,0.9938,0
"bfplus_m","domain","detachment","m","[18,35)",2.1667,78,63,79.6,0.9974,1
"bfplus_m","domain","detachment","m","[18,35)",2.3333,78,64.8,81.7,0.9974,1
"bfplus_m","domain","detachment","m","[18,35)",2.5,78,67.6,87.2,0.9974,1
"bfplus_m","domain","detachment","m","[18,35)",2.6667,87.2,71.9,87.2,1,1
"bfplus_m","domain","detachment","m","[18,35)",2.8333,87.2,74.8,87.2,1,1
"bfplus_m","domain","detachment","m","[18,35)",3,87.2,76.7,87.2,1,1
"bfplus_m","domain","detachment","m","[35,50)",0,34.9,34.2,44.5,0.0655,0
"bfplus_m","domain","detachment","m","[35,50)",0.1667,39.6,36.6,49.3,0.1481,0
"bfplus_m","domain","detachment","m","[35,50)",0.3333,43.4,38,52.4,0.2536,0
"bfplus_m","domain","detachment","m","[35,50)",0.5,46.9,39.9,56,0.3782,0
"bfplus_m","domain","detachment","m","[35,50)",0.6667,49.5,42.2,59.4,0.4819,0
"bfplus_m","domain","detachment","m","[35,50)",0.8333,52.7,44.6,61.5,0.6051,0
"bfplus_m","domain","detachment","m","[35,50)",1,56.4,47.1,63.9,0.7394,0
"bfplus_m","domain","detachment","m","[35,50)",1.1667,60,49.1,66.3,0.8415,0
"bfplus_m","domain","detachment","m","[35,50)",1.3333,62.1,51.1,68.6,0.8864,0
"bfplus_m","domain","detachment","m","[35,50)",1.5,65.4,53.6,72.5,0.9379,0
"bfplus_m","domain","detachment","m","[35,50)",1.6667,67.1,56.5,76.9,0.9568,0
"bfplus_m","domain","detachment","m","[35,50)",1.8333,71.8,59.3,84.6,0.9853,0
"bfplus_m","domain","detachment","m","[35,50)",2,76.9,61.3,87.2,0.9964,1
"bfplus_m","domain","detachment","m","[35,50)",2.1667,87.2,63.9,87.2,1,1
"bfplus_m","domain","detachment","m","[35,50)",2.3333,87.2,66.1,87.2,1,1
"bfplus_m","domain","detachment","m","[35,50)",2.5,87.2,68.4,87.2,1,1
"bfplus_m","domain","detachment","m","[35,50)",2.6667,87.2,72.2,87.2,1,1
"bfplus_m","domain","detachment","m","[35,50)",2.8333,87.2,76.1,87.2,1,1
"bfplus_m","domain","detachment","m","[35,50)",3,87.2,83.4,87.2,1,1
"bfplus_m","domain","detachment","m","[50,65)",0,35.8,35.4,45.4,0.0775,0
"bfplus_m","domain","detachment","m","[50,65)",0.1667,40.5,37.5,50.6,0.1711,0
"bfplus_m","domain","detachment","m","[50,65)",0.3333,44.3,38.9,53.8,0.2841,0
"bfplus_m","domain","detachment","m","[50,65)",0.5,48.1,40.9,57.7,0.4249,0
"bfplus_m","domain","detachment","m","[50,65)",0.6667,51.2,43.1,60.8,0.5479,0
"bfplus_m","domain","detachment","m","[50,65)",0.8333,54.3,45.4,63.8,0.6669,0
"bfplus_m","domain","detachment","m","[50,65)",1,58.6,48,66.6,0.804,0
"bfplus_m","domain","detachment","m","[50,65)",1.1667,61.6,50.2,69.5,0.8765,0
"bfplus_m","domain","detachment","m","[50,65)",1.3333,65.3,52.5,73.9,0.9366,0
"bfplus_m","domain","detachment","m","[50,65)",1.5,68.2,55.1,79,0.9653,0
"bfplus_m","domain","detachment","m","[50,65)",1.6667,73.5,57.9,81,0.9905,0
"bfplus_m","domain","detachment","m","[50,65)",1.8333,81.4,60.4,82,0.9992,1
"bfplus_m","domain","detachment","m","[50,65)",2,81.4,63.1,83.3,0.9992,1
"bfplus_m","domain","detachment","m","[50,65)",2.1667,81.4,65.8,85.3,0.9992,1
"bfplus_m","domain","detachment","m","[50,65)",2.3333,87.2,68.1,87.2,1,1
"bfplus_m","domain","detachment","m","[50,65)",2.5,87.2,72.1,87.2,1,1
"bfplus_m","domain","detachment","m","[50,65)",2.6667,87.2,77.1,87.2,1,1
"bfplus_m","domain","detachment","m","[50,65)",2.8333,87.2,78.7,87.2,1,1
"bfplus_m","domain","detachment","m","[50,65)",3,87.2,80.2,87.2,1,1
"bfplus_m","domain","detachment","m","[65,Inf)",0,34.2,33.7,44.4,0.0573,0
"bfplus_m","domain","detachment","m","[65,Inf)",0.1667,38,35.7,49.6,0.1147,0
"bfplus_m","domain","detachment","m","[65,Inf)",0.3333,42.6,37,52.8,0.2287,0
"bfplus_m","domain","detachment","m","[65,Inf)",0.5,46.7,38.8,57.1,0.3708,0
"bfplus_m","domain","detachment","m","[65,Inf)",0.6667,49.8,41.4,60.8,0.4924,0
"bfplus_m","domain","detachment","m","[65,Inf)",0.8333,52.9,44.2,64.7,0.6123,0
"bfplus_m","domain","detachment","m","[65,Inf)",1,57.6,46.9,68.3,0.7752,0
"bfplus_m","domain","detachment","m","[65,Inf)",1.1667,61.7,49.2,71.6,0.8787,0
"bfplus_m","domain","detachment","m","[65,Inf)",1.3333,66.5,51.4,74.5,0.9502,0
"bfplus_m","domain","detachment","m","[65,Inf)",1.5,71,53.7,78.3,0.9821,0
"bfplus_m","domain","detachment","m","[65,Inf)",1.6667,74.7,56.9,80.6,0.9933,0
"bfplus_m","domain","detachment","m","[65,Inf)",1.8333,81.7,59.8,81.8,0.9992,1
"bfplus_m","domain","detachment","m","[65,Inf)",2,81.7,62.9,83.9,0.9992,1
"bfplus_m","domain","detachment","m","[65,Inf)",2.1667,81.7,66.3,84.8,0.9992,1
"bfplus_m","domain","detachment","m","[65,Inf)",2.3333,81.7,69.8,87.2,0.9992,1
"bfplus_m","domain","detachment","m","[65,Inf)",2.5,87.2,73.2,87.2,1,1
"bfplus_m","domain","detachment","m","[65,Inf)",2.6667,87.2,78,87.2,1,1
"bfplus_m","domain","detachment","m","[65,Inf)",2.8333,87.2,79.4,87.2,1,1
"bfplus_m","domain","detachment","m","[65,Inf)",3,87.2,81.5,87.2,1,1
"bfplus_m","domain","disinhibition","all","all",0,35.7,35.6,45.2,0.0769,0
"bfplus_m","domain","disinhibition","all","all",0.1667,40.4,37.5,51.2,0.1679,0
"bfplus_m","domain","disinhibition","all","all",0.3333,44.2,39,55.3,0.2799,0
"bfplus_m","domain","disinhibition","all","all",0.5,47.7,41.1,58.7,0.409,0
"bfplus_m","domain","disinhibition","all","all",0.6667,51.7,43.4,61.7,0.5669,0
"bfplus_m","domain","disinhibition","all","all",0.8333,55.8,45.6,64.1,0.7185,0
"bfplus_m","domain","disinhibition","all","all",1,59.4,47.9,67,0.8271,0
"bfplus_m","domain","disinhibition","all","all",1.1667,62.7,50.3,69.6,0.8977,0
"bfplus_m","domain","disinhibition","all","all",1.3333,65.8,52.9,71.8,0.9425,0
"bfplus_m","domain","disinhibition","all","all",1.5,69.1,55.6,74.2,0.9722,0
"bfplus_m","domain","disinhibition","all","all",1.6667,71.9,58.1,76.8,0.9856,0
"bfplus_m","domain","disinhibition","all","all",1.8333,74.7,60.6,79.2,0.9932,0
"bfplus_m","domain","disinhibition","all","all",2,78.3,63.1,81.2,0.9976,1
"bfplus_m","domain","disinhibition","all","all",2.1667,80.4,65.5,83.6,0.9988,1
"bfplus_m","domain","disinhibition","all","all",2.3333,84.9,68.4,85.3,0.9998,1
"bfplus_m","domain","disinhibition","all","all",2.5,84.9,71,86.1,0.9998,1
"bfplus_m","domain","disinhibition","all","all",2.6667,84.9,73.6,87.2,0.9998,1
"bfplus_m","domain","disinhibition","all","all",2.8333,87.2,77.8,87.2,1,1
"bfplus_m","domain","disinhibition","all","all",3,87.2,82.1,87.2,1,1
"bfplus_m","domain","disinhibition","f","[18,35)",0,34.5,33.4,43.7,0.0602,0
"bfplus_m","domain","disinhibition","f","[18,35)",0.1667,37.8,35.8,49.2,0.1116,0
"bfplus_m","domain","disinhibition","f","[18,35)",0.3333,42.3,37,52,0.2207,0
"bfplus_m","domain","disinhibition","f","[18,35)",0.5,45.7,38.9,55.1,0.3319,0
"bfplus_m","domain","disinhibition","f","[18,35)",0.6667,49.5,41.5,57.8,0.4796,0
"bfplus_m","domain","disinhibition","f","[18,35)",0.8333,52.2,43.7,60.9,0.5854,0
"bfplus_m","domain","disinhibition","f","[18,35)",1,55.2,46.1,64.2,0.6995,0
"bfplus_m","domain","disinhibition","f","[18,35)",1.1667,57.9,48.8,66.7,0.7851,0
"bfplus_m","domain","disinhibition","f","[18,35)",1.3333,61.3,50.9,69.2,0.8706,0
"bfplus_m","domain","disinhibition","f","[18,35)",1.5,65.5,53,72.4,0.9388,0
"bfplus_m","domain","disinhibition","f","[18,35)",1.6667,67.9,55.4,74.7,0.9633,0
"bfplus_m","domain","disinhibition","f","[18,35)",1.8333,72.5,57.3,76.6,0.9879,0
"bfplus_m","domain","disinhibition","f","[18,35)",2,75.4,59.6,78.1,0.9945,0
"bfplus_m","domain","disinhibition","f","[18,35)",2.1667,78.5,62.3,79.2,0.9978,1
"bfplus_m","domain","disinhibition","f","[18,35)",2.3333,78.5,65.1,79.9,0.9978,1
"bfplus_m","domain","disinhibition","f","[18,35)",2.5,78.5,67.1,86,0.9978,1
"bfplus_m","domain","disinhibition","f","[18,35)",2.6667,78.5,71.2,87.2,0.9978,1
"bfplus_m","domain","disinhibition","f","[18,35)",2.8333,87.2,74.9,87.2,1,1
"bfplus_m","domain","disinhibition","f","[18,35)",3,87.2,78.6,87.2,1,1
"bfplus_m","domain","disinhibition","f","[35,50)",0,35.9,35.3,45,0.0787,0
"bfplus_m","domain","disinhibition","f","[35,50)",0.1667,41,37.7,50.8,0.1849,0
"bfplus_m","domain","disinhibition","f","[35,50)",0.3333,44.1,39.3,55.3,0.2776,0
"bfplus_m","domain","disinhibition","f","[35,50)",0.5,47.6,41.5,58.7,0.404,0
"bfplus_m","domain","disinhibition","f","[35,50)",0.6667,51,43.5,61.2,0.5399,0
"bfplus_m","domain","disinhibition","f","[35,50)",0.8333,55.6,45.7,63.8,0.7116,0
"bfplus_m","domain","disinhibition","f","[35,50)",1,59.3,47.8,66.3,0.8235,0
"bfplus_m","domain","disinhibition","f","[35,50)",1.1667,62.1,50,68.4,0.8873,0
"bfplus_m","domain","disinhibition","f","[35,50)",1.3333,65.4,52.5,69.8,0.9379,0
"bfplus_m","domain","disinhibition","f","[35,50)",1.5,68.3,55.3,71.5,0.9667,0
"bfplus_m","domain","disinhibition","f","[35,50)",1.6667,69.6,58,73.8,0.9753,0
"bfplus_m","domain","disinhibition","f","[35,50)",1.8333,71.6,60.3,76.1,0.9846,0
"bfplus_m","domain","disinhibition","f","[35,50)",2,74.1,62.6,85.8,0.9921,0
"bfplus_m","domain","disinhibition","f","[35,50)",2.1667,75.2,65.6,87.2,0.9941,0
"bfplus_m","domain","disinhibition","f","[35,50)",2.3333,87.2,68.2,87.2,1,1
"bfplus_m","domain","disinhibition","f","[35,50)",2.5,87.2,70.1,87.2,1,1
"bfplus_m","domain","disinhibition","f","[35,50)",2.6667,87.2,72.4,87.2,1,1
"bfplus_m","domain","disinhibition","f","[35,50)",2.8333,87.2,74.1,87.2,1,1
"bfplus_m","domain","disinhibition","f","[35,50)",3,87.2,76.8,87.2,1,1
"bfplus_m","domain","disinhibition","f","[50,65)",0,37.1,36.7,46,0.0983,0
"bfplus_m","domain","disinhibition","f","[50,65)",0.1667,41.5,38.7,52.8,0.1977,0
"bfplus_m","domain","disinhibition","f","[50,65)",0.3333,44.9,40.1,56.6,0.3064,0
"bfplus_m","domain","disinhibition","f","[50,65)",0.5,48.8,42.1,60.4,0.4526,0
"bfplus_m","domain","disinhibition","f","[50,65)",0.6667,53.3,44.2,63.2,0.6289,0
"bfplus_m","domain","disinhibition","f","[50,65)",0.8333,57.2,46.4,65.4,0.7657,0
"bfplus_m","domain","disinhibition","f","[50,65)",1,61.7,48.8,68,0.8798,0
"bfplus_m","domain","disinhibition","f","[50,65)",1.1667,64.5,51.3,71.1,0.9261,0
"bfplus_m","domain","disinhibition","f","[50,65)",1.3333,67.3,54,74.2,0.9579,0
"bfplus_m","domain","disinhibition","f","[50,65)",1.5,71,56.6,78.5,0.9822,0
"bfplus_m","domain","disinhibition","f","[50,65)",1.6667,74.7,59.5,80.7,0.9932,0
"bfplus_m","domain","disinhibition","f","[50,65)",1.8333,81.3,62.3,82.7,0.9991,1
"bfplus_m","domain","disinhibition","f","[50,65)",2,81.3,64.4,83.7,0.9991,1
"bfplus_m","domain","disinhibition","f","[50,65)",2.1667,81.3,66.6,87,0.9991,1
"bfplus_m","domain","disinhibition","f","[50,65)",2.3333,87.2,69.3,87.2,1,1
"bfplus_m","domain","disinhibition","f","[50,65)",2.5,87.2,72.5,87.2,1,1
"bfplus_m","domain","disinhibition","f","[50,65)",2.6667,87.2,76.7,87.2,1,1
"bfplus_m","domain","disinhibition","f","[50,65)",2.8333,87.2,79.5,87.2,1,1
"bfplus_m","domain","disinhibition","f","[50,65)",3,87.2,80.7,87.2,1,1
"bfplus_m","domain","disinhibition","f","[65,Inf)",0,34.9,34.4,46.2,0.0658,0
"bfplus_m","domain","disinhibition","f","[65,Inf)",0.1667,40.2,36.9,52.9,0.163,0
"bfplus_m","domain","disinhibition","f","[65,Inf)",0.3333,44.5,38.7,57.7,0.2915,0
"bfplus_m","domain","disinhibition","f","[65,Inf)",0.5,48.7,41,61.7,0.4468,0
"bfplus_m","domain","disinhibition","f","[65,Inf)",0.6667,53.5,43.6,64.6,0.6368,0
"bfplus_m","domain","disinhibition","f","[65,Inf)",0.8333,58.8,46,67.4,0.8113,0
"bfplus_m","domain","disinhibition","f","[65,Inf)",1,63.1,48.4,70.3,0.9056,0
"bfplus_m","domain","disinhibition","f","[65,Inf)",1.1667,66.6,51.2,73.3,0.9511,0
"bfplus_m","domain","disinhibition","f","[65,Inf)",1.3333,70.2,53.9,76.4,0.9782,0
"bfplus_m","domain","disinhibition","f","[65,Inf)",1.5,74.6,57.1,78.7,0.993,0
"bfplus_m","domain","disinhibition","f","[65,Inf)",1.6667,78.1,60.1,81.6,0.9975,1
"bfplus_m","domain","disinhibition","f","[65,Inf)",1.8333,80.7,62.8,86.9,0.9989,1
"bfplus_m","domain","disinhibition","f","[65,Inf)",2,87.2,65.2,87.2,1,1
"bfplus_m","domain","disinhibition","f","[65,Inf)",2.1667,87.2,67.9,87.2,1,1
"bfplus_m","domain","disinhibition","f","[65,Inf)",2.3333,87.2,70.8,87.2,1,1
"bfplus_m","domain","disinhibition","f","[65,Inf)",2.5,87.2,74,87.2,1,1
"bfplus_m","domain","disinhibition","f","[65,Inf)",2.6667,87.2,76.9,87.2,1,1
"bfplus_m","domain","disinhibition","f","[65,Inf)",2.8333,87.2,78.8,87.2,1,1
"bfplus_m","domain","disinhibition","f","[65,Inf)",3,87.2,82.4,87.2,1,1
"bfplus_m","domain","disinhibition","m","[18,35)",0,34,33.1,44.1,0.0543,0
"bfplus_m","domain","disinhibition","m","[18,35)",0.1667,38.5,35.8,49.3,0.1256,0
"bfplus_m","domain","disinhibition","m","[18,35)",0.3333,42.4,37.4,53.6,0.2231,0
"bfplus_m","domain","disinhibition","m","[18,35)",0.5,46.3,39.4,56.7,0.3573,0
"bfplus_m","domain","disinhibition","m","[18,35)",0.6667,49.3,41.7,60.5,0.4716,0
"bfplus_m","domain","disinhibition","m","[18,35)",0.8333,53.6,44.2,63.3,0.6408,0
"bfplus_m","domain","disinhibition","m","[18,35)",1,56.8,46.8,65.6,0.7507,0
"bfplus_m","domain","disinhibition","m","[18,35)",1.1667,61.4,48.7,67.6,0.8721,0
"bfplus_m","domain","disinhibition","m","[18,35)",1.3333,64.4,51.2,69.3,0.9255,0
"bfplus_m","domain","disinhibition","m","[18,35)",1.5,66.9,53.9,71.4,0.9548,0
"bfplus_m","domain","disinhibition","m","[18,35)",1.6667,69.1,56,77.5,0.9721,0
"bfplus_m","domain","disinhibition","m","[18,35)",1.8333,71.2,59,84.9,0.9828,0
"bfplus_m","domain","disinhibition","m","[18,35)",2,78.1,62,87.2,0.9975,1
"bfplus_m","domain","disinhibition","m","[18,35)",2.1667,87.2,64.5,87.2,1,1
"bfplus_m","domain","disinhibition","m","[18,35)",2.3333,87.2,66.9,87.2,1,1
"bfplus_m","domain","disinhibition","m","[18,35)",2.5,87.2,68.7,87.2,1,1
"bfplus_m","domain","disinhibition","m","[18,35)",2.6667,87.2,70.5,87.2,1,1
"bfplus_m","domain","disinhibition","m","[18,35)",2.8333,87.2,74.1,87.2,1,1
"bfplus_m","domain","disinhibition","m","[18,35)",3,87.2,79.2,87.2,1,1
"bfplus_m","domain","disinhibition","m","[35,50)",0,36,35.6,45.1,0.0814,0
"bfplus_m","domain","disinhibition","m","[35,50)",0.1667,40.1,37.6,50.4,0.161,0
"bfplus_m","domain","disinhibition","m","[35,50)",0.3333,44.5,38.9,54.3,0.2895,0
"bfplus_m","domain","disinhibition","m","[35,50)",0.5,47.2,40.9,57.7,0.3916,0
"bfplus_m","domain","disinhibition","m","[35,50)",0.6667,50.8,43.5,61,0.5301,0
"bfplus_m","domain","disinhibition","m","[35,50)",0.8333,54.5,45.7,63.9,0.6738,0
"bfplus_m","domain","disinhibition","m","[35,50)",1,58.1,47.6,66.9,0.7901,0
"bfplus_m","domain","disinhibition","m","[35,50)",1.1667,61.8,49.8,70.2,0.8809,0
"bfplus_m","domain","disinhibition","m","[35,50)",1.3333,65.1,52.3,74.4,0.9343,0
"bfplus_m","domain","disinhibition","m","[35,50)",1.5,69,54.8,76.7,0.9711,0
"bfplus_m","domain","disinhibition","m","[35,50)",1.6667,74.3,57.2,81.8,0.9925,0
"bfplus_m","domain","disinhibition","m","[35,50)",1.8333,77.4,59.6,87.2,0.9969,1
"bfplus_m","domain","disinhibition","m","[35,50)",2,87.2,62.2,87.2,1,1
"bfplus_m","domain","disinhibition","m","[35,50)",2.1667,87.2,64.5,87.2,1,1
"bfplus_m","domain","disinhibition","m","[35,50)",2.3333,87.2,67.1,87.2,1,1
"bfplus_m","domain","disinhibition","m","[35,50)",2.5,87.2,70.2,87.2,1,1
"bfplus_m","domain","disinhibition","m","[35,50)",2.6667,87.2,73.8,87.2,1,1
"bfplus_m","domain","disinhibition","m","[35,50)",2.8333,87.2,76,87.2,1,1
"bfplus_m","domain","disinhibition","m","[35,50)",3,87.2,79.5,87.2,1,1
"bfplus_m","domain","disinhibition","m","[50,65)",0,36.9,36.6,46.2,0.0946,0
"bfplus_m","domain","disinhibition","m","[50,65)",0.1667,41.8,38.7,52.2,0.2068,0
"bfplus_m","domain","disinhibition","m","[50,65)",0.3333,45.6,40.1,55.8,0.3313,0
"bfplus_m","domain","disinhibition","m","[50,65)",0.5,48.6,42.3,59.5,0.4433,0
"bfplus_m","domain","disinhibition","m","[50,65)",0.6667,53.1,44.6,62.9,0.621,0
"bfplus_m","domain","disinhibition","m","[50,65)",0.8333,56.3,46.7,65.4,0.737,0
"bfplus_m","domain","disinhibition","m","[50,65)",1,60.5,48.7,67.8,0.8523,0
"bfplus_m","domain","disinhibition","m","[50,65)",1.1667,64.2,51.4,70.8,0.9219,0
"bfplus_m","domain","disinhibition","m","[50,65)",1.3333,66.9,53.9,73.7,0.9542,0
"bfplus_m","domain","disinhibition","m","[50,65)",1.5,70.5,56.2,75.6,0.98,0
"bfplus_m","domain","disinhibition","m","[50,65)",1.6667,74.1,58.6,78.2,0.9921,0
"bfplus_m","domain","disinhibition","m","[50,65)",1.8333,76.2,61.3,83,0.9956,1
"bfplus_m","domain","disinhibition","m","[50,65)",2,81.3,64.1,87.2,0.9991,1
"bfplus_m","domain","disinhibition","m","[50,65)",2.1667,87.2,66.3,87.2,1,1
"bfplus_m","domain","disinhibition","m","[50,65)",2.3333,87.2,69,87.2,1,1
"bfplus_m","domain","disinhibition","m","[50,65)",2.5,87.2,72,87.2,1,1
"bfplus_m","domain","disinhibition","m","[50,65)",2.6667,87.2,74.6,87.2,1,1
"bfplus_m","domain","disinhibition","m","[50,65)",2.8333,87.2,76.7,87.2,1,1
"bfplus_m","domain","disinhibition","m","[50,65)",3,87.2,80.2,87.2,1,1
"bfplus_m","domain","disinhibition","m","[65,Inf)",0,35.5,34.8,45.3,0.0734,0
"bfplus_m","domain","disinhibition","m","[65,Inf)",0.1667,40.7,37.3,51.5,0.1759,0
"bfplus_m","domain","disinhibition","m","[65,Inf)",0.3333,44.1,39,57,0.2775,0
"bfplus_m","domain","disinhibition","m","[65,Inf)",0.5,47.6,41.3,60.5,0.4071,0
"bfplus_m","domain","disinhibition","m","[65,Inf)",0.6667,51.7,43.4,63.3,0.5688,0
"bfplus_m","domain","disinhibition","m","[65,Inf)",0.8333,57.4,45.7,65.9,0.7719,0
"bfplus_m","domain","disinhibition","m","[65,Inf)",1,61.3,47.9,68.7,0.8718,0
"bfplus_m","domain","disinhibition","m","[65,Inf)",1.1667,64.7,50.3,71.4,0.9291,0
"bfplus_m","domain","disinhibition","m","[65,Inf)",1.3333,68.2,52.8,75.1,0.9656,0
"bfplus_m","domain","disinhibition","m","[65,Inf)",1.5,71.5,56.3,82.1,0.9841,0
"bfplus_m","domain","disinhibition","m","[65,Inf)",1.6667,76.2,59.2,87.2,0.9957,1
"bfplus_m","domain","disinhibition","m","[65,Inf)",1.8333,87.2,61.6,87.2,1,1
"bfplus_m","domain","disinhibition","m","[65,Inf)",2,87.2,64.2,87.2,1,1
"bfplus_m","domain","disinhibition","m","[65,Inf)",2.1667,87.2,66.6,87.2,1,1
"bfplus_m","domain","disinhibition","m","[65,Inf)",2.3333,87.2,69.2,87.2,1,1
"bfplus_m","domain","disinhibition","m","[65,Inf)",2.5,87.2,71.6,87.2,1,1
"bfplus_m","domain","disinhibition","m","[65,Inf)",2.6667,87.2,74.4,87.2,1,1
"bfplus_m","domain","disinhibition","m","[65,Inf)",2.8333,87.2,79.9,87.2,1,1
"bfplus_m","domain","disinhibition","m","[65,Inf)",3,87.2,86,87.2,1,1
"bfplus_m","domain","negative_affectivity","all","all",0,32.1,32,40.4,0.037,0
"bfplus_m","domain","negative_affectivity","all","all",0.1667,36.3,33.3,45.2,0.0858,0
"bfplus_m","domain","negative_affectivity","all","all",0.3333,39.9,34.9,48.6,0.1555,0
"bfplus_m","domain","negative_affectivity","all","all",0.5,43.1,37.1,51.6,0.2465,0
"bfplus_m","domain","negative_affectivity","all","all",0.6667,46.2,39.5,54.5,0.3518,0
"bfplus_m","domain","negative_affectivity","all","all",0.8333,49.3,41.9,57.3,0.4738,0
"bfplus_m","domain","negative_affectivity","all","all",1,52.4,44.3,59.8,0.5949,0
"bfplus_m","domain","negative_affectivity","all","all",1.1667,55.3,46.7,62.6,0.7021,0
"bfplus_m","domain","negative_affectivity","all","all",1.3333,58.2,49.1,65.2,0.7942,0
"bfplus_m","domain","negative_affectivity","all","all",1.5,61.2,51.6,67.3,0.8682,0
"bfplus_m","domain","negative_affectivity","all","all",1.6667,64.3,54.1,69.5,0.9242,0
"bfplus_m","domain","negative_affectivity","all","all",1.8333,66.6,56.5,71,0.952,0
"bfplus_m","domain","negative_affectivity","all","all",2,69.4,59,72.9,0.974,0
"bfplus_m","domain","negative_affectivity","all","all",2.1667,71,61.6,75.1,0.9823,0
"bfplus_m","domain","negative_affectivity","all","all",2.3333,73.4,64.5,78.2,0.9904,0
"bfplus_m","domain","negative_affectivity","all","all",2.5,76.1,66.7,81.8,0.9954,1
"bfplus_m","domain","negative_affectivity","all","all",2.6667,80.6,69.5,84.5,0.9989,1
"bfplus_m","domain","negative_affectivity","all","all",2.8333,84.9,71.6,86.4,0.9998,1
"bfplus_m","domain","negative_affectivity","all","all",3,87.2,74.9,87.2,1,1
"bfplus_m","domain","negative_affectivity","f","[18,35)",0,24.3,23.9,37.5,0.0052,0
"bfplus_m","domain","negative_affectivity","f","[18,35)",0.1667,31.3,26.6,40.8,0.0304,0
"bfplus_m","domain","negative_affectivity","f","[18,35)",0.3333,36.2,29.4,44.2,0.0832,0
"bfplus_m","domain","negative_affectivity","f","[18,35)",0.5,38.7,32.8,47.5,0.1296,0
"bfplus_m","domain","negative_affectivity","f","[18,35)",0.6667,41.2,36.1,50.2,0.1884,0
"bfplus_m","domain","negative_affectivity","f","[18,35)",0.8333,44.4,38.2,52.6,0.2878,0
"bfplus_m","domain","negative_affectivity","f","[18,35)",1,47.7,40.1,54.7,0.4103,0
"bfplus_m","domain","negative_affectivity","f","[18,35)",1.1667,50.4,42.2,57.2,0.5161,0
"bfplus_m","domain","negative_affectivity","f","[18,35)",1.3333,53.1,44.8,59.5,0.6204,0
"bfplus_m","domain","negative_affectivity","f","[18,35)",1.5,55.1,47.6,61.9,0.6939,0
"bfplus_m","domain","negative_affectivity","f","[18,35)",1.6667,58,49.9,64.2,0.7881,0
"bfplus_m","domain","negative_affectivity","f","[18,35)",1.8333,60.4,52.2,65.8,0.8498,0
"bfplus_m","domain","negative_affectivity","f","[18,35)",2,63.4,54.2,68,0.9107,0
"bfplus_m","domain","negative_affectivity","f","[18,35)",2.1667,65.3,56.6,70.6,0.9366,0
"bfplus_m","domain","negative_affectivity","f","[18,35)",2.3333,67.8,59,75.6,0.9621,0
"bfplus_m","domain","negative_affectivity","f","[18,35)",2.5,70.7,61.6,78.7,0.9807,0
"bfplus_m","domain","negative_affectivity","f","[18,35)",2.6667,78.5,64.2,80.8,0.9978,1
"bfplus_m","domain","negative_affectivity","f","[18,35)",2.8333,78.5,66.3,82.7,0.9978,1
"bfplus_m","domain","negative_affectivity","f","[18,35)",3,87.2,70.1,87.2,1,1
"bfplus_m","domain","negative_affectivity","f","[35,50)",0,31.8,31,40,0.0343,0
"bfplus_m","domain","negative_affectivity","f","[35,50)",0.1667,35.3,32.8,43.8,0.0714,0
"bfplus_m","domain","negative_affectivity","f","[35,50)",0.3333,39.6,34.1,47.1,0.1487,0
"bfplus_m","domain","negative_affectivity","f","[35,50)",0.5,42,36.3,49.9,0.2124,0
"bfplus_m","domain","negative_affectivity","f","[35,50)",0.6667,44.4,39.2,53.1,0.2885,0
"bfplus_m","domain","negative_affectivity","f","[35,50)",0.8333,47.5,41.3,56.1,0.4028,0
"bfplus_m","domain","negative_affectivity","f","[35,50)",1,50.3,43.2,58.9,0.5107,0
"bfplus_m","domain","negative_affectivity","f","[35,50)",1.1667,53.6,45.2,61.7,0.6394,0
"bfplus_m","domain","negative_affectivity","f","[35,50)",1.3333,56.8,47.7,64.1,0.7506,0
"bfplus_m","domain","negative_affectivity","f","[35,50)",1.5,59.8,49.8,65.9,0.8354,0
"bfplus_m","domain","negative_affectivity","f","[35,50)",1.6667,63.3,52.4,67.7,0.9074,0
"bfplus_m","domain","negative_affectivity","f","[35,50)",1.8333,65.3,55.1,69.2,0.9374,0
"bfplus_m","domain","negative_affectivity","f","[35,50)",2,67.5,57.7,71.1,0.96,0
"bfplus_m","domain","negative_affectivity","f","[35,50)",2.1667,69.2,60.3,74.3,0.9724,0
"bfplus_m","domain","negative_affectivity","f","[35,50)",2.3333,71.1,63.5,76.7,0.9826,0
"bfplus_m","domain","negative_affectivity","f","[35,50)",2.5,75.7,65.6,81.3,0.9948,0
"bfplus_m","domain","negative_affectivity","f","[35,50)",2.6667,77.4,67.8,87.2,0.9969,1
"bfplus_m","domain","negative_affectivity","f","[35,50)",2.8333,87.2,69.8,87.2,1,1
"bfplus_m","domain","negative_affectivity","f","[35,50)",3,87.2,73.9,87.2,1,1
"bfplus_m","domain","negative_affectivity","f","[50,65)",0,31.4,30.9,39.9,0.0316,0
"bfplus_m","domain","negative_affectivity","f","[50,65)",0.1667,36.2,32.7,44.6,0.084,0
"bfplus_m","domain","negative_affectivity","f","[50,65)",0.3333,39.4,34.6,48,0.1435,0
"bfplus_m","domain","negative_affectivity","f","[50,65)",0.5,42.3,36.9,51.2,0.2209,0
"bfplus_m","domain","negative_affectivity","f","[50,65)",0.6667,45.6,39.1,54.1,0.3285,0
"bfplus_m","domain","negative_affectivity","f","[50,65)",0.8333,48.7,41.4,56.7,0.447,0
"bfplus_m","domain","negative_affectivity","f","[50,65)",1,51.8,43.7,59.6,0.5725,0
"bfplus_m","domain","negative_affectivity","f","[50,65)",1.1667,54.7,46.2,62.6,0.6806,0
"bfplus_m","domain","negative_affectivity","f","[50,65)",1.3333,57.5,48.6,65.3,0.7733,0
"bfplus_m","domain","negative_affectivity","f","[50,65)",1.5,60.9,51.2,67.6,0.8631,0
"bfplus_m","domain","negative_affectivity","f","[50,65)",1.6667,64.3,53.6,69.8,0.9229,0
"bfplus_m","domain","negative_affectivity","f","[50,65)",1.8333,66.9,55.9,71.2,0.9545,0
"bfplus_m","domain","negative_affectivity","f","[50,65)",2,69.8,58.4,73.9,0.9763,0
"bfplus_m","domain","negative_affectivity","f","[50,65)",2.1667,71.2,61.5,82.5,0.9829,0
"bfplus_m","domain","negative_affectivity","f","[50,65)",2.3333,74.5,64.4,87.2,0.9929,0
"bfplus_m","domain","negative_affectivity","f","[50,65)",2.5,87.2,66.8,87.2,1,1
"bfplus_m","domain","negative_affectivity","f","[50,65)",2.6667,87.2,69.7,87.2,1,1
"bfplus_m","domain","negative_affectivity","f","[50,65)",2.8333,87.2,71.3,87.2,1,1
"bfplus_m","domain","negative_affectivity","f","[50,65)",3,87.2,75,87.2,1,1
"bfplus_m","domain","negative_affectivity","f","[65,Inf)",0,26.7,26,39.6,0.0098,0
"bfplus_m","domain","negative_affectivity","f","[65,Inf)",0.1667,32.6,28.5,44.6,0.0409,0
"bfplus_m","domain","negative_affectivity","f","[65,Inf)",0.3333,37.3,30.9,48.4,0.1012,0
"bfplus_m","domain","negative_affectivity","f","[65,Inf)",0.5,41.7,34,51.6,0.2036,0
"bfplus_m","domain","negative_affectivity","f","[65,Inf)",0.6667,45.5,37,54.7,0.325,0
"bfplus_m","domain","negative_affectivity","f","[65,Inf)",0.8333,49.1,40.2,57.7,0.4644,0
"bfplus_m","domain","negative_affectivity","f","[65,Inf)",1,52.6,43.2,60.3,0.6029,0
"bfplus_m","domain","negative_affectivity","f","[65,Inf)",1.1667,55.7,46,63.2,0.7145,0
"bfplus_m","domain","negative_affectivity","f","[65,Inf)",1.3333,58.8,48.8,66.5,0.8094,0
"bfplus_m","domain","negative_affectivity","f","[65,Inf)",1.5,61.5,51.5,69.2,0.8755,0
"bfplus_m","domain","negative_affectivity","f","[65,Inf)",1.6667,65.4,54.2,71.3,0.9385,0
"bfplus_m","domain","negative_affectivity","f","[65,Inf)",1.8333,68.9,56.9,72.9,0.9706,0
"bfplus_m","domain","negative_affectivity","f","[65,Inf)",2,71.4,59.3,75,0.9839,0
"bfplus_m","domain","negative_affectivity","f","[65,Inf)",2.1667,72.9,61.7,77.3,0.989,0
"bfplus_m","domain","negative_affectivity","f","[65,Inf)",2.3333,76.5,65.1,81.4,0.9959,1
"bfplus_m","domain","negative_affectivity","f","[65,Inf)",2.5,78.4,68.4,87.2,0.9978,1
"bfplus_m","domain","negative_affectivity","f","[65,Inf)",2.6667,87.2,70.7,87.2,1,1
"bfplus_m","domain","negative_affectivity","f","[65,Inf)",2.8333,87.2,72.8,87.2,1,1
"bfplus_m","domain","negative_affectivity","f","[65,Inf)",3,87.2,75.9,87.2,1,1
"bfplus_m","domain","negative_affectivity","m","[18,35)",0,33.4,32.7,41.8,0.0485,0
"bfplus_m","domain","negative_affectivity","m","[18,35)",0.1667,38.3,34.8,46.7,0.121,0
"bfplus_m","domain","negative_affectivity","m","[18,35)",0.3333,41.6,36.5,49.9,0.2008,0
"bfplus_m","domain","negative_affectivity","m","[18,35)",0.5,44.5,38.8,53,0.2901,0
"bfplus_m","domain","negative_affectivity","m","[18,35)",0.6667,48,41.1,56.3,0.4219,0
"bfplus_m","domain","negative_affectivity","m","[18,35)",0.8333,50.7,43.3,58.8,0.5272,0
"bfplus_m","domain","negative_affectivity","m","[18,35)",1,54.1,45.6,61.3,0.6596,0
"bfplus_m","domain","negative_affectivity","m","[18,35)",1.1667,57.3,48.3,63.7,0.7682,0
"bfplus_m","domain","negative_affectivity","m","[18,35)",1.3333,59.8,50.4,65.6,0.8367,0
"bfplus_m","domain","negative_affectivity","m","[18,35)",1.5,62.8,53,68.1,0.9,0
"bfplus_m","domain","negative_affectivity","m","[18,35)",1.6667,65,55.7,71.5,0.9332,0
"bfplus_m","domain","negative_affectivity","m","[18,35)",1.8333,67.4,58.2,72.6,0.9591,0
"bfplus_m","domain","negative_affectivity","m","[18,35)",2,72.2,60.4,73.4,0.9869,0
"bfplus_m","domain","negative_affectivity","m","[18,35)",2.1667,72.2,63,74,0.9869,0
"bfplus_m","domain","negative_affectivity","m","[18,35)",2.3333,73.4,65,75.7,0.9904,0
"bfplus_m","domain","negative_affectivity","m","[18,35)",2.5,73.4,67.4,84.1,0.9904,0
"bfplus_m","domain","negative_affectivity","m","[18,35)",2.6667,77.7,70.8,87.2,0.9972,1
"bfplus_m","domain","negative_affectivity","m","[18,35)",2.8333,87.2,72,87.2,1,1
"bfplus_m","domain","negative_affectivity","m","[18,35)",3,87.2,74,87.2,1,1
"bfplus_m","domain","negative_affectivity","m","[35,50)",0,33.8,33.3,41.7,0.0522,0
"bfplus_m","domain","negative_affectivity","m","[35,50)",0.1667,38.2,35,46.5,0.1188,0
"bfplus_m","domain","negative_affectivity","m","[35,50)",0.3333,41.5,36.5,49.8,0.1978,0
"bfplus_m","domain","negative_affectivity","m","[35,50)",0.5,44.8,38.8,53,0.3015,0
"bfplus_m","domain","negative_affectivity","m","[35,50)",0.6667,47.6,41,55.3,0.4046,0
"bfplus_m","domain","negative_affectivity","m","[35,50)",0.8333,50.9,43.4,58.3,0.535,0
"bfplus_m","domain","negative_affectivity","m","[35,50)",1,53.8,45.8,62,0.6464,0
"bfplus_m","domain","negative_affectivity","m","[35,50)",1.1667,55.9,48.1,65.7,0.7231,0
"bfplus_m","domain","negative_affectivity","m","[35,50)",1.3333,59.5,50.6,68.4,0.829,0
"bfplus_m","domain","negative_affectivity","m","[35,50)",1.5,63.7,52.9,69.3,0.9146,0
"bfplus_m","domain","negative_affectivity","m","[35,50)",1.6667,68.2,54.9,70.8,0.9657,0
"bfplus_m","domain","negative_affectivity","m","[35,50)",1.8333,68.7,57,73.9,0.9694,0
"bfplus_m","domain","negative_affectivity","m","[35,50)",2,70.8,60.3,78.5,0.9814,0
"bfplus_m","domain","negative_affectivity","m","[35,50)",2.1667,74.9,63.7,84.2,0.9937,0
"bfplus_m","domain","negative_affectivity","m","[35,50)",2.3333,81.4,67.5,87.2,0.9991,1
"bfplus_m","domain","negative_affectivity","m","[35,50)",2.5,87.2,68.6,87.2,1,1
"bfplus_m","domain","negative_affectivity","m","[35,50)",2.6667,87.2,70.4,87.2,1,1
"bfplus_m","domain","negative_affectivity","m","[35,50)",2.8333,87.2,73.9,87.2,1,1
"bfplus_m","domain","negative_affectivity","m","[35,50)",3,87.2,78.6,87.2,1,1
"bfplus_m","domain","negative_affectivity","m","[50,65)",0,34.8,34.4,42.1,0.0638,0
"bfplus_m","domain","negative_affectivity","m","[50,65)",0.1667,38.9,35.9,47.5,0.1331,0
"bfplus_m","domain","negative_affectivity","m","[50,65)",0.3333,42,37.4,50.8,0.2115,0
"bfplus_m","domain","negative_affectivity","m","[50,65)",0.5,45.4,39.5,53.9,0.3245,0
"bfplus_m","domain","negative_affectivity","m","[50,65)",0.6667,48.7,41.5,57.2,0.4502,0
"bfplus_m","domain","negative_affectivity","m","[50,65)",0.8333,51.9,44,60.2,0.574,0
"bfplus_m","domain","negative_affectivity","m","[50,65)",1,54.9,46.5,62.7,0.6873,0
"bfplus_m","domain","negative_affectivity","m","[50,65)",1.1667,58.6,49,65.5,0.8054,0
"bfplus_m","domain","negative_affectivity","m","[50,65)",1.3333,61.4,51.4,68.5,0.8726,0
"bfplus_m","domain","negative_affectivity","m","[50,65)",1.5,64.3,53.8,70.5,0.924,0
"bfplus_m","domain","negative_affectivity","m","[50,65)",1.6667,68.1,56.6,73.1,0.9649,0
"bfplus_m","domain","negative_affectivity","m","[50,65)",1.8333,70.3,59.3,77.1,0.9788,0
"bfplus_m","domain","negative_affectivity","m","[50,65)",2,73.4,61.7,83.6,0.9904,0
"bfplus_m","domain","negative_affectivity","m","[50,65)",2.1667,78.6,64.2,87.2,0.9979,1
"bfplus_m","domain","negative_affectivity","m","[50,65)",2.3333,87.2,67.5,87.2,1,1
"bfplus_m","domain","negative_affectivity","m","[50,65)",2.5,87.2,69.7,87.2,1,1
"bfplus_m","domain","negative_affectivity","m","[50,65)",2.6667,87.2,72.1,87.2,1,1
"bfplus_m","domain","negative_affectivity","m","[50,65)",2.8333,87.2,75.8,87.2,1,1
"bfplus_m","domain","negative_affectivity","m","[50,65)",3,87.2,81.3,87.2,1,1
"bfplus_m","domain","negative_affectivity","m","[65,Inf)",0,32.9,32.5,40.9,0.0441,0
"bfplus_m","domain","negative_affectivity","m","[65,Inf)",0.1667,36,33.9,46.2,0.0802,0
"bfplus_m","domain","negative_affectivity","m","[65,Inf)",0.3333,40.2,35.1,49.6,0.1628,0
"bfplus_m","domain","negative_affectivity","m","[65,Inf)",0.5,44,37,52.8,0.2748,0
"bfplus_m","domain","negative_affectivity","m","[65,Inf)",0.6667,47.1,39.7,55.4,0.3846,0
"bfplus_m","domain","negative_affectivity","m","[65,Inf)",0.8333,50.6,42.5,58.5,0.5236,0
"bfplus_m","domain","negative_affectivity","m","[65,Inf)",1,53.6,45.1,61.9,0.6413,0
"bfplus_m","domain","negative_affectivity","m","[65,Inf)",1.1667,56.3,47.6,65.1,0.7359,0
"bfplus_m","domain","negative_affectivity","m","[65,Inf)",1.3333,59.8,50.2,68.2,0.8376,0
"bfplus_m","domain","negative_affectivity","m","[65,Inf)",1.5,63.6,52.7,71.5,0.9134,0
"bfplus_m","domain","negative_affectivity","m","[65,Inf)",1.6667,67.2,55,75.4,0.9572,0
"bfplus_m","domain","negative_affectivity","m","[65,Inf)",1.8333,71,57.4,77.2,0.9821,0
"bfplus_m","domain","negative_affectivity","m","[65,Inf)",2,76,60.4,78.6,0.9954,1
"bfplus_m","domain","negative_affectivity","m","[65,Inf)",2.1667,77.6,63.4,81.3,0.9971,1
"bfplus_m","domain","negative_affectivity","m","[65,Inf)",2.3333,78.9,66.4,87.2,0.9981,1
"bfplus_m","domain","negative_affectivity","m","[65,Inf)",2.5,87.2,69.4,87.2,1,1
"bfplus_m","domain","negative_affectivity","m","[65,Inf)",2.6667,87.2,73.6,87.2,1,1
"bfplus_m","domain","negative_affectivity","m","[65,Inf)",2.8333,87.2,76.3,87.2,1,1
"bfplus_m","domain","negative_affectivity","m","[65,Inf)",3,87.2,77.9,87.2,1,1
"bfplus_m","domain","psychoticism","all","all",0,34.9,34.7,46.8,0.0655,0
"bfplus_m","domain","psychoticism","all","all",0.1667,40.2,37.2,51.3,0.1627,0
"bfplus_m","domain","psychoticism","all","all",0.3333,45,38.3,54.4,0.3089,0
"bfplus_m","domain","psychoticism","all","all",0.5,48.3,40.2,57.5,0.4317,0
"bfplus_m","domain","psychoticism","all","all",0.6667,51.2,42.7,60.3,0.5483,0
"bfplus_m","domain","psychoticism","all","all",0.8333,54.2,45.4,62.9,0.6643,0
"bfplus_m","domain","psychoticism","all","all",1,57.4,47.6,65.1,0.7713,0
"bfplus_m","domain","psychoticism","all","all",1.1667,60.7,49.8,67.4,0.8577,0
"bfplus_m","domain","psychoticism","all","all",1.3333,63.4,51.9,69.5,0.9107,0
"bfplus_m","domain","psychoticism","all","all",1.5,66.2,54.3,71.4,0.9477,0
"bfplus_m","domain","psychoticism","all","all",1.6667,68.9,56.7,73.7,0.9704,0
"bfplus_m","domain","psychoticism","all","all",1.8333,71.3,59.3,75.4,0.9836,0
"bfplus_m","domain","psychoticism","all","all",2,74,61.8,77,0.9917,0
"bfplus_m","domain","psychoticism","all","all",2.1667,76,64.2,79.4,0.9953,1
"bfplus_m","domain","psychoticism","all","all",2.3333,77.5,66.9,82.2,0.997,1
"bfplus_m","domain","psychoticism","all","all",2.5,82.1,69.7,84.5,0.9993,1
"bfplus_m","domain","psychoticism","all","all",2.6667,83.4,72.5,87,0.9996,1
"bfplus_m","domain","psychoticism","all","all",2.8333,87.2,75.3,87.2,1,1
"bfplus_m","domain","psychoticism","all","all",3,87.2,78.7,87.2,1,1
"bfplus_m","domain","psychoticism","f","[18,35)",0,33.3,32.2,46.3,0.0471,0
"bfplus_m","domain","psychoticism","f","[18,35)",0.1667,40,36,50,0.1591,0
"bfplus_m","domain","psychoticism","f","[18,35)",0.3333,44.4,37.5,53,0.2877,0
"bfplus_m","domain","psychoticism","f","[18,35)",0.5,47.7,39.8,55.8,0.4089,0
"bfplus_m","domain","psychoticism","f","[18,35)",0.6667,50.1,42.2,58.5,0.5046,0
"bfplus_m","domain","psychoticism","f","[18,35)",0.8333,52.8,44.8,60.5,0.6115,0
"bfplus_m","domain","psychoticism","f","[18,35)",1,55.7,47.1,62.4,0.7169,0
"bfplus_m","domain","psychoticism","f","[18,35)",1.1667,58.5,49,64.6,0.8022,0
"bfplus_m","domain","psychoticism","f","[18,35)",1.3333,60.7,51,66.8,0.8572,0
"bfplus_m","domain","psychoticism","f","[18,35)",1.5,62.9,53.3,69.6,0.9013,0
"bfplus_m","domain","psychoticism","f","[18,35)",1.6667,65.7,55.5,72.9,0.9413,0
"bfplus_m","domain","psychoticism","f","[18,35)",1.8333,67.9,57.9,75.3,0.9629,0
"bfplus_m","domain","psychoticism","f","[18,35)",2,72.7,59.9,77.5,0.9885,0
"bfplus_m","domain","psychoticism","f","[18,35)",2.1667,75.3,62.1,82.2,0.9942,0
"bfplus_m","domain","psychoticism","f","[18,35)",2.3333,78.4,64.4,87.2,0.9978,1
"bfplus_m","domain","psychoticism","f","[18,35)",2.5,87.2,66.7,87.2,1,1
"bfplus_m","domain","psychoticism","f","[18,35)",2.6667,87.2,70.1,87.2,1,1
"bfplus_m","domain","psychoticism","f","[18,35)",2.8333,87.2,73.4,87.2,1,1
"bfplus_m","domain","psychoticism","f","[18,35)",3,87.2,76.5,87.2,1,1
"bfplus_m","domain","psychoticism","f","[35,50)",0,36.3,35.8,47.9,0.0851,0
"bfplus_m","domain","psychoticism","f","[35,50)",0.1667,41.6,38.5,52.3,0.1994,0
"bfplus_m","domain","psychoticism","f","[35,50)",0.3333,46.6,39.6,54.8,0.3661,0
"bfplus_m","domain","psychoticism","f","[35,50)",0.5,49.6,41.4,57.9,0.4844,0
"bfplus_m","domain","psychoticism","f","[35,50)",0.6667,52.7,43.8,61,0.6083,0
"bfplus_m","domain","psychoticism","f","[35,50)",0.8333,54.9,46.8,63.9,0.689,0
"bfplus_m","domain","psychoticism","f","[35,50)",1,58,48.9,66.8,0.7869,0
"bfplus_m","domain","psychoticism","f","[35,50)",1.1667,61.1,51.1,69,0.867,0
"bfplus_m","domain","psychoticism","f","[35,50)",1.3333,64.7,53.2,70.9,0.9292,0
"bfplus_m","domain","psychoticism","f","[35,50)",1.5,68.1,55,72.8,0.9648,0
"bfplus_m","domain","psychoticism","f","[35,50)",1.6667,70.7,57.2,74.4,0.9808,0
"bfplus_m","domain","psychoticism","f","[35,50)",1.8333,73,59.6,75.5,0.9892,0
"bfplus_m","domain","psychoticism","f","[35,50)",2,75.4,62.1,76.3,0.9944,0
"bfplus_m","domain","psychoticism","f","[35,50)",2.1667,75.4,65,78,0.9944,0
"bfplus_m","domain","psychoticism","f","[35,50)",2.3333,76.8,68.1,84.1,0.9963,1
"bfplus_m","domain","psychoticism","f","[35,50)",2.5,79.6,70.9,87.2,0.9985,1
"bfplus_m","domain","psychoticism","f","[35,50)",2.6667,87.2,73.6,87.2,1,1
"bfplus_m","domain","psychoticism","f","[35,50)",2.8333,87.2,75.4,87.2,1,1
"bfplus_m","domain","psychoticism","f","[35,50)",3,87.2,78.1,87.2,1,1
"bfplus_m","domain","psychoticism","f","[50,65)",0,36,35.6,48.2,0.0807,0
"bfplus_m","domain","psychoticism","f","[50,65)",0.1667,41.4,38.3,52.3,0.1947,0
"bfplus_m","domain","psychoticism","f","[50,65)",0.3333,46.9,39.4,55.4,0.3775,0
"bfplus_m","domain","psychoticism","f","[50,65)",0.5,50.1,41.2,58.9,0.5037,0
"bfplus_m","domain","psychoticism","f","[50,65)",0.6667,52.6,43.7,61.7,0.6029,0
"bfplus_m","domain","psychoticism","f","[50,65)",0.8333,55.6,46.8,64.4,0.7129,0
"bfplus_m","domain","psychoticism","f","[50,65)",1,59.3,49.1,66.5,0.8245,0
"bfplus_m","domain","psychoticism","f","[50,65)",1.1667,62.2,51.2,68.7,0.8892,0
"bfplus_m","domain","psychoticism","f","[50,65)",1.3333,65.4,53.1,71.2,0.938,0
"bfplus_m","domain","psychoticism","f","[50,65)",1.5,67.6,55.4,73.1,0.9611,0
"bfplus_m","domain","psychoticism","f","[50,65)",1.6667,70.8,58,77,0.9814,0
"bfplus_m","domain","psychoticism","f","[50,65)",1.8333,72.9,60.5,80.1,0.989,0
"bfplus_m","domain","psychoticism","f","[50,65)",2,78.3,63,83.6,0.9977,1
"bfplus_m","domain","psychoticism","f","[50,65)",2.1667,81,65.7,87.2,0.999,1
"bfplus_m","domain","psychoticism","f","[50,65)",2.3333,87.2,68,87.2,1,1
"bfplus_m","domain","psychoticism","f","[50,65)",2.5,87.2,70.9,87.2,1,1
"bfplus_m","domain","psychoticism","f","[50,65)",2.6667,87.2,73.4,87.2,1,1
"bfplus_m","domain","psychoticism","f","[50,65)",2.8333,87.2,77.5,87.2,1,1
"bfplus_m","domain","psychoticism","f","[50,65)",3,87.2,81,87.2,1,1
"bfplus_m","domain","psychoticism","f","[65,Inf)",0,34.4,33.9,47.3,0.0597,0
"bfplus_m","domain","psychoticism","f","[65,Inf)",0.1667,39.4,36.7,52.8,0.1439,0
"bfplus_m","domain","psychoticism","f","[65,Inf)",0.3333,44.8,37.8,56.1,0.3024,0
"bfplus_m","domain","psychoticism","f","[65,Inf)",0.5,48.6,39.9,59,0.4431,0
"bfplus_m","domain","psychoticism","f","[65,Inf)",0.6667,52.6,42.5,62.9,0.6041,0
"bfplus_m","domain","psychoticism","f","[65,Inf)",0.8333,56,45.3,65.5,0.7264,0
"bfplus_m","domain","psychoticism","f","[65,Inf)",1,59.2,47.6,67.7,0.8212,0
"bfplus_m","domain","psychoticism","f","[65,Inf)",1.1667,64,50.2,70.2,0.9193,0
"bfplus_m","domain","psychoticism","f","[65,Inf)",1.3333,66.6,53,73.4,0.9511,0
"bfplus_m","domain","psychoticism","f","[65,Inf)",1.5,69.5,55.4,76.6,0.9745,0
"bfplus_m","domain","psychoticism","f","[65,Inf)",1.6667,73.7,57.7,78.3,0.991,0
"bfplus_m","domain","psychoticism","f","[65,Inf)",1.8333,77.8,60.6,81.3,0.9973,1
"bfplus_m","domain","psychoticism","f","[65,Inf)",2,77.8,64.1,87.2,0.9973,1
"bfplus_m","domain","psychoticism","f","[65,Inf)",2.1667,87.2,66.3,87.2,1,1
"bfplus_m","domain","psychoticism","f","[65,Inf)",2.3333,87.2,68.9,87.2,1,1
"bfplus_m","domain","psychoticism","f","[65,Inf)",2.5,87.2,72.1,87.2,1,1
"bfplus_m","domain","psychoticism","f","[65,Inf)",2.6667,87.2,75.9,87.2,1,1
"bfplus_m","domain","psychoticism","f","[65,Inf)",2.8333,87.2,77.6,87.2,1,1
"bfplus_m","domain","psychoticism","f","[65,Inf)",3,87.2,84.5,87.2,1,1
"bfplus_m","domain","psychoticism","m","[18,35)",0,31.8,30.8,44.2,0.0346,0
"bfplus_m","domain","psychoticism","m","[18,35)",0.1667,37.8,34.3,48.6,0.1104,0
"bfplus_m","domain","psychoticism","m","[18,35)",0.3333,41.6,35.8,52.3,0.2003,0
"bfplus_m","domain","psychoticism","m","[18,35)",0.5,45,38.1,55.4,0.3089,0
"bfplus_m","domain","psychoticism","m","[18,35)",0.6667,47.8,40.3,57.5,0.4127,0
"bfplus_m","domain","psychoticism","m","[18,35)",0.8333,51.4,42.7,59.8,0.5556,0
"bfplus_m","domain","psychoticism","m","[18,35)",1,54.9,44.9,62.5,0.6879,0
"bfplus_m","domain","psychoticism","m","[18,35)",1.1667,57.3,46.9,64.4,0.7687,0
"bfplus_m","domain","psychoticism","m","[18,35)",1.3333,60.1,49.1,66,0.8441,0
"bfplus_m","domain","psychoticism","m","[18,35)",1.5,63.2,51.9,67.5,0.9061,0
"bfplus_m","domain","psychoticism","m","[18,35)",1.6667,65.2,54.5,69,0.9352,0
"bfplus_m","domain","psychoticism","m","[18,35)",1.8333,66.8,56.6,70.6,0.954,0
"bfplus_m","domain","psychoticism","m","[18,35)",2,68.5,58.8,72.7,0.9677,0
"bfplus_m","domain","psychoticism","m","[18,35)",2.1667,70.6,61.6,75.5,0.9804,0
"bfplus_m","domain","psychoticism","m","[18,35)",2.3333,72.5,64.3,77.8,0.9878,0
"bfplus_m","domain","psychoticism","m","[18,35)",2.5,76.9,66.3,81.5,0.9964,1
"bfplus_m","domain","psychoticism","m","[18,35)",2.6667,76.9,68.5,87.2,0.9964,1
"bfplus_m","domain","psychoticism","m","[18,35)",2.8333,87.2,70.9,87.2,1,1
"bfplus_m","domain","psychoticism","m","[18,35)",3,87.2,74.5,87.2,1,1
"bfplus_m","domain","psychoticism","m","[35,50)",0,35.7,34.8,46.7,0.0757,0
"bfplus_m","domain","psychoticism","m","[35,50)",0.1667,40.3,37.6,50.5,0.1661,0
"bfplus_m","domain","psychoticism","m","[35,50)",0.3333,45.4,38.7,53.5,0.3229,0
"bfplus_m","domain","psychoticism","m","[35,50)",0.5,48.2,40.3,57.1,0.4299,0
"bfplus_m","domain","psychoticism","m","[35,50)",0.6667,50.5,42.8,59.9,0.52,0
"bfplus_m","domain","psychoticism","m","[35,50)",0.8333,53.2,45.7,62.4,0.6257,0
"bfplus_m","domain","psychoticism","m","[35,50)",1,56.7,47.7,65,0.7483,0
"bfplus_m","domain","psychoticism","m","[35,50)",1.1667,59.9,49.6,67.3,0.84,0
"bfplus_m","domain","psychoticism","m","[35,50)",1.3333,62.6,51.4,69.9,0.8958,0
"bfplus_m","domain","psychoticism","m","[35,50)",1.5,66.1,53.6,73.1,0.946,0
"bfplus_m","domain","psychoticism","m","[35,50)",1.6667,68.6,56,74.8,0.9685,0
"bfplus_m","domain","psychoticism","m","[35,50)",1.8333,73.3,58.7,77.2,0.99,0
"bfplus_m","domain","psychoticism","m","[35,50)",2,75.1,61.1,79.1,0.9939,0
"bfplus_m","domain","psychoticism","m","[35,50)",2.1667,79.5,63.6,81.6,0.9984,1
"bfplus_m","domain","psychoticism","m","[35,50)",2.3333,79.5,66.5,87.2,0.9984,1
"bfplus_m","domain","psychoticism","m","[35,50)",2.5,87.2,69.1,87.2,1,1
"bfplus_m","domain","psychoticism","m","[35,50)",2.6667,87.2,73.2,87.2,1,1
"bfplus_m","domain","psychoticism","m","[35,50)",2.8333,87.2,76,87.2,1,1
"bfplus_m","domain","psychoticism","m","[35,50)",3,87.2,78.5,87.2,1,1
"bfplus_m","domain","psychoticism","m","[50,65)",0,35.9,35.5,47.6,0.079,0
"bfplus_m","domain","psychoticism","m","[50,65)",0.1667,40.9,38,52.2,0.1818,0
"bfplus_m","domain","psychoticism","m","[50,65)",0.3333,45.8,39.1,55.4,0.3368,0
"bfplus_m","domain","psychoticism","m","[50,65)",0.5,49.4,41,58.5,0.4742,0
"bfplus_m","domain","psychoticism","m","[50,65)",0.6667,52.3,43.3,61.6,0.5911,0
"bfplus_m","domain","psychoticism","m","[50,65)",0.8333,55.5,46.1,64.1,0.7102,0
"bfplus_m","domain","psychoticism","m","[50,65)",1,58.6,48.5,66.4,0.8051,0
"bfplus_m","domain","psychoticism","m","[50,65)",1.1667,62.1,50.6,69.3,0.8867,0
"bfplus_m","domain","psychoticism","m","[50,65)",1.3333,65,52.9,72.5,0.9327,0
"bfplus_m","domain","psychoticism","m","[50,65)",1.5,67.7,55.2,73.9,0.9612,0
"bfplus_m","domain","psychoticism","m","[50,65)",1.6667,72.4,57.6,76.4,0.9875,0
"bfplus_m","domain","psychoticism","m","[50,65)",1.8333,73.8,60.2,79.2,0.9913,0
"bfplus_m","domain","psychoticism","m","[50,65)",2,77.6,62.9,81.2,0.9972,1
"bfplus_m","domain","psychoticism","m","[50,65)",2.1667,81.5,65.3,83.5,0.9992,1
"bfplus_m","domain","psychoticism","m","[50,65)",2.3333,81.5,67.8,87,0.9992,1
"bfplus_m","domain","psychoticism","m","[50,65)",2.5,87.2,71.7,87.2,1,1
"bfplus_m","domain","psychoticism","m","[50,65)",2.6667,87.2,73.9,87.2,1,1
"bfplus_m","domain","psychoticism","m","[50,65)",2.8333,87.2,77.7,87.2,1,1
"bfplus_m","domain","psychoticism","m","[50,65)",3,87.2,80.6,87.2,1,1
"bfplus_m","domain","psychoticism","m","[65,Inf)",0,34.1,33.4,45.7,0.0558,0
"bfplus_m","domain","psychoticism","m","[65,Inf)",0.1667,39,36.3,51,0.1361,0
"bfplus_m","domain","psychoticism","m","[65,Inf)",0.3333,43.6,37.5,54.1,0.261,0
"bfplus_m","domain","psychoticism","m","[65,Inf)",0.5,46.8,39.4,57.1,0.3751,0
"bfplus_m","domain","psychoticism","m","[65,Inf)",0.6667,50.4,41.8,60.6,0.5173,0
"bfplus_m","domain","psychoticism","m","[65,Inf)",0.8333,53.8,44.3,63.1,0.6481,0
"bfplus_m","domain","psychoticism","m","[65,Inf)",1,56.8,46.4,65.7,0.7526,0
"bfplus_m","domain","psychoticism","m","[65,Inf)",1.1667,60.9,48.8,67.6,0.861,0
"bfplus_m","domain","psychoticism","m","[65,Inf)",1.3333,63.8,51.4,69.5,0.9159,0
"bfplus_m","domain","psychoticism","m","[65,Inf)",1.5,67,53.8,73.4,0.9552,0
"bfplus_m","domain","psychoticism","m","[65,Inf)",1.6667,68.8,56,76,0.9699,0
"bfplus_m","domain","psychoticism","m","[65,Inf)",1.8333,73.4,58.8,77.9,0.9902,0
"bfplus_m","domain","psychoticism","m","[65,Inf)",2,76.9,61.8,79.3,0.9965,1
"bfplus_m","domain","psychoticism","m","[65,Inf)",2.1667,78.5,64.4,82.2,0.9978,1
"bfplus_m","domain","psychoticism","m","[65,Inf)",2.3333,80.8,67,87.2,0.999,1
"bfplus_m","domain","psychoticism","m","[65,Inf)",2.5,87.2,69.2,87.2,1,1
"bfplus_m","domain","psychoticism","m","[65,Inf)",2.6667,87.2,73.7,87.2,1,1
"bfplus_m","domain","psychoticism","m","[65,Inf)",2.8333,87.2,76.5,87.2,1,1
"bfplus_m","domain","psychoticism","m","[65,Inf)",3,87.2,78.9,87.2,1,1
"bfplus_m","total","total","all","all",0,24.3,24.1,30.7,0.005,0
"bfplus_m","total","total","all","all",0.0333,26.7,24.8,33.3,0.0099,0
"bfplus_m","total","total","all","all",0.0667,29.1,25.8,35.2,0.0181,0
"bfplus_m","total","total","all","all",0.1,30.4,27.2,36.8,0.0251,0
"bfplus_m","total","total","all","all",0.1333,31.9,28.8,38.3,0.0355,0
"bfplus_m","total","total","all","all",0.1667,33.1,29.9,39.7,0.0451,0
"bfplus_m","total","total","all","all",0.2,34.5,30.9,40.9,0.0605,0
"bfplus_m","total","total","all","all",0.2333,35.9,31.9,42.2,0.0786,0
"bfplus_m","total","total","all","all",0.2667,37,32.8,43.3,0.0966,0
"bfplus_m","total","total","all","all",0.3,38.3,33.8,44.3,0.1202,0
"bfplus_m","total","total","all","all",0.3333,39.4,34.9,45.3,0.1451,0
"bfplus_m","total","total","all","all",0.3667,40.5,35.9,46.2,0.1715,0
"bfplus_m","total","total","all","all",0.4,41.7,36.8,47.1,0.2039,0
"bfplus_m","total","total","all","all",0.4333,42.8,37.7,48.2,0.2351,0
"bfplus_m","total","total","all","all",0.4667,43.7,38.7,49.1,0.2641,0
"bfplus_m","total","total","all","all",0.5,44.7,39.7,49.9,0.2968,0
"bfplus_m","total","total","all","all",0.5333,45.6,40.5,50.8,0.3284,0
"bfplus_m","total","total","all","all",0.5667,46.4,41.5,51.8,0.3608,0
"bfplus_m","total","total","all","all",0.6,47.4,42.4,52.6,0.3964,0
"bfplus_m","total","total","all","all",0.6333,48.3,43.2,53.4,0.434,0
"bfplus_m","total","total","all","all",0.6667,49.2,44,54.2,0.4667,0
"bfplus_m","total","total","all","all",0.7,50.1,44.9,55.1,0.5027,0
"bfplus_m","total","total","all","all",0.7333,50.9,45.6,55.9,0.5362,0
"bfplus_m","total","total","all","all",0.7667,51.9,46.4,56.8,0.5748,0
"bfplus_m","total","total","all","all",0.8,52.6,47.2,57.7,0.6041,0
"bfplus_m","total","total","all","all",0.8333,53.4,47.9,58.4,0.6331,0
"bfplus_m","total","total","all","all",0.8667,54.2,48.8,59.4,0.6636,0
"bfplus_m","total","total","all","all",0.9,55.1,49.5,60.3,0.6947,0
"bfplus_m","total","total","all","all",0.9333,55.9,50.3,61.2,0.7235,0
"bfplus_m","total","total","all","all",0.9667,56.8,51.1,62.1,0.7515,0
"bfplus_m","total","total","all","all",1,57.7,51.9,63,0.7793,0
"bfplus_m","total","total","all","all",1.0333,58.5,52.6,63.9,0.8024,0
"bfplus_m","total","total","all","all",1.0667,59.5,53.2,64.8,0.8284,0
"bfplus_m","total","total","all","all",1.1,60.4,53.9,65.5,0.8506,0
"bfplus_m","total","total","all","all",1.1333,61.5,54.7,66.1,0.8751,0
"bfplus_m","total","total","all","all",1.1667,62.3,55.5,66.9,0.8899,0
"bfplus_m","total","total","all","all",1.2,63.4,56.2,68,0.9101,0
"bfplus_m","total","total","all","all",1.2333,64.4,56.9,68.7,0.9248,0
"bfplus_m","total","total","all","all",1.2667,65.2,57.8,69.3,0.936,0
"bfplus_m","total","total","all","all",1.3,65.9,58.4,70.1,0.9439,0
"bfplus_m","total","total","all","all",1.3333,66.6,59.3,70.8,0.952,0
"bfplus_m","total","total","all","all",1.3667,67.9,60.1,71.4,0.9633,0
"bfplus_m","total","total","all","all",1.4,68.6,60.9,72,0.9685,0
"bfplus_m","total","total","all","all",1.4333,69.3,61.8,72.5,0.9734,0
"bfplus_m","total","total","all","all",1.4667,70,62.6,73.3,0.9775,0
"bfplus_m","total","total","all","all",1.5,70.9,63.5,74.2,0.9818,0
"bfplus_m","total","total","all","all",1.5333,71.5,64.4,75.2,0.9841,0
"bfplus_m","total","total","all","all",1.5667,72.2,65.1,76,0.9867,0
"bfplus_m","total","total","all","all",1.6,72.6,65.8,76.4,0.9882,0
"bfplus_m","total","total","all","all",1.6333,73.7,66.4,76.8,0.9911,0
"bfplus_m","total","total","all","all",1.6667,74.7,67.5,77.1,0.9933,0
"bfplus_m","total","total","all","all",1.7,76,68.4,77.5,0.9953,1
"bfplus_m","total","total","all","all",1.7333,76.4,69,78.2,0.9958,1
"bfplus_m","total","total","all","all",1.7667,76.4,69.7,78.9,0.9958,1
"bfplus_m","total","total","all","all",1.8,76.5,70.5,79.4,0.996,1
"bfplus_m","total","total","all","all",1.8333,77,71.2,79.9,0.9966,1
"bfplus_m","total","total","all","all",1.8667,78.4,71.7,80.5,0.9978,1
"bfplus_m","total","total","all","all",1.9,78.7,72.4,81.4,0.9979,1
"bfplus_m","total","total","all","all",1.9333,79.1,73.1,82.6,0.9982,1
"bfplus_m","total","total","all","all",1.9667,79.1,74.2,84,0.9982,1
"bfplus_m","total","total","all","all",2,80.1,75.1,84.9,0.9987,1
"bfplus_m","total","total","all","all",2.0333,80.1,75.6,86.5,0.9987,1
"bfplus_m","total","total","all","all",2.0667,81.6,76.1,87.2,0.9992,1
"bfplus_m","total","total","all","all",2.1,84.8,76.5,87.2,0.9998,1
"bfplus_m","total","total","all","all",2.1333,84.8,77,87.2,0.9998,1
"bfplus_m","total","total","all","all",2.1667,84.8,77.7,87.2,0.9998,1
"bfplus_m","total","total","all","all",2.2,87.2,78,87.2,1,1
"bfplus_m","total","total","all","all",2.2333,87.2,78.4,87.2,1,1
"bfplus_m","total","total","all","all",2.2667,87.2,78.9,87.2,1,1
"bfplus_m","total","total","all","all",2.3,87.2,79.4,87.2,1,1
"bfplus_m","total","total","all","all",2.3333,87.2,80.2,87.2,1,1
"bfplus_m","total","total","all","all",2.3667,87.2,81.4,87.2,1,1
"bfplus_m","total","total","all","all",2.4,87.2,82.7,87.2,1,1
"bfplus_m","total","total","all","all",2.4333,87.2,83.4,87.2,1,1
"bfplus_m","total","total","all","all",2.4667,87.2,84.3,87.2,1,1
"bfplus_m","total","total","all","all",2.5,87.2,85.2,87.2,1,1
"bfplus_m","total","total","all","all",2.5333,87.2,86.9,87.2,1,1
"bfplus_m","total","total","all","all",2.5667,87.2,87.2,87.2,1,1
"bfplus_m","total","total","all","all",2.6,87.2,87.2,87.2,1,1
"bfplus_m","total","total","all","all",2.6333,87.2,87.2,87.2,1,1
"bfplus_m","total","total","all","all",2.6667,87.2,87.2,87.2,1,1
"bfplus_m","total","total","all","all",2.7,87.2,87.2,87.2,1,1
"bfplus_m","total","total","all","all",2.7333,87.2,87.2,87.2,1,1
"bfplus_m","total","total","all","all",2.7667,87.2,87.2,87.2,1,1
"bfplus_m","total","total","all","all",2.8,87.2,87.2,87.2,1,1
"bfplus_m","total","total","all","all",2.8333,87.2,87.2,87.2,1,1
"bfplus_m","total","total","all","all",2.8667,87.2,87.2,87.2,1,1
"bfplus_m","total","total","all","all",2.9,87.2,87.2,87.2,1,1
"bfplus_m","total","total","all","all",2.9333,87.2,87.2,87.2,1,1
"bfplus_m","total","total","all","all",2.9667,87.2,87.2,87.2,1,1
"bfplus_m","total","total","all","all",3,87.2,87.2,87.2,1,1
"bfplus_m","total","total","f","[18,35)",0,12.8,20,28.7,0,1
"bfplus_m","total","total","f","[18,35)",0.0333,21,20,30.6,0.0019,1
"bfplus_m","total","total","f","[18,35)",0.0667,27.1,20,32.9,0.0109,0
"bfplus_m","total","total","f","[18,35)",0.1,28,21.8,34.1,0.0138,0
"bfplus_m","total","total","f","[18,35)",0.1333,28,25.9,35.3,0.0138,0
"bfplus_m","total","total","f","[18,35)",0.1667,30.2,27.3,36.9,0.0237,0
"bfplus_m","total","total","f","[18,35)",0.2,32,28,38.6,0.0359,0
"bfplus_m","total","total","f","[18,35)",0.2333,33.2,28.7,39.8,0.046,0
"bfplus_m","total","total","f","[18,35)",0.2667,33.6,30.1,40.7,0.0507,0
"bfplus_m","total","total","f","[18,35)",0.3,34.9,31.5,41.6,0.0658,0
"bfplus_m","total","total","f","[18,35)",0.3333,36,32.4,42.5,0.0807,0
"bfplus_m","total","total","f","[18,35)",0.3667,37.9,33.1,43.5,0.1131,0
"bfplus_m","total","total","f","[18,35)",0.4,39.1,33.8,44.4,0.1374,0
"bfplus_m","total","total","f","[18,35)",0.4333,40.1,34.6,45.2,0.1617,0
"bfplus_m","total","total","f","[18,35)",0.4667,40.8,35.5,46.3,0.1783,0
"bfplus_m","total","total","f","[18,35)",0.5,41.8,36.6,47.3,0.2048,0
"bfplus_m","total","total","f","[18,35)",0.5333,42.6,37.9,48.1,0.2301,0
"bfplus_m","total","total","f","[18,35)",0.5667,43.5,38.9,48.7,0.2585,0
"bfplus_m","total","total","f","[18,35)",0.6,44.4,39.8,49.3,0.2883,0
"bfplus_m","total","total","f","[18,35)",0.6333,45.2,40.5,50,0.3139,0
"bfplus_m","total","total","f","[18,35)",0.6667,46.5,41.2,50.6,0.3639,0
"bfplus_m","total","total","f","[18,35)",0.7,47.4,42,51.3,0.3968,0
"bfplus_m","total","total","f","[18,35)",0.7333,48.1,42.7,51.9,0.4259,0
"bfplus_m","total","total","f","[18,35)",0.7667,48.6,43.5,52.6,0.4429,0
"bfplus_m","total","total","f","[18,35)",0.8,49.3,44.3,53.3,0.4702,0
"bfplus_m","total","total","f","[18,35)",0.8333,50,44.9,54.3,0.4988,0
"bfplus_m","total","total","f","[18,35)",0.8667,50.3,45.9,55.1,0.5136,0
"bfplus_m","total","total","f","[18,35)",0.9,51.2,46.9,56.1,0.5486,0
"bfplus_m","total","total","f","[18,35)",0.9333,51.7,47.7,57.1,0.5681,0
"bfplus_m","total","total","f","[18,35)",0.9667,52.3,48.3,58.2,0.5925,0
"bfplus_m","total","total","f","[18,35)",1,52.9,48.8,59.6,0.6131,0
"bfplus_m","total","total","f","[18,35)",1.0333,53.8,49.4,60.7,0.6493,0
"bfplus_m","total","total","f","[18,35)",1.0667,54.7,50,61.5,0.6803,0
"bfplus_m","total","total","f","[18,35)",1.1,55.5,50.5,62.1,0.7077,0
"bfplus_m","total","total","f","[18,35)",1.1333,56.7,51.1,62.7,0.7488,0
"bfplus_m","total","total","f","[18,35)",1.1667,57.4,51.7,63.8,0.7718,0
"bfplus_m","total","total","f","[18,35)",1.2,59.5,52.2,64.7,0.8294,0
"bfplus_m","total","total","f","[18,35)",1.2333,60.4,52.7,65.5,0.851,0
"bfplus_m","total","total","f","[18,35)",1.2667,61.8,53.5,66.2,0.8809,0
"bfplus_m","total","total","f","[18,35)",1.3,61.9,54.2,67,0.8832,0
"bfplus_m","total","total","f","[18,35)",1.3333,62.7,54.9,67.7,0.898,0
"bfplus_m","total","total","f","[18,35)",1.3667,64.5,55.6,68.3,0.9264,0
"bfplus_m","total","total","f","[18,35)",1.4,65,56.5,68.7,0.9328,0
"bfplus_m","total","total","f","[18,35)",1.4333,65.9,57.3,69.5,0.9444,0
"bfplus_m","total","total","f","[18,35)",1.4667,66.8,58.6,70.2,0.9538,0
"bfplus_m","total","total","f","[18,35)",1.5,67.9,59.7,71.3,0.9636,0
"bfplus_m","total","total","f","[18,35)",1.5333,67.9,60.7,72.2,0.9636,0
"bfplus_m","total","total","f","[18,35)",1.5667,68.7,61.4,73,0.9691,0
"bfplus_m","total","total","f","[18,35)",1.6,69.4,62,73.7,0.9736,0
"bfplus_m","total","total","f","[18,35)",1.6333,70.6,62.8,74.1,0.9803,0
"bfplus_m","total","total","f","[18,35)",1.6667,71.4,64,74.8,0.9838,0
"bfplus_m","total","total","f","[18,35)",1.7,73.3,64.8,75.5,0.99,0
"bfplus_m","total","total","f","[18,35)",1.7333,73.3,65.6,77.1,0.99,0
"bfplus_m","total","total","f","[18,35)",1.7667,73.3,66.4,77.9,0.99,0
"bfplus_m","total","total","f","[18,35)",1.8,73.3,67.1,78.5,0.99,0
"bfplus_m","total","total","f","[18,35)",1.8333,74.3,67.7,79.3,0.9924,0
"bfplus_m","total","total","f","[18,35)",1.8667,78.3,68.2,79.5,0.9977,1
"bfplus_m","total","total","f","[18,35)",1.9,78.3,68.9,80.7,0.9977,1
"bfplus_m","total","total","f","[18,35)",1.9333,78.3,69.7,82,0.9977,1
"bfplus_m","total","total","f","[18,35)",1.9667,78.3,70.6,82.4,0.9977,1
"bfplus_m","total","total","f","[18,35)",2,78.3,71.3,82.8,0.9977,1
"bfplus_m","total","total","f","[18,35)",2.0333,78.3,71.8,84.3,0.9977,1
"bfplus_m","total","total","f","[18,35)",2.0667,78.3,72.4,87.2,0.9977,1
"bfplus_m","total","total","f","[18,35)",2.1,78.3,73,87.2,0.9977,1
"bfplus_m","total","total","f","[18,35)",2.1333,78.3,74.3,87.2,0.9977,1
"bfplus_m","total","total","f","[18,35)",2.1667,78.3,74.5,87.2,0.9977,1
"bfplus_m","total","total","f","[18,35)",2.2,87.2,74.7,87.2,1,1
"bfplus_m","total","total","f","[18,35)",2.2333,87.2,75,87.2,1,1
"bfplus_m","total","total","f","[18,35)",2.2667,87.2,75.8,87.2,1,1
"bfplus_m","total","total","f","[18,35)",2.3,87.2,76.1,87.2,1,1
"bfplus_m","total","total","f","[18,35)",2.3333,87.2,76.2,87.2,1,1
"bfplus_m","total","total","f","[18,35)",2.3667,87.2,76.9,87.2,1,1
"bfplus_m","total","total","f","[18,35)",2.4,87.2,77.7,87.2,1,1
"bfplus_m","total","total","f","[18,35)",2.4333,87.2,78.5,87.2,1,1
"bfplus_m","total","total","f","[18,35)",2.4667,87.2,82.2,87.2,1,1
"bfplus_m","total","total","f","[18,35)",2.5,87.2,86.7,87.2,1,1
"bfplus_m","total","total","f","[18,35)",2.5333,87.2,87.2,87.2,1,1
"bfplus_m","total","total","f","[18,35)",2.5667,87.2,87.2,87.2,1,1
"bfplus_m","total","total","f","[18,35)",2.6,87.2,87.2,87.2,1,1
"bfplus_m","total","total","f","[18,35)",2.6333,87.2,87.2,87.2,1,1
"bfplus_m","total","total","f","[18,35)",2.6667,87.2,87.2,87.2,1,1
"bfplus_m","total","total","f","[18,35)",2.7,87.2,87.2,87.2,1,1
"bfplus_m","total","total","f","[18,35)",2.7333,87.2,87.2,87.2,1,1
"bfplus_m","total","total","f","[18,35)",2.7667,87.2,87.2,87.2,1,1
"bfplus_m","total","total","f","[18,35)",2.8,87.2,87.2,87.2,1,1
"bfplus_m","total","total","f","[18,35)",2.8333,87.2,87.2,87.2,1,1
"bfplus_m","total","total","f","[18,35)",2.8667,87.2,87.2,87.2,1,1
"bfplus_m","total","total","f","[18,35)",2.9,87.2,87.2,87.2,1,1
"bfplus_m","total","total","f","[18,35)",2.9333,87.2,87.2,87.2,1,1
"bfplus_m","total","total","f","[18,35)",2.9667,87.2,87.2,87.2,1,1
"bfplus_m","total","total","f","[18,35)",3,87.2,87.2,87.2,1,1
"bfplus_m","total","total","f","[35,50)",0,28.3,27.7,31.3,0.0151,0
"bfplus_m","total","total","f","[35,50)",0.0333,29.2,28.1,35.1,0.019,0
"bfplus_m","total","total","f","[35,50)",0.0667,30.1,28.8,36.9,0.0231,0
"bfplus_m","total","total","f","[35,50)",0.1,31.3,29.5,38.3,0.0304,0
"bfplus_m","total","total","f","[35,50)",0.1333,33.7,30.1,39.6,0.0518,0
"bfplus_m","total","total","f","[35,50)",0.1667,34.8,30.8,40.6,0.0648,0
"bfplus_m","total","total","f","[35,50)",0.2,36.4,31.8,41.7,0.0868,0
"bfplus_m","total","total","f","[35,50)",0.2333,37.4,33.3,42.7,0.1042,0
"bfplus_m","total","total","f","[35,50)",0.2667,38.8,34.4,43.8,0.1303,0
"bfplus_m","total","total","f","[35,50)",0.3,39.7,35.4,44.7,0.1513,0
"bfplus_m","total","total","f","[35,50)",0.3333,40.6,36.4,45.6,0.1739,0
"bfplus_m","total","total","f","[35,50)",0.3667,41.6,37.3,46.4,0.2011,0
"bfplus_m","total","total","f","[35,50)",0.4,42.4,38.3,47.4,0.2245,0
"bfplus_m","total","total","f","[35,50)",0.4333,43.4,39.2,48.4,0.2551,0
"bfplus_m","total","total","f","[35,50)",0.4667,44.2,40,49.5,0.2819,0
"bfplus_m","total","total","f","[35,50)",0.5,45.2,40.8,50.4,0.3156,0
"bfplus_m","total","total","f","[35,50)",0.5333,45.9,41.5,51.3,0.3394,0
"bfplus_m","total","total","f","[35,50)",0.5667,46.7,42.3,52.2,0.3697,0
"bfplus_m","total","total","f","[35,50)",0.6,47.5,43.2,52.9,0.4025,0
"bfplus_m","total","total","f","[35,50)",0.6333,48.5,43.9,53.7,0.442,0
"bfplus_m","total","total","f","[35,50)",0.6667,49.5,44.6,54.6,0.4814,0
"bfplus_m","total","total","f","[35,50)",0.7,50.3,45.3,55.6,0.5113,0
"bfplus_m","total","total","f","[35,50)",0.7333,51.2,46,56.6,0.5486,0
"bfplus_m","total","total","f","[35,50)",0.7667,52.3,46.6,57.6,0.592,0
"bfplus_m","total","total","f","[35,50)",0.8,52.7,47.3,58.4,0.6071,0
"bfplus_m","total","total","f","[35,50)",0.8333,53.6,48.3,59.1,0.6412,0
"bfplus_m","total","total","f","[35,50)",0.8667,54.6,49.1,59.8,0.6756,0
"bfplus_m","total","total","f","[35,50)",0.9,55.6,49.9,60.4,0.7123,0
"bfplus_m","total","total","f","[35,50)",0.9333,56.7,50.6,61.3,0.7487,0
"bfplus_m","total","total","f","[35,50)",0.9667,57.7,51.4,62.3,0.7788,0
"bfplus_m","total","total","f","[35,50)",1,58.4,52.2,63.4,0.8008,0
"bfplus_m","total","total","f","[35,50)",1.0333,59.4,52.7,64.6,0.8261,0
"bfplus_m","total","total","f","[35,50)",1.0667,59.7,53.4,65.4,0.8349,0
"bfplus_m","total","total","f","[35,50)",1.1,60.5,54.2,66.1,0.8542,0
"bfplus_m","total","total","f","[35,50)",1.1333,61.8,55,66.9,0.8803,0
"bfplus_m","total","total","f","[35,50)",1.1667,62.8,56,67.5,0.8989,0
"bfplus_m","total","total","f","[35,50)",1.2,64.1,56.8,68.1,0.9207,0
"bfplus_m","total","total","f","[35,50)",1.2333,65.2,57.6,68.6,0.9355,0
"bfplus_m","total","total","f","[35,50)",1.2667,65.7,58.4,69.2,0.9416,0
"bfplus_m","total","total","f","[35,50)",1.3,66.8,59,70,0.9536,0
"bfplus_m","total","total","f","[35,50)",1.3333,67.2,59.5,70.9,0.9571,0
"bfplus_m","total","total","f","[35,50)",1.3667,68.1,60.1,71.6,0.9651,0
"bfplus_m","total","total","f","[35,50)",1.4,68.4,61,72.3,0.9673,0
"bfplus_m","total","total","f","[35,50)",1.4333,69.1,61.9,72.8,0.9718,0
"bfplus_m","total","total","f","[35,50)",1.4667,70.4,62.8,73.3,0.9793,0
"bfplus_m","total","total","f","[35,50)",1.5,70.8,64,73.9,0.9812,0
"bfplus_m","total","total","f","[35,50)",1.5333,72.3,64.8,74.8,0.987,0
"bfplus_m","total","total","f","[35,50)",1.5667,72.3,65.6,75.3,0.987,0
"bfplus_m","total","total","f","[35,50)",1.6,72.3,66.3,75.9,0.987,0
"bfplus_m","total","total","f","[35,50)",1.6333,73.8,67.1,76.3,0.9912,0
"bfplus_m","total","total","f","[35,50)",1.6667,74.5,67.7,76.8,0.9928,0
"bfplus_m","total","total","f","[35,50)",1.7,74.5,68.2,77.5,0.9928,0
"bfplus_m","total","total","f","[35,50)",1.7333,75.7,68.8,79.2,0.9949,0
"bfplus_m","total","total","f","[35,50)",1.7667,75.7,69.7,85.1,0.9949,0
"bfplus_m","total","total","f","[35,50)",1.8,75.7,70.5,87.2,0.9949,0
"bfplus_m","total","total","f","[35,50)",1.8333,77.2,71.2,87.2,0.9968,1
"bfplus_m","total","total","f","[35,50)",1.8667,77.2,71.7,87.2,0.9968,1
"bfplus_m","total","total","f","[35,50)",1.9,79.9,72.4,87.2,0.9986,1
"bfplus_m","total","total","f","[35,50)",1.9333,87.2,73,87.2,1,1
"bfplus_m","total","total","f","[35,50)",1.9667,87.2,73.6,87.2,1,1
"bfplus_m","total","total","f","[35,50)",2,87.2,74,87.2,1,1
"bfplus_m","total","total","f","[35,50)",2.0333,87.2,74.4,87.2,1,1
"bfplus_m","total","total","f","[35,50)",2.0667,87.2,74.8,87.2,1,1
"bfplus_m","total","total","f","[35,50)",2.1,87.2,75.3,87.2,1,1
"bfplus_m","total","total","f","[35,50)",2.1333,87.2,75.9,87.2,1,1
"bfplus_m","total","total","f","[35,50)",2.1667,87.2,76.6,87.2,1,1
"bfplus_m","total","total","f","[35,50)",2.2,87.2,77.6,87.2,1,1
"bfplus_m","total","total","f","[35,50)",2.2333,87.2,80,87.2,1,1
"bfplus_m","total","total","f","[35,50)",2.2667,87.2,85.1,87.2,1,1
"bfplus_m","total","total","f","[35,50)",2.3,87.2,87.2,87.2,1,1
"bfplus_m","total","total","f","[35,50)",2.3333,87.2,87.2,87.2,1,1
"bfplus_m","total","total","f","[35,50)",2.3667,87.2,87.2,87.2,1,1
"bfplus_m","total","total","f","[35,50)",2.4,87.2,87.2,87.2,1,1
"bfplus_m","total","total","f","[35,50)",2.4333,87.2,87.2,87.2,1,1
"bfplus_m","total","total","f","[35,50)",2.4667,87.2,87.2,87.2,1,1
"bfplus_m","total","total","f","[35,50)",2.5,87.2,87.2,87.2,1,1
"bfplus_m","total","total","f","[35,50)",2.5333,87.2,87.2,87.2,1,1
"bfplus_m","total","total","f","[35,50)",2.5667,87.2,87.2,87.2,1,1
"bfplus_m","total","total","f","[35,50)",2.6,87.2,87.2,87.2,1,1
"bfplus_m","total","total","f","[35,50)",2.6333,87.2,87.2,87.2,1,1
"bfplus_m","total","total","f","[35,50)",2.6667,87.2,87.2,87.2,1,1
"bfplus_m","total","total","f","[35,50)",2.7,87.2,87.2,87.2,1,1
"bfplus_m","total","total","f","[35,50)",2.7333,87.2,87.2,87.2,1,1
"bfplus_m","total","total","f","[35,50)",2.7667,87.2,87.2,87.2,1,1
"bfplus_m","total","total","f","[35,50)",2.8,87.2,87.2,87.2,1,1
"bfplus_m","total","total","f","[35,50)",2.8333,87.2,87.2,87.2,1,1
"bfplus_m","total","total","f","[35,50)",2.8667,87.2,87.2,87.2,1,1
"bfplus_m","total","total","f","[35,50)",2.9,87.2,87.2,87.2,1,1
"bfplus_m","total","total","f","[35,50)",2.9333,87.2,87.2,87.2,1,1
"bfplus_m","total","total","f","[35,50)",2.9667,87.2,87.2,87.2,1,1
"bfplus_m","total","total","f","[35,50)",3,87.2,87.2,87.2,1,1
"bfplus_m","total","total","f","[50,65)",0,24.3,24.1,32.6,0.0051,0
"bfplus_m","total","total","f","[50,65)",0.0333,26.9,25.1,34.8,0.0104,0
"bfplus_m","total","total","f","[50,65)",0.0667,30.6,26.2,36.4,0.026,0
"bfplus_m","total","total","f","[50,65)",0.1,32.4,27.6,38.2,0.0389,0
"bfplus_m","total","total","f","[50,65)",0.1333,33.9,29.7,39.7,0.0534,0
"bfplus_m","total","total","f","[50,65)",0.1667,34.8,31.3,41.2,0.0646,0
"bfplus_m","total","total","f","[50,65)",0.2,35.8,32.6,42.6,0.0784,0
"bfplus_m","total","total","f","[50,65)",0.2333,37.3,33.8,43.7,0.1016,0
"bfplus_m","total","total","f","[50,65)",0.2667,38.6,34.5,44.6,0.1274,0
"bfplus_m","total","total","f","[50,65)",0.3,39.7,35.3,45.7,0.1521,0
"bfplus_m","total","total","f","[50,65)",0.3333,41,36.2,46.8,0.1839,0
"bfplus_m","total","total","f","[50,65)",0.3667,42.2,37.2,47.9,0.219,0
"bfplus_m","total","total","f","[50,65)",0.4,43.4,38.2,49,0.2554,0
"bfplus_m","total","total","f","[50,65)",0.4333,44.1,39.2,50,0.2787,0
"bfplus_m","total","total","f","[50,65)",0.4667,45.1,40.2,50.9,0.3121,0
"bfplus_m","total","total","f","[50,65)",0.5,46.2,41.2,51.8,0.3515,0
"bfplus_m","total","total","f","[50,65)",0.5333,47.2,42.2,52.8,0.3911,0
"bfplus_m","total","total","f","[50,65)",0.5667,48.4,43.2,53.8,0.4347,0
"bfplus_m","total","total","f","[50,65)",0.6,49.4,43.9,54.8,0.4744,0
"bfplus_m","total","total","f","[50,65)",0.6333,50.2,44.6,55.7,0.5095,0
"bfplus_m","total","total","f","[50,65)",0.6667,51.1,45.4,56.7,0.544,0
"bfplus_m","total","total","f","[50,65)",0.7,52,46.3,57.6,0.5806,0
"bfplus_m","total","total","f","[50,65)",0.7333,53,47.2,58.4,0.6161,0
"bfplus_m","total","total","f","[50,65)",0.7667,54,48.1,59.3,0.6558,0
"bfplus_m","total","total","f","[50,65)",0.8,55,49,60.1,0.6914,0
"bfplus_m","total","total","f","[50,65)",0.8333,55.9,49.8,61.1,0.7228,0
"bfplus_m","total","total","f","[50,65)",0.8667,56.9,50.6,62.1,0.7544,0
"bfplus_m","total","total","f","[50,65)",0.9,57.7,51.3,63,0.7802,0
"bfplus_m","total","total","f","[50,65)",0.9333,58.7,52.1,64,0.8077,0
"bfplus_m","total","total","f","[50,65)",0.9667,59.4,52.8,64.9,0.8276,0
"bfplus_m","total","total","f","[50,65)",1,60.6,53.8,65.8,0.8558,0
"bfplus_m","total","total","f","[50,65)",1.0333,61.3,54.6,66.7,0.871,0
"bfplus_m","total","total","f","[50,65)",1.0667,62.6,55.4,67.6,0.8955,0
"bfplus_m","total","total","f","[50,65)",1.1,63.6,56.2,68.5,0.9125,0
"bfplus_m","total","total","f","[50,65)",1.1333,64.5,57.1,69.2,0.9268,0
"bfplus_m","total","total","f","[50,65)",1.1667,65.5,57.8,69.9,0.9394,0
"bfplus_m","total","total","f","[50,65)",1.2,66.4,58.6,70.7,0.95,0
"bfplus_m","total","total","f","[50,65)",1.2333,67.5,59.3,71.3,0.9603,0
"bfplus_m","total","total","f","[50,65)",1.2667,68.5,60.1,71.8,0.9679,0
"bfplus_m","total","total","f","[50,65)",1.3,69.1,60.9,72.3,0.9719,0
"bfplus_m","total","total","f","[50,65)",1.3333,69.9,61.8,73.2,0.9766,0
"bfplus_m","total","total","f","[50,65)",1.3667,70.9,62.8,74.1,0.9816,0
"bfplus_m","total","total","f","[50,65)",1.4,71.5,63.6,75.3,0.9841,0
"bfplus_m","total","total","f","[50,65)",1.4333,71.5,64.5,76.6,0.9841,0
"bfplus_m","total","total","f","[50,65)",1.4667,72.4,65.3,77.7,0.9873,0
"bfplus_m","total","total","f","[50,65)",1.5,73.5,66.3,82.2,0.9907,0
"bfplus_m","total","total","f","[50,65)",1.5333,74.1,67.3,86.9,0.992,0
"bfplus_m","total","total","f","[50,65)",1.5667,76.3,68.1,87.2,0.9958,1
"bfplus_m","total","total","f","[50,65)",1.6,77.1,68.9,87.2,0.9967,1
"bfplus_m","total","total","f","[50,65)",1.6333,78.4,69.6,87.2,0.9977,1
"bfplus_m","total","total","f","[50,65)",1.6667,87.2,70.4,87.2,1,1
"bfplus_m","total","total","f","[50,65)",1.7,87.2,71,87.2,1,1
"bfplus_m","total","total","f","[50,65)",1.7333,87.2,71.4,87.2,1,1
"bfplus_m","total","total","f","[50,65)",1.7667,87.2,71.9,87.2,1,1
"bfplus_m","total","total","f","[50,65)",1.8,87.2,72.6,87.2,1,1
"bfplus_m","total","total","f","[50,65)",1.8333,87.2,73.4,87.2,1,1
"bfplus_m","total","total","f","[50,65)",1.8667,87.2,74.2,87.2,1,1
"bfplus_m","total","total","f","[50,65)",1.9,87.2,75.3,87.2,1,1
"bfplus_m","total","total","f","[50,65)",1.9333,87.2,76.3,87.2,1,1
"bfplus_m","total","total","f","[50,65)",1.9667,87.2,77.3,87.2,1,1
"bfplus_m","total","total","f","[50,65)",2,87.2,79.2,87.2,1,1
"bfplus_m","total","total","f","[50,65)",2.0333,87.2,84.9,87.2,1,1
"bfplus_m","total","total","f","[50,65)",2.0667,87.2,87.2,87.2,1,1
"bfplus_m","total","total","f","[50,65)",2.1,87.2,87.2,87.2,1,1
"bfplus_m","total","total","f","[50,65)",2.1333,87.2,87.2,87.2,1,1
"bfplus_m","total","total","f","[50,65)",2.1667,87.2,87.2,87.2,1,1
"bfplus_m","total","total","f","[50,65)",2.2,87.2,87.2,87.2,1,1
"bfplus_m","total","total","f","[50,65)",2.2333,87.2,87.2,87.2,1,1
"bfplus_m","total","total","f","[50,65)",2.2667,87.2,87.2,87.2,1,1
"bfplus_m","total","total","f","[50,65)",2.3,87.2,87.2,87.2,1,1
"bfplus_m","total","total","f","[50,65)",2.3333,87.2,87.2,87.2,1,1
"bfplus_m","total","total","f","[50,65)",2.3667,87.2,87.2,87.2,1,1
"bfplus_m","total","total","f","[50,65)",2.4,87.2,87.2,87.2,1,1
"bfplus_m","total","total","f","[50,65)",2.4333,87.2,87.2,87.2,1,1
"bfplus_m","total","total","f","[50,65)",2.4667,87.2,87.2,87.2,1,1
"bfplus_m","total","total","f","[50,65)",2.5,87.2,87.2,87.2,1,1
"bfplus_m","total","total","f","[50,65)",2.5333,87.2,87.2,87.2,1,1
"bfplus_m","total","total","f","[50,65)",2.5667,87.2,87.2,87.2,1,1
"bfplus_m","total","total","f","[50,65)",2.6,87.2,87.2,87.2,1,1
"bfplus_m","total","total","f","[50,65)",2.6333,87.2,87.2,87.2,1,1
"bfplus_m","total","total","f","[50,65)",2.6667,87.2,87.2,87.2,1,1
"bfplus_m","total","total","f","[50,65)",2.7,87.2,87.2,87.2,1,1
"bfplus_m","total","total","f","[50,65)",2.7333,87.2,87.2,87.2,1,1
"bfplus_m","total","total","f","[50,65)",2.7667,87.2,87.2,87.2,1,1
"bfplus_m","total","total","f","[50,65)",2.8,87.2,87.2,87.2,1,1
"bfplus_m","total","total","f","[50,65)",2.8333,87.2,87.2,87.2,1,1
"bfplus_m","total","total","f","[50,65)",2.8667,87.2,87.2,87.2,1,1
"bfplus_m","total","total","f","[50,65)",2.9,87.2,87.2,87.2,1,1
"bfplus_m","total","total","f","[50,65)",2.9333,87.2,87.2,87.2,1,1
"bfplus_m","total","total","f","[50,65)",2.9667,87.2,87.2,87.2,1,1
"bfplus_m","total","total","f","[50,65)",3,87.2,87.2,87.2,1,1
"bfplus_m","total","total","f","[65,Inf)",0,19.2,20,30.4,0.0011,1
"bfplus_m","total","total","f","[65,Inf)",0.0333,19.2,20,32.6,0.0011,1
"bfplus_m","total","total","f","[65,Inf)",0.0667,26.7,20.4,35,0.0099,0
"bfplus_m","total","total","f","[65,Inf)",0.1,27.7,22.9,36.5,0.013,0
"bfplus_m","total","total","f","[65,Inf)",0.1333,30.9,26.3,38.8,0.0282,0
"bfplus_m","total","total","f","[65,Inf)",0.1667,32,27.6,40,0.0358,0
"bfplus_m","total","total","f","[65,Inf)",0.2,33.1,29.1,41.4,0.0458,0
"bfplus_m","total","total","f","[65,Inf)",0.2333,35.6,31,42.7,0.0747,0
"bfplus_m","total","total","f","[65,Inf)",0.2667,36.2,31.9,43.7,0.0845,0
"bfplus_m","total","total","f","[65,Inf)",0.3,38.5,32.7,44.8,0.1255,0
"bfplus_m","total","total","f","[65,Inf)",0.3333,39.6,34,46.1,0.1498,0
"bfplus_m","total","total","f","[65,Inf)",0.3667,40.8,35.4,47.2,0.1786,0
"bfplus_m","total","total","f","[65,Inf)",0.4,42.3,36.3,48.5,0.2217,0
"bfplus_m","total","total","f","[65,Inf)",0.4333,43.1,37.7,49.8,0.2466,0
"bfplus_m","total","total","f","[65,Inf)",0.4667,44.2,39,50.8,0.2796,0
"bfplus_m","total","total","f","[65,Inf)",0.5,45.2,39.9,51.8,0.3147,0
"bfplus_m","total","total","f","[65,Inf)",0.5333,46.4,40.9,52.9,0.3602,0
"bfplus_m","total","total","f","[65,Inf)",0.5667,47.4,42.1,54.2,0.3978,0
"bfplus_m","total","total","f","[65,Inf)",0.6,48.7,43,55.5,0.4497,0
"bfplus_m","total","total","f","[65,Inf)",0.6333,50.1,43.7,56.5,0.5038,0
"bfplus_m","total","total","f","[65,Inf)",0.6667,50.8,44.5,57.3,0.5335,0
"bfplus_m","total","total","f","[65,Inf)",0.7,52,45.4,58.2,0.5807,0
"bfplus_m","total","total","f","[65,Inf)",0.7333,53,46.4,59.1,0.6174,0
"bfplus_m","total","total","f","[65,Inf)",0.7667,54.7,47.2,60.1,0.6792,0
"bfplus_m","total","total","f","[65,Inf)",0.8,55.8,48.2,61.1,0.7182,0
"bfplus_m","total","total","f","[65,Inf)",0.8333,56.7,49.3,62.2,0.7496,0
"bfplus_m","total","total","f","[65,Inf)",0.8667,57.7,50.2,63.1,0.7795,0
"bfplus_m","total","total","f","[65,Inf)",0.9,58.5,51,63.8,0.8015,0
"bfplus_m","total","total","f","[65,Inf)",0.9333,59.6,51.9,64.5,0.8313,0
"bfplus_m","total","total","f","[65,Inf)",0.9667,60.6,52.8,65.2,0.8561,0
"bfplus_m","total","total","f","[65,Inf)",1,61.7,54,66.3,0.8798,0
"bfplus_m","total","total","f","[65,Inf)",1.0333,62.8,55.1,67.3,0.9003,0
"bfplus_m","total","total","f","[65,Inf)",1.0667,63.5,56,68.6,0.9114,0
"bfplus_m","total","total","f","[65,Inf)",1.1,64.4,56.8,69.7,0.925,0
"bfplus_m","total","total","f","[65,Inf)",1.1333,64.9,57.6,70.6,0.9313,0
"bfplus_m","total","total","f","[65,Inf)",1.1667,66.4,58.4,71.5,0.9495,0
"bfplus_m","total","total","f","[65,Inf)",1.2,67,59.3,72.8,0.9553,0
"bfplus_m","total","total","f","[65,Inf)",1.2333,68.8,60.3,74.9,0.9698,0
"bfplus_m","total","total","f","[65,Inf)",1.2667,69.7,61.2,77.8,0.9757,0
"bfplus_m","total","total","f","[65,Inf)",1.3,70.8,62.2,79.2,0.9813,0
"bfplus_m","total","total","f","[65,Inf)",1.3333,71.2,63,80.2,0.983,0
"bfplus_m","total","total","f","[65,Inf)",1.3667,73.4,63.6,80.9,0.9903,0
"bfplus_m","total","total","f","[65,Inf)",1.4,76.5,64.3,81.5,0.9959,1
"bfplus_m","total","total","f","[65,Inf)",1.4333,80.8,64.9,82.5,0.999,1
"bfplus_m","total","total","f","[65,Inf)",1.4667,80.8,65.8,82.8,0.999,1
"bfplus_m","total","total","f","[65,Inf)",1.5,80.8,66.8,83.8,0.999,1
"bfplus_m","total","total","f","[65,Inf)",1.5333,80.8,67.8,86.9,0.999,1
"bfplus_m","total","total","f","[65,Inf)",1.5667,80.8,68.9,87.2,0.999,1
"bfplus_m","total","total","f","[65,Inf)",1.6,80.8,69.7,87.2,0.999,1
"bfplus_m","total","total","f","[65,Inf)",1.6333,87.2,70.4,87.2,1,1
"bfplus_m","total","total","f","[65,Inf)",1.6667,87.2,71.1,87.2,1,1
"bfplus_m","total","total","f","[65,Inf)",1.7,87.2,72.4,87.2,1,1
"bfplus_m","total","total","f","[65,Inf)",1.7333,87.2,74.3,87.2,1,1
"bfplus_m","total","total","f","[65,Inf)",1.7667,87.2,77,87.2,1,1
"bfplus_m","total","total","f","[65,Inf)",1.8,87.2,77.9,87.2,1,1
"bfplus_m","total","total","f","[65,Inf)",1.8333,87.2,78.1,87.2,1,1
"bfplus_m","total","total","f","[65,Inf)",1.8667,87.2,78.5,87.2,1,1
"bfplus_m","total","total","f","[65,Inf)",1.9,87.2,78.9,87.2,1,1
"bfplus_m","total","total","f","[65,Inf)",1.9333,87.2,79.1,87.2,1,1
"bfplus_m","total","total","f","[65,Inf)",1.9667,87.2,80.1,87.2,1,1
"bfplus_m","total","total","f","[65,Inf)",2,87.2,81.2,87.2,1,1
"bfplus_m","total","total","f","[65,Inf)",2.0333,87.2,83.8,87.2,1,1
"bfplus_m","total","total","f","[65,Inf)",2.0667,87.2,87,87.2,1,1
"bfplus_m","total","total","f","[65,Inf)",2.1,87.2,87.2,87.2,1,1
"bfplus_m","total","total","f","[65,Inf)",2.1333,87.2,87.2,87.2,1,1
"bfplus_m","total","total","f","[65,Inf)",2.1667,87.2,87.2,87.2,1,1
"bfplus_m","total","total","f","[65,Inf)",2.2,87.2,87.2,87.2,1,1
"bfplus_m","total","total","f","[65,Inf)",2.2333,87.2,87.2,87.2,1,1
"bfplus_m","total","total","f","[65,Inf)",2.2667,87.2,87.2,87.2,1,1
"bfplus_m","total","total","f","[65,Inf)",2.3,87.2,87.2,87.2,1,1
"bfplus_m","total","total","f","[65,Inf)",2.3333,87.2,87.2,87.2,1,1
"bfplus_m","total","total","f","[65,Inf)",2.3667,87.2,87.2,87.2,1,1
"bfplus_m","total","total","f","[65,Inf)",2.4,87.2,87.2,87.2,1,1
"bfplus_m","total","total","f","[65,Inf)",2.4333,87.2,87.2,87.2,1,1
"bfplus_m","total","total","f","[65,Inf)",2.4667,87.2,87.2,87.2,1,1
"bfplus_m","total","total","f","[65,Inf)",2.5,87.2,87.2,87.2,1,1
"bfplus_m","total","total","f","[65,Inf)",2.5333,87.2,87.2,87.2,1,1
"bfplus_m","total","total","f","[65,Inf)",2.5667,87.2,87.2,87.2,1,1
"bfplus_m","total","total","f","[65,Inf)",2.6,87.2,87.2,87.2,1,1
"bfplus_m","total","total","f","[65,Inf)",2.6333,87.2,87.2,87.2,1,1
"bfplus_m","total","total","f","[65,Inf)",2.6667,87.2,87.2,87.2,1,1
"bfplus_m","total","total","f","[65,Inf)",2.7,87.2,87.2,87.2,1,1
"bfplus_m","total","total","f","[65,Inf)",2.7333,87.2,87.2,87.2,1,1
"bfplus_m","total","total","f","[65,Inf)",2.7667,87.2,87.2,87.2,1,1
"bfplus_m","total","total","f","[65,Inf)",2.8,87.2,87.2,87.2,1,1
"bfplus_m","total","total","f","[65,Inf)",2.8333,87.2,87.2,87.2,1,1
"bfplus_m","total","total","f","[65,Inf)",2.8667,87.2,87.2,87.2,1,1
"bfplus_m","total","total","f","[65,Inf)",2.9,87.2,87.2,87.2,1,1
"bfplus_m","total","total","f","[65,Inf)",2.9333,87.2,87.2,87.2,1,1
"bfplus_m","total","total","f","[65,Inf)",2.9667,87.2,87.2,87.2,1,1
"bfplus_m","total","total","f","[65,Inf)",3,87.2,87.2,87.2,1,1
"bfplus_m","total","total","m","[18,35)",0,12.8,20,28.5,0,1
"bfplus_m","total","total","m","[18,35)",0.0333,21.6,20,30.1,0.0023,1
"bfplus_m","total","total","m","[18,35)",0.0667,24.9,20,32.5,0.006,0
"bfplus_m","total","total","m","[18,35)",0.1,27.6,22.7,34.4,0.0125,0
"bfplus_m","total","total","m","[18,35)",0.1333,27.6,24.9,35.8,0.0125,0
"bfplus_m","total","total","m","[18,35)",0.1667,28.6,26.4,37,0.0163,0
"bfplus_m","total","total","m","[18,35)",0.2,31.4,27.3,38.4,0.0316,0
"bfplus_m","total","total","m","[18,35)",0.2333,32.1,28,39.8,0.0366,0
"bfplus_m","total","total","m","[18,35)",0.2667,34.4,29.1,41,0.0598,0
"bfplus_m","total","total","m","[18,35)",0.3,35.2,30.6,41.9,0.0689,0
"bfplus_m","total","total","m","[18,35)",0.3333,36.5,31.6,42.9,0.0884,0
"bfplus_m","total","total","m","[18,35)",0.3667,37.5,32.7,43.7,0.1053,0
"bfplus_m","total","total","m","[18,35)",0.4,38.9,34.1,44.4,0.1343,0
"bfplus_m","total","total","m","[18,35)",0.4333,40.4,34.9,45.3,0.1692,0
"bfplus_m","total","total","m","[18,35)",0.4667,41.2,35.8,46.1,0.1889,0
"bfplus_m","total","total","m","[18,35)",0.5,42.2,36.7,47.1,0.2187,0
"bfplus_m","total","total","m","[18,35)",0.5333,43,37.6,48.1,0.2418,0
"bfplus_m","total","total","m","[18,35)",0.5667,43.8,38.8,49,0.2677,0
"bfplus_m","total","total","m","[18,35)",0.6,44.3,39.9,49.6,0.2852,0
"bfplus_m","total","total","m","[18,35)",0.6333,45.4,40.8,50.1,0.3239,0
"bfplus_m","total","total","m","[18,35)",0.6667,45.9,41.6,50.9,0.3408,0
"bfplus_m","total","total","m","[18,35)",0.7,47.1,42.4,52.1,0.3863,0
"bfplus_m","total","total","m","[18,35)",0.7333,48,43.1,53.1,0.4203,0
"bfplus_m","total","total","m","[18,35)",0.7667,48.9,43.8,54.3,0.4559,0
"bfplus_m","total","total","m","[18,35)",0.8,49.4,44.4,55.3,0.4771,0
"bfplus_m","total","total","m","[18,35)",0.8333,49.6,45.2,56.3,0.485,0
"bfplus_m","total","total","m","[18,35)",0.8667,50.5,45.9,57.2,0.5207,0
"bfplus_m","total","total","m","[18,35)",0.9,51.8,46.7,57.9,0.573,0
"bfplus_m","total","total","m","[18,35)",0.9333,52.8,47.5,58.8,0.6088,0
"bfplus_m","total","total","m","[18,35)",0.9667,54,48.3,59.5,0.6572,0
"bfplus_m","total","total","m","[18,35)",1,55,48.9,60.2,0.6921,0
"bfplus_m","total","total","m","[18,35)",1.0333,56,49.4,61.1,0.7243,0
"bfplus_m","total","total","m","[18,35)",1.0667,57.2,49.8,61.8,0.7629,0
"bfplus_m","total","total","m","[18,35)",1.1,57.7,50.5,62.5,0.7805,0
"bfplus_m","total","total","m","[18,35)",1.1333,59,51.5,63.3,0.8166,0
"bfplus_m","total","total","m","[18,35)",1.1667,59.4,52.4,64.2,0.827,0
"bfplus_m","total","total","m","[18,35)",1.2,60.5,53.3,65,0.8531,0
"bfplus_m","total","total","m","[18,35)",1.2333,61.4,54.2,65.7,0.8732,0
"bfplus_m","total","total","m","[18,35)",1.2667,62,55.1,66.4,0.8853,0
"bfplus_m","total","total","m","[18,35)",1.3,62.7,55.9,66.9,0.8975,0
"bfplus_m","total","total","m","[18,35)",1.3333,63.8,56.9,67.3,0.9156,0
"bfplus_m","total","total","m","[18,35)",1.3667,64.8,57.6,67.6,0.931,0
"bfplus_m","total","total","m","[18,35)",1.4,65.4,58.4,68,0.9382,0
"bfplus_m","total","total","m","[18,35)",1.4333,66.6,59.1,68.4,0.9512,0
"bfplus_m","total","total","m","[18,35)",1.4667,66.9,59.8,68.9,0.9544,0
"bfplus_m","total","total","m","[18,35)",1.5,67.1,60.7,69.4,0.9565,0
"bfplus_m","total","total","m","[18,35)",1.5333,67.1,61.5,70.4,0.9565,0
"bfplus_m","total","total","m","[18,35)",1.5667,67.6,62.1,71,0.9607,0
"bfplus_m","total","total","m","[18,35)",1.6,67.6,62.8,71.5,0.9607,0
"bfplus_m","total","total","m","[18,35)",1.6333,68.8,63.8,72.1,0.9696,0
"bfplus_m","total","total","m","[18,35)",1.6667,69.3,64.7,72.6,0.9733,0
"bfplus_m","total","total","m","[18,35)",1.7,71.1,65.4,72.6,0.9825,0
"bfplus_m","total","total","m","[18,35)",1.7333,71.1,65.9,73.2,0.9825,0
"bfplus_m","total","total","m","[18,35)",1.7667,71.1,66.3,73.4,0.9825,0
"bfplus_m","total","total","m","[18,35)",1.8,71.1,66.6,74,0.9825,0
"bfplus_m","total","total","m","[18,35)",1.8333,71.1,67,74.9,0.9825,0
"bfplus_m","total","total","m","[18,35)",1.8667,72.7,67.4,76,0.9883,0
"bfplus_m","total","total","m","[18,35)",1.9,72.7,68,81.1,0.9883,0
"bfplus_m","total","total","m","[18,35)",1.9333,72.7,68.6,87.2,0.9883,0
"bfplus_m","total","total","m","[18,35)",1.9667,72.7,69.2,87.2,0.9883,0
"bfplus_m","total","total","m","[18,35)",2,74.3,69.7,87.2,0.9925,0
"bfplus_m","total","total","m","[18,35)",2.0333,74.3,70.1,87.2,0.9925,0
"bfplus_m","total","total","m","[18,35)",2.0667,76.7,70.3,87.2,0.9962,1
"bfplus_m","total","total","m","[18,35)",2.1,87.2,70.6,87.2,1,1
"bfplus_m","total","total","m","[18,35)",2.1333,87.2,70.9,87.2,1,1
"bfplus_m","total","total","m","[18,35)",2.1667,87.2,71.2,87.2,1,1
"bfplus_m","total","total","m","[18,35)",2.2,87.2,71.5,87.2,1,1
"bfplus_m","total","total","m","[18,35)",2.2333,87.2,72,87.2,1,1
"bfplus_m","total","total","m","[18,35)",2.2667,87.2,72.4,87.2,1,1
"bfplus_m","total","total","m","[18,35)",2.3,87.2,73.4,87.2,1,1
"bfplus_m","total","total","m","[18,35)",2.3333,87.2,74.5,87.2,1,1
"bfplus_m","total","total","m","[18,35)",2.3667,87.2,76.8,87.2,1,1
"bfplus_m","total","total","m","[18,35)",2.4,87.2,82.3,87.2,1,1
"bfplus_m","total","total","m","[18,35)",2.4333,87.2,87.2,87.2,1,1
"bfplus_m","total","total","m","[18,35)",2.4667,87.2,87.2,87.2,1,1
"bfplus_m","total","total","m","[18,35)",2.5,87.2,87.2,87.2,1,1
"bfplus_m","total","total","m","[18,35)",2.5333,87.2,87.2,87.2,1,1
"bfplus_m","total","total","m","[18,35)",2.5667,87.2,87.2,87.2,1,1
"bfplus_m","total","total","m","[18,35)",2.6,87.2,87.2,87.2,1,1
"bfplus_m","total","total","m","[18,35)",2.6333,87.2,87.2,87.2,1,1
"bfplus_m","total","total","m","[18,35)",2.6667,87.2,87.2,87.2,1,1
"bfplus_m","total","total","m","[18,35)",2.7,87.2,87.2,87.2,1,1
"bfplus_m","total","total","m","[18,35)",2.7333,87.2,87.2,87.2,1,1
"bfplus_m","total","total","m","[18,35)",2.7667,87.2,87.2,87.2,1,1
"bfplus_m","total","total","m","[18,35)",2.8,87.2,87.2,87.2,1,1
"bfplus_m","total","total","m","[18,35)",2.8333,87.2,87.2,87.2,1,1
"bfplus_m","total","total","m","[18,35)",2.8667,87.2,87.2,87.2,1,1
"bfplus_m","total","total","m","[18,35)",2.9,87.2,87.2,87.2,1,1
"bfplus_m","total","total","m","[18,35)",2.9333,87.2,87.2,87.2,1,1
"bfplus_m","total","total","m","[18,35)",2.9667,87.2,87.2,87.2,1,1
"bfplus_m","total","total","m","[18,35)",3,87.2,87.2,87.2,1,1
"bfplus_m","total","total","m","[35,50)",0,23.3,23.1,30.6,0.0038,1
"bfplus_m","total","total","m","[35,50)",0.0333,27,24.3,33.2,0.0106,0
"bfplus_m","total","total","m","[35,50)",0.0667,29.1,25.7,35.4,0.0183,0
"bfplus_m","total","total","m","[35,50)",0.1,30.3,27.4,36.7,0.0242,0
"bfplus_m","total","total","m","[35,50)",0.1333,32.1,28.8,38.1,0.0368,0
"bfplus_m","total","total","m","[35,50)",0.1667,33,29.8,39.3,0.0444,0
"bfplus_m","total","total","m","[35,50)",0.2,34.7,30.7,40.3,0.0629,0
"bfplus_m","total","total","m","[35,50)",0.2333,36,31.9,41.7,0.0806,0
"bfplus_m","total","total","m","[35,50)",0.2667,36.7,32.8,43,0.092,0
"bfplus_m","total","total","m","[35,50)",0.3,38.1,33.8,44,0.1173,0
"bfplus_m","total","total","m","[35,50)",0.3333,39.1,35,44.9,0.1377,0
"bfplus_m","total","total","m","[35,50)",0.3667,39.9,35.9,45.7,0.1561,0
"bfplus_m","total","total","m","[35,50)",0.4,41,36.6,46.4,0.1846,0
"bfplus_m","total","total","m","[35,50)",0.4333,42.6,37.6,47.3,0.2287,0
"bfplus_m","total","total","m","[35,50)",0.4667,43.2,38.5,48.2,0.2492,0
"bfplus_m","total","total","m","[35,50)",0.5,44.4,39.2,48.9,0.2882,0
"bfplus_m","total","total","m","[35,50)",0.5333,45.2,39.9,49.8,0.3148,0
"bfplus_m","total","total","m","[35,50)",0.5667,45.8,40.8,50.7,0.3357,0
"bfplus_m","total","total","m","[35,50)",0.6,46.5,42,51.7,0.365,0
"bfplus_m","total","total","m","[35,50)",0.6333,47.6,42.9,52.5,0.4036,0
"bfplus_m","total","total","m","[35,50)",0.6667,48.3,43.7,53.3,0.4311,0
"bfplus_m","total","total","m","[35,50)",0.7,48.9,44.6,54,0.4558,0
"bfplus_m","total","total","m","[35,50)",0.7333,49.9,45.2,55,0.4951,0
"bfplus_m","total","total","m","[35,50)",0.7667,50.7,45.8,55.7,0.5297,0
"bfplus_m","total","total","m","[35,50)",0.8,51.6,46.4,56.4,0.5654,0
"bfplus_m","total","total","m","[35,50)",0.8333,52.4,47.3,57.1,0.5941,0
"bfplus_m","total","total","m","[35,50)",0.8667,53.2,48,58,0.6266,0
"bfplus_m","total","total","m","[35,50)",0.9,53.9,48.5,58.9,0.6502,0
"bfplus_m","total","total","m","[35,50)",0.9333,54.8,49.3,60,0.6842,0
"bfplus_m","total","total","m","[35,50)",0.9667,55.6,50.1,60.8,0.7136,0
"bfplus_m","total","total","m","[35,50)",1,56.3,50.8,61.7,0.7372,0
"bfplus_m","total","total","m","[35,50)",1.0333,57,51.6,62.6,0.7586,0
"bfplus_m","total","total","m","[35,50)",1.0667,58,52.3,63.4,0.787,0
"bfplus_m","total","total","m","[35,50)",1.1,58.9,53.1,64.2,0.8141,0
"bfplus_m","total","total","m","[35,50)",1.1333,60.2,53.7,65,0.8453,0
"bfplus_m","total","total","m","[35,50)",1.1667,60.7,54.4,66,0.8588,0
"bfplus_m","total","total","m","[35,50)",1.2,62,55.2,67.1,0.8851,0
"bfplus_m","total","total","m","[35,50)",1.2333,62.8,55.9,67.9,0.8989,0
"bfplus_m","total","total","m","[35,50)",1.2667,63.6,56.4,68.4,0.913,0
"bfplus_m","total","total","m","[35,50)",1.3,64.4,57.2,68.9,0.9256,0
"bfplus_m","total","total","m","[35,50)",1.3333,65.4,57.9,70,0.9388,0
"bfplus_m","total","total","m","[35,50)",1.3667,66.6,58.7,71.2,0.9518,0
"bfplus_m","total","total","m","[35,50)",1.4,68.1,59.8,72.3,0.9651,0
"bfplus_m","total","total","m","[35,50)",1.4333,68.1,60.5,73.7,0.9651,0
"bfplus_m","total","total","m","[35,50)",1.4667,68.4,61.3,75.1,0.9668,0
"bfplus_m","total","total","m","[35,50)",1.5,69.9,62.2,75.9,0.9765,0
"bfplus_m","total","total","m","[35,50)",1.5333,71.5,62.9,76.8,0.9843,0
"bfplus_m","total","total","m","[35,50)",1.5667,72.1,63.7,77.8,0.9864,0
"bfplus_m","total","total","m","[35,50)",1.6,74.5,64.5,78.8,0.9929,0
"bfplus_m","total","total","m","[35,50)",1.6333,75.8,65.4,81.1,0.9951,1
"bfplus_m","total","total","m","[35,50)",1.6667,77,66.4,85.5,0.9965,1
"bfplus_m","total","total","m","[35,50)",1.7,77,67.4,87.2,0.9965,1
"bfplus_m","total","total","m","[35,50)",1.7333,79.7,67.9,87.2,0.9985,1
"bfplus_m","total","total","m","[35,50)",1.7667,79.7,68.3,87.2,0.9985,1
"bfplus_m","total","total","m","[35,50)",1.8,87.2,69.1,87.2,1,1
"bfplus_m","total","total","m","[35,50)",1.8333,87.2,70.2,87.2,1,1
"bfplus_m","total","total","m","[35,50)",1.8667,87.2,71.3,87.2,1,1
"bfplus_m","total","total","m","[35,50)",1.9,87.2,72.4,87.2,1,1
"bfplus_m","total","total","m","[35,50)",1.9333,87.2,73.8,87.2,1,1
"bfplus_m","total","total","m","[35,50)",1.9667,87.2,74.8,87.2,1,1
"bfplus_m","total","total","m","[35,50)",2,87.2,75.5,87.2,1,1
"bfplus_m","total","total","m","[35,50)",2.0333,87.2,76.1,87.2,1,1
"bfplus_m","total","total","m","[35,50)",2.0667,87.2,77,87.2,1,1
"bfplus_m","total","total","m","[35,50)",2.1,87.2,78.1,87.2,1,1
"bfplus_m","total","total","m","[35,50)",2.1333,87.2,79.6,87.2,1,1
"bfplus_m","total","total","m","[35,50)",2.1667,87.2,83.1,87.2,1,1
"bfplus_m","total","total","m","[35,50)",2.2,87.2,87,87.2,1,1
"bfplus_m","total","total","m","[35,50)",2.2333,87.2,87.2,87.2,1,1
"bfplus_m","total","total","m","[35,50)",2.2667,87.2,87.2,87.2,1,1
"bfplus_m","total","total","m","[35,50)",2.3,87.2,87.2,87.2,1,1
"bfplus_m","total","total","m","[35,50)",2.3333,87.2,87.2,87.2,1,1
"bfplus_m","total","total","m","[35,50)",2.3667,87.2,87.2,87.2,1,1
"bfplus_m","total","total","m","[35,50)",2.4,87.2,87.2,87.2,1,1
"bfplus_m","total","total","m","[35,50)",2.4333,87.2,87.2,87.2,1,1
"bfplus_m","total","total","m","[35,50)",2.4667,87.2,87.2,87.2,1,1
"bfplus_m","total","total","m","[35,50)",2.5,87.2,87.2,87.2,1,1
"bfplus_m","total","total","m","[35,50)",2.5333,87.2,87.2,87.2,1,1
"bfplus_m","total","total","m","[35,50)",2.5667,87.2,87.2,87.2,1,1
"bfplus_m","total","total","m","[35,50)",2.6,87.2,87.2,87.2,1,1
"bfplus_m","total","total","m","[35,50)",2.6333,87.2,87.2,87.2,1,1
"bfplus_m","total","total","m","[35,50)",2.6667,87.2,87.2,87.2,1,1
"bfplus_m","total","total","m","[35,50)",2.7,87.2,87.2,87.2,1,1
"bfplus_m","total","total","m","[35,50)",2.7333,87.2,87.2,87.2,1,1
"bfplus_m","total","total","m","[35,50)",2.7667,87.2,87.2,87.2,1,1
"bfplus_m","total","total","m","[35,50)",2.8,87.2,87.2,87.2,1,1
"bfplus_m","total","total","m","[35,50)",2.8333,87.2,87.2,87.2,1,1
"bfplus_m","total","total","m","[35,50)",2.8667,87.2,87.2,87.2,1,1
"bfplus_m","total","total","m","[35,50)",2.9,87.2,87.2,87.2,1,1
"bfplus_m","total","total","m","[35,50)",2.9333,87.2,87.2,87.2,1,1
"bfplus_m","total","total","m","[35,50)",2.9667,87.2,87.2,87.2,1,1
"bfplus_m","total","total","m","[35,50)",3,87.2,87.2,87.2,1,1
"bfplus_m","total","total","m","[50,65)",0,22.6,22.5,31.8,0.003,1
"bfplus_m","total","total","m","[50,65)",0.0333,28.1,24.2,34.6,0.0142,0
"bfplus_m","total","total","m","[50,65)",0.0667,29.7,26,36.3,0.0211,0
"bfplus_m","total","total","m","[50,65)",0.1,31.5,28.3,37.9,0.0323,0
"bfplus_m","total","total","m","[50,65)",0.1333,33.1,29.4,39.3,0.0455,0
"bfplus_m","total","total","m","[50,65)",0.1667,34.6,30.5,40.8,0.062,0
"bfplus_m","total","total","m","[50,65)",0.2,35.7,31.8,42.2,0.076,0
"bfplus_m","total","total","m","[50,65)",0.2333,37,33,43.4,0.0966,0
"bfplus_m","total","total","m","[50,65)",0.2667,38.1,34.1,44.5,0.1173,0
"bfplus_m","total","total","m","[50,65)",0.3,39.3,35.1,45.7,0.1413,0
"bfplus_m","total","total","m","[50,65)",0.3333,40.6,36,46.7,0.1741,0
"bfplus_m","total","total","m","[50,65)",0.3667,41.9,37,47.7,0.2078,0
"bfplus_m","total","total","m","[50,65)",0.4,43.1,37.9,48.7,0.2444,0
"bfplus_m","total","total","m","[50,65)",0.4333,44,38.7,49.7,0.2748,0
"bfplus_m","total","total","m","[50,65)",0.4667,45.2,39.7,50.6,0.3161,0
"bfplus_m","total","total","m","[50,65)",0.5,46.3,40.8,51.3,0.3543,0
"bfplus_m","total","total","m","[50,65)",0.5333,47.1,41.7,52.1,0.3849,0
"bfplus_m","total","total","m","[50,65)",0.5667,48,42.7,52.9,0.4226,0
"bfplus_m","total","total","m","[50,65)",0.6,49.1,43.6,53.6,0.4625,0
"bfplus_m","total","total","m","[50,65)",0.6333,50,44.4,54.4,0.4988,0
"bfplus_m","total","total","m","[50,65)",0.6667,50.8,45.4,55.2,0.5328,0
"bfplus_m","total","total","m","[50,65)",0.7,51.6,46.3,56,0.5655,0
"bfplus_m","total","total","m","[50,65)",0.7333,52.2,47,56.7,0.5879,0
"bfplus_m","total","total","m","[50,65)",0.7667,53.1,47.8,57.6,0.6203,0
"bfplus_m","total","total","m","[50,65)",0.8,53.8,48.7,58.7,0.6464,0
"bfplus_m","total","total","m","[50,65)",0.8333,54.5,49.6,59.7,0.6747,0
"bfplus_m","total","total","m","[50,65)",0.8667,55.3,50.3,60.7,0.7012,0
"bfplus_m","total","total","m","[50,65)",0.9,56,51.1,61.7,0.7254,0
"bfplus_m","total","total","m","[50,65)",0.9333,56.8,51.8,62.7,0.7513,0
"bfplus_m","total","total","m","[50,65)",0.9667,57.5,52.4,63.6,0.7733,0
"bfplus_m","total","total","m","[50,65)",1,58.8,53.1,64.2,0.8097,0
"bfplus_m","total","total","m","[50,65)",1.0333,59.8,53.7,65.1,0.8357,0
"bfplus_m","total","total","m","[50,65)",1.0667,60.9,54.4,66.1,0.8627,0
"bfplus_m","total","total","m","[50,65)",1.1,61.8,55,66.8,0.8816,0
"bfplus_m","total","total","m","[50,65)",1.1333,63.1,55.6,67.6,0.9048,0
"bfplus_m","total","total","m","[50,65)",1.1667,63.8,56.3,68.1,0.9166,0
"bfplus_m","total","total","m","[50,65)",1.2,64.6,56.9,68.7,0.9279,0
"bfplus_m","total","total","m","[50,65)",1.2333,65.9,57.7,69.4,0.9438,0
"bfplus_m","total","total","m","[50,65)",1.2667,66.5,58.6,70.6,0.9507,0
"bfplus_m","total","total","m","[50,65)",1.3,67.5,59.5,71.7,0.96,0
"bfplus_m","total","total","m","[50,65)",1.3333,67.9,60.4,72.7,0.9636,0
"bfplus_m","total","total","m","[50,65)",1.3667,68.5,61.3,73.9,0.9677,0
"bfplus_m","total","total","m","[50,65)",1.4,69.2,62.1,75.8,0.9728,0
"bfplus_m","total","total","m","[50,65)",1.4333,70.7,63.2,77.2,0.981,0
"bfplus_m","total","total","m","[50,65)",1.4667,71.9,63.9,78.2,0.9859,0
"bfplus_m","total","total","m","[50,65)",1.5,72.6,64.6,80.8,0.9881,0
"bfplus_m","total","total","m","[50,65)",1.5333,74.1,65.7,86.4,0.9921,0
"bfplus_m","total","total","m","[50,65)",1.5667,77.5,66.5,87.2,0.997,1
"bfplus_m","total","total","m","[50,65)",1.6,77.5,67.1,87.2,0.997,1
"bfplus_m","total","total","m","[50,65)",1.6333,77.5,67.7,87.2,0.997,1
"bfplus_m","total","total","m","[50,65)",1.6667,87.2,68.2,87.2,1,1
"bfplus_m","total","total","m","[50,65)",1.7,87.2,68.9,87.2,1,1
"bfplus_m","total","total","m","[50,65)",1.7333,87.2,69.8,87.2,1,1
"bfplus_m","total","total","m","[50,65)",1.7667,87.2,70.9,87.2,1,1
"bfplus_m","total","total","m","[50,65)",1.8,87.2,71.8,87.2,1,1
"bfplus_m","total","total","m","[50,65)",1.8333,87.2,72.6,87.2,1,1
"bfplus_m","total","total","m","[50,65)",1.8667,87.2,73.7,87.2,1,1
"bfplus_m","total","total","m","[50,65)",1.9,87.2,75.5,87.2,1,1
"bfplus_m","total","total","m","[50,65)",1.9333,87.2,76.5,87.2,1,1
"bfplus_m","total","total","m","[50,65)",1.9667,87.2,77.2,87.2,1,1
"bfplus_m","total","total","m","[50,65)",2,87.2,78.3,87.2,1,1
"bfplus_m","total","total","m","[50,65)",2.0333,87.2,82.2,87.2,1,1
"bfplus_m","total","total","m","[50,65)",2.0667,87.2,86.9,87.2,1,1
"bfplus_m","total","total","m","[50,65)",2.1,87.2,87.2,87.2,1,1
"bfplus_m","total","total","m","[50,65)",2.1333,87.2,87.2,87.2,1,1
"bfplus_m","total","total","m","[50,65)",2.1667,87.2,87.2,87.2,1,1
"bfplus_m","total","total","m","[50,65)",2.2,87.2,87.2,87.2,1,1
"bfplus_m","total","total","m","[50,65)",2.2333,87.2,87.2,87.2,1,1
"bfplus_m","total","total","m","[50,65)",2.2667,87.2,87.2,87.2,1,1
"bfplus_m","total","total","m","[50,65)",2.3,87.2,87.2,87.2,1,1
"bfplus_m","total","total","m","[50,65)",2.3333,87.2,87.2,87.2,1,1
"bfplus_m","total","total","m","[50,65)",2.3667,87.2,87.2,87.2,1,1
"bfplus_m","total","total","m","[50,65)",2.4,87.2,87.2,87.2,1,1
"bfplus_m","total","total","m","[50,65)",2.4333,87.2,87.2,87.2,1,1
"bfplus_m","total","total","m","[50,65)",2.4667,87.2,87.2,87.2,1,1
"bfplus_m","total","total","m","[50,65)",2.5,87.2,87.2,87.2,1,1
"bfplus_m","total","total","m","[50,65)",2.5333,87.2,87.2,87.2,1,1
"bfplus_m","total","total","m","[50,65)",2.5667,87.2,87.2,87.2,1,1
"bfplus_m","total","total","m","[50,65)",2.6,87.2,87.2,87.2,1,1
"bfplus_m","total","total","m","[50,65)",2.6333,87.2,87.2,87.2,1,1
"bfplus_m","total","total","m","[50,65)",2.6667,87.2,87.2,87.2,1,1
"bfplus_m","total","total","m","[50,65)",2.7,87.2,87.2,87.2,1,1
"bfplus_m","total","total","m","[50,65)",2.7333,87.2,87.2,87.2,1,1
"bfplus_m","total","total","m","[50,65)",2.7667,87.2,87.2,87.2,1,1
"bfplus_m","total","total","m","[50,65)",2.8,87.2,87.2,87.2,1,1
"bfplus_m","total","total","m","[50,65)",2.8333,87.2,87.2,87.2,1,1
"bfplus_m","total","total","m","[50,65)",2.8667,87.2,87.2,87.2,1,1
"bfplus_m","total","total","m","[50,65)",2.9,87.2,87.2,87.2,1,1
"bfplus_m","total","total","m","[50,65)",2.9333,87.2,87.2,87.2,1,1
"bfplus_m","total","total","m","[50,65)",2.9667,87.2,87.2,87.2,1,1
"bfplus_m","total","total","m","[50,65)",3,87.2,87.2,87.2,1,1
"bfplus_m","total","total","m","[65,Inf)",0,26.9,26.3,31.1,0.0104,0
"bfplus_m","total","total","m","[65,Inf)",0.0333,28.5,26.9,32.9,0.016,0
"bfplus_m","total","total","m","[65,Inf)",0.0667,30.4,27.7,35.3,0.0252,0
"bfplus_m","total","total","m","[65,Inf)",0.1,31.3,28.8,37.1,0.0306,0
"bfplus_m","total","total","m","[65,Inf)",0.1333,31.8,30,38.4,0.0345,0
"bfplus_m","total","total","m","[65,Inf)",0.1667,32.6,30.9,39.7,0.0406,0
"bfplus_m","total","total","m","[65,Inf)",0.2,34.4,31.4,40.7,0.0593,0
"bfplus_m","total","total","m","[65,Inf)",0.2333,35.7,31.9,42.1,0.0762,0
"bfplus_m","total","total","m","[65,Inf)",0.2667,37.2,32.5,43.4,0.0995,0
"bfplus_m","total","total","m","[65,Inf)",0.3,38.2,33.6,44.3,0.1183,0
"bfplus_m","total","total","m","[65,Inf)",0.3333,39.5,34.7,45.2,0.1459,0
"bfplus_m","total","total","m","[65,Inf)",0.3667,40.2,35.8,46.1,0.1625,0
"bfplus_m","total","total","m","[65,Inf)",0.4,41.5,36.9,47,0.1968,0
"bfplus_m","total","total","m","[65,Inf)",0.4333,42.9,37.7,48,0.2393,0
"bfplus_m","total","total","m","[65,Inf)",0.4667,43.9,38.7,48.8,0.2718,0
"bfplus_m","total","total","m","[65,Inf)",0.5,44.5,39.5,49.7,0.2921,0
"bfplus_m","total","total","m","[65,Inf)",0.5333,45.5,40.3,50.6,0.3273,0
"bfplus_m","total","total","m","[65,Inf)",0.5667,46.3,41.2,51.6,0.3561,0
"bfplus_m","total","total","m","[65,Inf)",0.6,47.3,42.4,52.4,0.3917,0
"bfplus_m","total","total","m","[65,Inf)",0.6333,48.1,43.4,53.5,0.4253,0
"bfplus_m","total","total","m","[65,Inf)",0.6667,48.8,44.1,54.5,0.453,0
"bfplus_m","total","total","m","[65,Inf)",0.7,49.7,44.8,55.4,0.4882,0
"bfplus_m","total","total","m","[65,Inf)",0.7333,50.7,45.6,56.2,0.5283,0
"bfplus_m","total","total","m","[65,Inf)",0.7667,51.5,46.3,57,0.5615,0
"bfplus_m","total","total","m","[65,Inf)",0.8,52.4,47.1,57.9,0.5931,0
"bfplus_m","total","total","m","[65,Inf)",0.8333,53.4,47.9,58.6,0.6347,0
"bfplus_m","total","total","m","[65,Inf)",0.8667,54.4,48.6,59.8,0.6694,0
"bfplus_m","total","total","m","[65,Inf)",0.9,55.3,49.2,61.6,0.7027,0
"bfplus_m","total","total","m","[65,Inf)",0.9333,56.1,50.1,63,0.7291,0
"bfplus_m","total","total","m","[65,Inf)",0.9667,57,50.9,63.9,0.759,0
"bfplus_m","total","total","m","[65,Inf)",1,58,51.6,64.6,0.7886,0
"bfplus_m","total","total","m","[65,Inf)",1.0333,58.5,52.4,65.2,0.8011,0
"bfplus_m","total","total","m","[65,Inf)",1.0667,59.9,53.1,65.9,0.8395,0
"bfplus_m","total","total","m","[65,Inf)",1.1,62.1,54,66.7,0.8877,0
"bfplus_m","total","total","m","[65,Inf)",1.1333,63.4,54.8,67.5,0.9102,0
"bfplus_m","total","total","m","[65,Inf)",1.1667,64.1,55.6,68.1,0.9206,0
"bfplus_m","total","total","m","[65,Inf)",1.2,65,56.3,69.5,0.933,0
"bfplus_m","total","total","m","[65,Inf)",1.2333,65.5,57,70.7,0.9393,0
"bfplus_m","total","total","m","[65,Inf)",1.2667,66.6,57.8,71.5,0.9519,0
"bfplus_m","total","total","m","[65,Inf)",1.3,67.2,58.3,72.1,0.9573,0
"bfplus_m","total","total","m","[65,Inf)",1.3333,68,59.2,73.3,0.9643,0
"bfplus_m","total","total","m","[65,Inf)",1.3667,69.9,60.7,74.5,0.9769,0
"bfplus_m","total","total","m","[65,Inf)",1.4,71,62.4,75.4,0.9821,0
"bfplus_m","total","total","m","[65,Inf)",1.4333,71.8,63.4,76.1,0.9852,0
"bfplus_m","total","total","m","[65,Inf)",1.4667,72.2,64,76.7,0.9867,0
"bfplus_m","total","total","m","[65,Inf)",1.5,74.4,64.7,77.5,0.9926,0
"bfplus_m","total","total","m","[65,Inf)",1.5333,75.3,65.4,79,0.9943,0
"bfplus_m","total","total","m","[65,Inf)",1.5667,76.1,66.1,81.1,0.9955,1
"bfplus_m","total","total","m","[65,Inf)",1.6,76.1,66.9,82.6,0.9955,1
"bfplus_m","total","total","m","[65,Inf)",1.6333,77.2,67.6,85.4,0.9967,1
"bfplus_m","total","total","m","[65,Inf)",1.6667,79.2,68.7,87.2,0.9983,1
"bfplus_m","total","total","m","[65,Inf)",1.7,82.2,70,87.2,0.9994,1
"bfplus_m","total","total","m","[65,Inf)",1.7333,82.2,70.8,87.2,0.9994,1
"bfplus_m","total","total","m","[65,Inf)",1.7667,87.2,71.5,87.2,1,1
"bfplus_m","total","total","m","[65,Inf)",1.8,87.2,72.4,87.2,1,1
"bfplus_m","total","total","m","[65,Inf)",1.8333,87.2,73.6,87.2,1,1
"bfplus_m","total","total","m","[65,Inf)",1.8667,87.2,74.5,87.2,1,1
"bfplus_m","total","total","m","[65,Inf)",1.9,87.2,75,87.2,1,1
"bfplus_m","total","total","m","[65,Inf)",1.9333,87.2,75.7,87.2,1,1
"bfplus_m","total","total","m","[65,Inf)",1.9667,87.2,76.3,87.2,1,1
"bfplus_m","total","total","m","[65,Inf)",2,87.2,77.3,87.2,1,1
"bfplus_m","total","total","m","[65,Inf)",2.0333,87.2,78.9,87.2,1,1
"bfplus_m","total","total","m","[65,Inf)",2.0667,87.2,80.6,87.2,1,1
"bfplus_m","total","total","m","[65,Inf)",2.1,87.2,82.1,87.2,1,1
"bfplus_m","total","total","m","[65,Inf)",2.1333,87.2,84.2,87.2,1,1
"bfplus_m","total","total","m","[65,Inf)",2.1667,87.2,87.1,87.2,1,1
"bfplus_m","total","total","m","[65,Inf)",2.2,87.2,87.2,87.2,1,1
"bfplus_m","total","total","m","[65,Inf)",2.2333,87.2,87.2,87.2,1,1
"bfplus_m","total","total","m","[65,Inf)",2.2667,87.2,87.2,87.2,1,1
"bfplus_m","total","total","m","[65,Inf)",2.3,87.2,87.2,87.2,1,1
"bfplus_m","total","total","m","[65,Inf)",2.3333,87.2,87.2,87.2,1,1
"bfplus_m","total","total","m","[65,Inf)",2.3667,87.2,87.2,87.2,1,1
"bfplus_m","total","total","m","[65,Inf)",2.4,87.2,87.2,87.2,1,1
"bfplus_m","total","total","m","[65,Inf)",2.4333,87.2,87.2,87.2,1,1
"bfplus_m","total","total","m","[65,Inf)",2.4667,87.2,87.2,87.2,1,1
"bfplus_m","total","total","m","[65,Inf)",2.5,87.2,87.2,87.2,1,1
"bfplus_m","total","total","m","[65,Inf)",2.5333,87.2,87.2,87.2,1,1
"bfplus_m","total","total","m","[65,Inf)",2.5667,87.2,87.2,87.2,1,1
"bfplus_m","total","total","m","[65,Inf)",2.6,87.2,87.2,87.2,1,1
"bfplus_m","total","total","m","[65,Inf)",2.6333,87.2,87.2,87.2,1,1
"bfplus_m","total","total","m","[65,Inf)",2.6667,87.2,87.2,87.2,1,1
"bfplus_m","total","total","m","[65,Inf)",2.7,87.2,87.2,87.2,1,1
"bfplus_m","total","total","m","[65,Inf)",2.7333,87.2,87.2,87.2,1,1
"bfplus_m","total","total","m","[65,Inf)",2.7667,87.2,87.2,87.2,1,1
"bfplus_m","total","total","m","[65,Inf)",2.8,87.2,87.2,87.2,1,1
"bfplus_m","total","total","m","[65,Inf)",2.8333,87.2,87.2,87.2,1,1
"bfplus_m","total","total","m","[65,Inf)",2.8667,87.2,87.2,87.2,1,1
"bfplus_m","total","total","m","[65,Inf)",2.9,87.2,87.2,87.2,1,1
"bfplus_m","total","total","m","[65,Inf)",2.9333,87.2,87.2,87.2,1,1
"bfplus_m","total","total","m","[65,Inf)",2.9667,87.2,87.2,87.2,1,1
"bfplus_m","total","total","m","[65,Inf)",3,87.2,87.2,87.2,1,1
